{"timestamp":"2026-08-02 11:54:29","level":"INFO","logger":"org.springframework.test.context.support.AnnotationConfigContextLoaderUtils","message":"Could not detect default configuration classes for test class [com.alif.analytics.AnalyticsApplicationTests]: AnalyticsApplicationTests does not declare any static, non-private, non-final, nested classes annotated with @Configuration."}{"timestamp":"2026-08-02 11:54:29","level":"INFO","logger":"org.springframework.boot.test.context.SpringBootTestContextBootstrapper","message":"Found @SpringBootConfiguration com.alif.analytics.AnalyticsApplication for test class com.alif.analytics.AnalyticsApplicationTests"}{"timestamp":"2026-08-02 11:54:29","level":"INFO","logger":"org.springframework.test.context.support.AnnotationConfigContextLoaderUtils","message":"Could not detect default configuration classes for test class [com.alif.analytics.AnalyticsApplicationTests]: AnalyticsApplicationTests does not declare any static, non-private, non-final, nested classes annotated with @Configuration."}{"timestamp":"2026-08-02 11:54:29","level":"INFO","logger":"org.springframework.boot.test.context.SpringBootTestContextBootstrapper","message":"Found @SpringBootConfiguration com.alif.analytics.AnalyticsApplication for test class com.alif.analytics.AnalyticsApplicationTests"}{"timestamp":"2026-08-02 11:54:29","level":"INFO","logger":"org.springframework.boot.devtools.restart.RestartApplicationListener","message":"Restart disabled due to context in which it is running"}{"timestamp":"2026-08-02 11:54:30","level":"INFO","logger":"com.alif.analytics.AnalyticsApplicationTests","message":"Starting AnalyticsApplicationTests using Java 26.0.1 with PID 15704 (started by USER in C:\Users\USER\Documents\springboot\analytics\backend)"}{"timestamp":"2026-08-02 11:54:30","level":"INFO","logger":"com.alif.analytics.AnalyticsApplicationTests","message":"No active profile set, falling back to 1 default profile: "default""}{"timestamp":"2026-08-02 11:54:30","level":"INFO","logger":"org.hibernate.validator.internal.util.Version","message":"HV000001: Hibernate Validator 9.1.0.Final"}{"timestamp":"2026-08-02 11:54:31","level":"INFO","logger":"org.springframework.data.repository.config.RepositoryConfigurationDelegate","message":"Bootstrapping Spring Data JPA repositories in DEFAULT mode."}{"timestamp":"2026-08-02 11:54:31","level":"INFO","logger":"org.springframework.data.repository.config.RepositoryConfigurationDelegate","message":"Finished Spring Data repository scanning in 81 ms. Found 2 JPA repository interfaces."}{"timestamp":"2026-08-02 11:54:32","level":"INFO","logger":"com.zaxxer.hikari.HikariDataSource","message":"HikariPool-1 - Starting..."}{"timestamp":"2026-08-02 11:54:34","level":"INFO","logger":"org.hibernate.orm.jpa","message":"HHH008540: Processing PersistenceUnitInfo [name: default]"}{"timestamp":"2026-08-02 11:54:34","level":"INFO","logger":"org.hibernate.orm.core","message":"HHH000001: Hibernate ORM core version 7.4.1.Final"}{"timestamp":"2026-08-02 11:54:35","level":"INFO","logger":"org.springframework.orm.jpa.persistenceunit.SpringPersistenceUnitInfo","message":"No LoadTimeWeaver setup: ignoring JPA class transformer"}{"timestamp":"2026-08-02 11:54:35","level":"INFO","logger":"com.zaxxer.hikari.HikariDataSource","message":"HikariPool-1 - Starting..."}{"timestamp":"2026-08-02 11:54:36","level":"WARN","logger":"org.hibernate.orm.jdbc.error","message":"HHH000247: ErrorCode: 1049, SQLState: 42000"}{"timestamp":"2026-08-02 11:54:36","level":"WARN","logger":"org.hibernate.orm.jdbc.error","message":"Unknown database 'analytics'"}{"timestamp":"2026-08-02 11:54:36","level":"WARN","logger":"org.hibernate.orm.jdbc","message":"HHH100046: Could not obtain connection to query JDBC database metadata"}org.hibernate.exception.SQLGrammarException: Unable to obtain isolated JDBC connection [Unknown database 'analytics'] [n/a]
	at org.hibernate.exception.internal.SQLStateConversionDelegate.convert(SQLStateConversionDelegate.java:63)
	at org.hibernate.exception.internal.StandardSQLExceptionConverter.convert(StandardSQLExceptionConverter.java:34)
	at org.hibernate.engine.jdbc.spi.SqlExceptionHelper.convert(SqlExceptionHelper.java:115)
	at org.hibernate.engine.jdbc.spi.SqlExceptionHelper.convert(SqlExceptionHelper.java:101)
	at org.hibernate.resource.transaction.backend.jdbc.internal.JdbcIsolationDelegate.delegateWork(JdbcIsolationDelegate.java:51)
	at org.hibernate.engine.jdbc.env.internal.JdbcEnvironmentInitiator.getJdbcEnvironmentUsingJdbcMetadata(JdbcEnvironmentInitiator.java:366)
	at org.hibernate.engine.jdbc.env.internal.JdbcEnvironmentInitiator.getJdbcEnvironment(JdbcEnvironmentInitiator.java:143)
	at org.hibernate.engine.jdbc.env.internal.JdbcEnvironmentInitiator.initiateService(JdbcEnvironmentInitiator.java:120)
	at org.hibernate.engine.jdbc.env.internal.JdbcEnvironmentInitiator.initiateService(JdbcEnvironmentInitiator.java:80)
	at org.hibernate.boot.registry.internal.StandardServiceRegistryImpl.initiateService(StandardServiceRegistryImpl.java:133)
	at org.hibernate.service.internal.AbstractServiceRegistryImpl.createService(AbstractServiceRegistryImpl.java:260)
	at org.hibernate.service.internal.AbstractServiceRegistryImpl.initializeService(AbstractServiceRegistryImpl.java:235)
	at org.hibernate.service.internal.AbstractServiceRegistryImpl.getService(AbstractServiceRegistryImpl.java:212)
	at org.hibernate.boot.model.relational.Database.<init>(Database.java:44)
	at org.hibernate.boot.internal.InFlightMetadataCollectorImpl.getDatabase(InFlightMetadataCollectorImpl.java:251)
	at org.hibernate.boot.internal.InFlightMetadataCollectorImpl.<init>(InFlightMetadataCollectorImpl.java:203)
	at org.hibernate.boot.model.process.spi.MetadataBuildingProcess.complete(MetadataBuildingProcess.java:180)
	at org.hibernate.jpa.boot.internal.EntityManagerFactoryBuilderImpl.metadata(EntityManagerFactoryBuilderImpl.java:1388)
	at org.hibernate.jpa.boot.internal.EntityManagerFactoryBuilderImpl.populateSessionFactoryBuilder(EntityManagerFactoryBuilderImpl.java:1468)
	at org.hibernate.jpa.boot.internal.EntityManagerFactoryBuilderImpl.build(EntityManagerFactoryBuilderImpl.java:1450)
	at org.springframework.orm.jpa.vendor.SpringHibernateJpaPersistenceProvider.createContainerEntityManagerFactory(SpringHibernateJpaPersistenceProvider.java:93)
	at org.springframework.orm.jpa.LocalContainerEntityManagerFactoryBean.createNativeEntityManagerFactory(LocalContainerEntityManagerFactoryBean.java:443)
	at org.springframework.orm.jpa.AbstractEntityManagerFactoryBean.buildNativeEntityManagerFactory(AbstractEntityManagerFactoryBean.java:436)
	at org.springframework.orm.jpa.AbstractEntityManagerFactoryBean.afterPropertiesSet(AbstractEntityManagerFactoryBean.java:411)
	at org.springframework.orm.jpa.LocalContainerEntityManagerFactoryBean.afterPropertiesSet(LocalContainerEntityManagerFactoryBean.java:419)
	at org.springframework.beans.factory.support.AbstractAutowireCapableBeanFactory.invokeInitMethods(AbstractAutowireCapableBeanFactory.java:1862)
	at org.springframework.beans.factory.support.AbstractAutowireCapableBeanFactory.initializeBean(AbstractAutowireCapableBeanFactory.java:1811)
	at org.springframework.beans.factory.support.AbstractAutowireCapableBeanFactory.doCreateBean(AbstractAutowireCapableBeanFactory.java:603)
	at org.springframework.beans.factory.support.AbstractAutowireCapableBeanFactory.createBean(AbstractAutowireCapableBeanFactory.java:525)
	at org.springframework.beans.factory.support.AbstractBeanFactory.lambda$doGetBean$0(AbstractBeanFactory.java:333)
	at org.springframework.beans.factory.support.DefaultSingletonBeanRegistry.getSingleton(DefaultSingletonBeanRegistry.java:371)
	at org.springframework.beans.factory.support.AbstractBeanFactory.doGetBean(AbstractBeanFactory.java:331)
	at org.springframework.beans.factory.support.AbstractBeanFactory.getBean(AbstractBeanFactory.java:201)
	at org.springframework.context.support.AbstractApplicationContext.finishBeanFactoryInitialization(AbstractApplicationContext.java:977)
	at org.springframework.context.support.AbstractApplicationContext.refresh(AbstractApplicationContext.java:621)
	at org.springframework.boot.SpringApplication.refresh(SpringApplication.java:756)
	at org.springframework.boot.SpringApplication.refreshContext(SpringApplication.java:445)
	at org.springframework.boot.SpringApplication.run(SpringApplication.java:321)
	at org.springframework.boot.test.context.SpringBootContextLoader.lambda$loadContext$2(SpringBootContextLoader.java:155)
	at org.springframework.util.function.ThrowingSupplier.get(ThrowingSupplier.java:58)
	at org.springframework.util.function.ThrowingSupplier.get(ThrowingSupplier.java:46)
	at org.springframework.boot.SpringApplication.withHook(SpringApplication.java:1465)
	at org.springframework.boot.test.context.SpringBootContextLoader$ContextLoaderHook.run(SpringBootContextLoader.java:600)
	at org.springframework.boot.test.context.SpringBootContextLoader.loadContext(SpringBootContextLoader.java:155)
	at org.springframework.boot.test.context.SpringBootContextLoader.loadContext(SpringBootContextLoader.java:114)
	at org.springframework.test.context.cache.DefaultCacheAwareContextLoaderDelegate.loadContextInternal(DefaultCacheAwareContextLoaderDelegate.java:247)
	at org.springframework.test.context.cache.DefaultCacheAwareContextLoaderDelegate.lambda$loadContext$0(DefaultCacheAwareContextLoaderDelegate.java:167)
	at org.springframework.test.context.cache.DefaultContextCache.put(DefaultContextCache.java:214)
	at org.springframework.test.context.cache.DefaultCacheAwareContextLoaderDelegate.loadContext(DefaultCacheAwareContextLoaderDelegate.java:160)
	at org.springframework.test.context.support.DefaultTestContext.getApplicationContext(DefaultTestContext.java:128)
	at org.springframework.test.context.web.ServletTestExecutionListener.setUpRequestContextIfNecessary(ServletTestExecutionListener.java:200)
	at org.springframework.test.context.web.ServletTestExecutionListener.prepareTestInstance(ServletTestExecutionListener.java:139)
	at org.springframework.test.context.TestContextManager.prepareTestInstance(TestContextManager.java:260)
	at org.springframework.test.context.junit.jupiter.SpringExtension.postProcessTestInstance(SpringExtension.java:242)
	at org.junit.jupiter.engine.descriptor.ClassBasedTestDescriptor.lambda$invokeTestInstancePostProcessors$1(ClassBasedTestDescriptor.java:423)
	at org.junit.jupiter.engine.descriptor.ClassBasedTestDescriptor.executeAndMaskThrowable(ClassBasedTestDescriptor.java:428)
	at org.junit.jupiter.engine.descriptor.ClassBasedTestDescriptor.lambda$invokeTestInstancePostProcessors$0(ClassBasedTestDescriptor.java:422)
	at java.base/java.util.stream.ForEachOps$ForEachOp$OfRef.accept(ForEachOps.java:186)
	at java.base/java.util.stream.ReferencePipeline$3$1.accept(ReferencePipeline.java:214)
	at java.base/java.util.stream.ReferencePipeline$2$1.accept(ReferencePipeline.java:197)
	at java.base/java.util.stream.ReferencePipeline$3$1.accept(ReferencePipeline.java:214)
	at java.base/java.util.ArrayList$ArrayListSpliterator.forEachRemaining(ArrayList.java:1724)
	at java.base/java.util.stream.AbstractPipeline.copyInto(AbstractPipeline.java:570)
	at java.base/java.util.stream.AbstractPipeline.wrapAndCopyInto(AbstractPipeline.java:560)
	at java.base/java.util.stream.ForEachOps$ForEachOp.evaluateSequential(ForEachOps.java:153)
	at java.base/java.util.stream.ForEachOps$ForEachOp$OfRef.evaluateSequential(ForEachOps.java:176)
	at java.base/java.util.stream.AbstractPipeline.evaluate(AbstractPipeline.java:265)
	at java.base/java.util.stream.ReferencePipeline.forEach(ReferencePipeline.java:632)
	at org.junit.jupiter.engine.descriptor.ClassBasedTestDescriptor.invokeTestInstancePostProcessors(ClassBasedTestDescriptor.java:422)
	at org.junit.jupiter.engine.descriptor.ClassBasedTestDescriptor.lambda$instantiateAndPostProcessTestInstance$0(ClassBasedTestDescriptor.java:334)
	at org.junit.platform.engine.support.hierarchical.ThrowableCollector.execute(ThrowableCollector.java:74)
	at org.junit.jupiter.engine.descriptor.ClassBasedTestDescriptor.instantiateAndPostProcessTestInstance(ClassBasedTestDescriptor.java:333)
	at org.junit.jupiter.engine.descriptor.ClassBasedTestDescriptor.lambda$testInstancesProvider$1(ClassBasedTestDescriptor.java:322)
	at java.base/java.util.Optional.orElseGet(Optional.java:368)
	at org.junit.jupiter.engine.descriptor.ClassBasedTestDescriptor.lambda$testInstancesProvider$0(ClassBasedTestDescriptor.java:321)
	at org.junit.jupiter.engine.execution.TestInstancesProvider.getTestInstances(TestInstancesProvider.java:27)
	at org.junit.jupiter.engine.descriptor.TestMethodTestDescriptor.lambda$prepare$0(TestMethodTestDescriptor.java:127)
	at org.junit.platform.engine.support.hierarchical.ThrowableCollector.execute(ThrowableCollector.java:74)
	at org.junit.jupiter.engine.descriptor.TestMethodTestDescriptor.prepare(TestMethodTestDescriptor.java:126)
	at org.junit.jupiter.engine.descriptor.TestMethodTestDescriptor.prepare(TestMethodTestDescriptor.java:70)
	at org.junit.platform.engine.support.hierarchical.NodeTestTask.lambda$prepare$0(NodeTestTask.java:144)
	at org.junit.platform.engine.support.hierarchical.ThrowableCollector.execute(ThrowableCollector.java:74)
	at org.junit.platform.engine.support.hierarchical.NodeTestTask.prepare(NodeTestTask.java:144)
	at org.junit.platform.engine.support.hierarchical.NodeTestTask.execute(NodeTestTask.java:110)
	at java.base/java.util.ArrayList.forEach(ArrayList.java:1612)
	at org.junit.platform.engine.support.hierarchical.SameThreadHierarchicalTestExecutorService.invokeAll(SameThreadHierarchicalTestExecutorService.java:42)
	at org.junit.platform.engine.support.hierarchical.NodeTestTask.lambda$executeRecursively$2(NodeTestTask.java:180)
	at org.junit.platform.engine.support.hierarchical.ThrowableCollector.execute(ThrowableCollector.java:74)
	at org.junit.platform.engine.support.hierarchical.NodeTestTask.lambda$executeRecursively$1(NodeTestTask.java:166)
	at org.junit.platform.engine.support.hierarchical.Node.around(Node.java:138)
	at org.junit.platform.engine.support.hierarchical.NodeTestTask.lambda$executeRecursively$0(NodeTestTask.java:164)
	at org.junit.platform.engine.support.hierarchical.ThrowableCollector.execute(ThrowableCollector.java:74)
	at org.junit.platform.engine.support.hierarchical.NodeTestTask.executeRecursively(NodeTestTask.java:163)
	at org.junit.platform.engine.support.hierarchical.NodeTestTask.execute(NodeTestTask.java:116)
	at java.base/java.util.ArrayList.forEach(ArrayList.java:1612)
	at org.junit.platform.engine.support.hierarchical.SameThreadHierarchicalTestExecutorService.invokeAll(SameThreadHierarchicalTestExecutorService.java:42)
	at org.junit.platform.engine.support.hierarchical.NodeTestTask.lambda$executeRecursively$2(NodeTestTask.java:180)
	at org.junit.platform.engine.support.hierarchical.ThrowableCollector.execute(ThrowableCollector.java:74)
	at org.junit.platform.engine.support.hierarchical.NodeTestTask.lambda$executeRecursively$1(NodeTestTask.java:166)
	at org.junit.platform.engine.support.hierarchical.Node.around(Node.java:138)
	at org.junit.platform.engine.support.hierarchical.NodeTestTask.lambda$executeRecursively$0(NodeTestTask.java:164)
	at org.junit.platform.engine.support.hierarchical.ThrowableCollector.execute(ThrowableCollector.java:74)
	at org.junit.platform.engine.support.hierarchical.NodeTestTask.executeRecursively(NodeTestTask.java:163)
	at org.junit.platform.engine.support.hierarchical.NodeTestTask.execute(NodeTestTask.java:116)
	at org.junit.platform.engine.support.hierarchical.SameThreadHierarchicalTestExecutorService.submit(SameThreadHierarchicalTestExecutorService.java:36)
	at org.junit.platform.engine.support.hierarchical.HierarchicalTestExecutor.execute(HierarchicalTestExecutor.java:52)
	at org.junit.platform.engine.support.hierarchical.HierarchicalTestEngine.execute(HierarchicalTestEngine.java:58)
	at org.junit.platform.launcher.core.EngineExecutionOrchestrator.executeEngine(EngineExecutionOrchestrator.java:246)
	at org.junit.platform.launcher.core.EngineExecutionOrchestrator.failOrExecuteEngine(EngineExecutionOrchestrator.java:218)
	at org.junit.platform.launcher.core.EngineExecutionOrchestrator.execute(EngineExecutionOrchestrator.java:179)
	at org.junit.platform.launcher.core.EngineExecutionOrchestrator.execute(EngineExecutionOrchestrator.java:108)
	at org.junit.platform.launcher.core.EngineExecutionOrchestrator.lambda$execute$0(EngineExecutionOrchestrator.java:66)
	at org.junit.platform.launcher.core.EngineExecutionOrchestrator.withInterceptedStreams(EngineExecutionOrchestrator.java:157)
	at org.junit.platform.launcher.core.EngineExecutionOrchestrator.execute(EngineExecutionOrchestrator.java:65)
	at org.junit.platform.launcher.core.DefaultLauncher.execute(DefaultLauncher.java:125)
	at org.junit.platform.launcher.core.DefaultLauncher.execute(DefaultLauncher.java:114)
	at org.junit.platform.launcher.core.DelegatingLauncher.execute(DelegatingLauncher.java:58)
	at org.junit.platform.launcher.core.InterceptingLauncher.lambda$execute$2(InterceptingLauncher.java:57)
	at org.junit.platform.launcher.core.ClasspathAlignmentCheckingLauncherInterceptor.intercept(ClasspathAlignmentCheckingLauncherInterceptor.java:25)
	at org.junit.platform.launcher.core.InterceptingLauncher.execute(InterceptingLauncher.java:56)
	at org.junit.platform.launcher.core.DelegatingLauncher.execute(DelegatingLauncher.java:58)
	at java.base/jdk.internal.reflect.DirectMethodHandleAccessor.invoke(DirectMethodHandleAccessor.java:104)
	at java.base/java.lang.reflect.Method.invoke(Method.java:565)
	at org.apache.maven.surefire.api.util.ReflectionUtils.invokeMethodWithArray(ReflectionUtils.java:125)
	at org.apache.maven.surefire.junitplatform.LauncherAdapter.executeWithCancellationToken(LauncherAdapter.java:68)
	at org.apache.maven.surefire.junitplatform.LauncherAdapter.execute(LauncherAdapter.java:54)
	at org.apache.maven.surefire.junitplatform.JUnitPlatformProvider.execute(JUnitPlatformProvider.java:203)
	at org.apache.maven.surefire.junitplatform.JUnitPlatformProvider.invokeAllTests(JUnitPlatformProvider.java:168)
	at org.apache.maven.surefire.junitplatform.JUnitPlatformProvider.invoke(JUnitPlatformProvider.java:136)
	at org.apache.maven.surefire.booter.ForkedBooter.runSuitesInProcess(ForkedBooter.java:385)
	at org.apache.maven.surefire.booter.ForkedBooter.execute(ForkedBooter.java:162)
	at org.apache.maven.surefire.booter.ForkedBooter.run(ForkedBooter.java:507)
	at org.apache.maven.surefire.booter.ForkedBooter.main(ForkedBooter.java:495)
Caused by: java.sql.SQLSyntaxErrorException: Unknown database 'analytics'
	at com.mysql.cj.jdbc.exceptions.SQLError.createSQLException(SQLError.java:112)
	at com.mysql.cj.jdbc.exceptions.SQLExceptionsMapping.translateException(SQLExceptionsMapping.java:114)
	at com.mysql.cj.jdbc.ConnectionImpl.createNewIO(ConnectionImpl.java:840)
	at com.mysql.cj.jdbc.ConnectionImpl.<init>(ConnectionImpl.java:416)
	at com.mysql.cj.jdbc.ConnectionImpl.getInstance(ConnectionImpl.java:237)
	at com.mysql.cj.jdbc.NonRegisteringDriver.connect(NonRegisteringDriver.java:180)
	at com.zaxxer.hikari.util.DriverDataSource.getConnection(DriverDataSource.java:144)
	at com.zaxxer.hikari.pool.PoolBase.newConnection(PoolBase.java:373)
	at com.zaxxer.hikari.pool.PoolBase.newPoolEntry(PoolBase.java:210)
	at com.zaxxer.hikari.pool.HikariPool.createPoolEntry(HikariPool.java:488)
	at com.zaxxer.hikari.pool.HikariPool.checkFailFast(HikariPool.java:576)
	at com.zaxxer.hikari.pool.HikariPool.<init>(HikariPool.java:97)
	at com.zaxxer.hikari.HikariDataSource.getConnection(HikariDataSource.java:111)
	at org.hibernate.engine.jdbc.connections.internal.DataSourceConnectionProvider.getConnection(DataSourceConnectionProvider.java:149)
	at org.hibernate.engine.jdbc.env.internal.JdbcEnvironmentInitiator$ConnectionProviderJdbcConnectionAccess.obtainConnection(JdbcEnvironmentInitiator.java:508)
	at org.hibernate.resource.transaction.backend.jdbc.internal.JdbcIsolationDelegate.delegateWork(JdbcIsolationDelegate.java:48)
	... 128 common frames omitted
{"timestamp":"2026-08-02 11:54:36","level":"ERROR","logger":"org.springframework.orm.jpa.LocalContainerEntityManagerFactoryBean","message":"Failed to initialize JPA EntityManagerFactory: Unable to create requested service [org.hibernate.engine.jdbc.env.spi.JdbcEnvironment] due to: Unable to determine Dialect without JDBC metadata (please set 'jakarta.persistence.jdbc.url' for common cases or 'hibernate.dialect' when a custom Dialect implementation must be provided)"}{"timestamp":"2026-08-02 11:54:36","level":"WARN","logger":"org.springframework.web.context.support.GenericWebApplicationContext","message":"Exception encountered during context initialization - cancelling refresh attempt: org.springframework.beans.factory.BeanCreationException: Error creating bean with name 'entityManagerFactory' defined in class path resource [org/springframework/boot/hibernate/autoconfigure/HibernateJpaConfiguration.class]: Unable to create requested service [org.hibernate.engine.jdbc.env.spi.JdbcEnvironment] due to: Unable to determine Dialect without JDBC metadata (please set 'jakarta.persistence.jdbc.url' for common cases or 'hibernate.dialect' when a custom Dialect implementation must be provided)"}{"timestamp":"2026-08-02 11:54:36","level":"INFO","logger":"org.springframework.boot.autoconfigure.logging.ConditionEvaluationReportLogger","message":"

Error starting ApplicationContext. To display the condition evaluation report re-run your application with 'debug' enabled."}{"timestamp":"2026-08-02 11:54:36","level":"ERROR","logger":"org.springframework.boot.SpringApplication","message":"Application run failed"}org.springframework.beans.factory.BeanCreationException: Error creating bean with name 'entityManagerFactory' defined in class path resource [org/springframework/boot/hibernate/autoconfigure/HibernateJpaConfiguration.class]: Unable to create requested service [org.hibernate.engine.jdbc.env.spi.JdbcEnvironment] due to: Unable to determine Dialect without JDBC metadata (please set 'jakarta.persistence.jdbc.url' for common cases or 'hibernate.dialect' when a custom Dialect implementation must be provided)
	at org.springframework.beans.factory.support.AbstractAutowireCapableBeanFactory.initializeBean(AbstractAutowireCapableBeanFactory.java:1815)
	at org.springframework.beans.factory.support.AbstractAutowireCapableBeanFactory.doCreateBean(AbstractAutowireCapableBeanFactory.java:603)
	at org.springframework.beans.factory.support.AbstractAutowireCapableBeanFactory.createBean(AbstractAutowireCapableBeanFactory.java:525)
	at org.springframework.beans.factory.support.AbstractBeanFactory.lambda$doGetBean$0(AbstractBeanFactory.java:333)
	at org.springframework.beans.factory.support.DefaultSingletonBeanRegistry.getSingleton(DefaultSingletonBeanRegistry.java:371)
	at org.springframework.beans.factory.support.AbstractBeanFactory.doGetBean(AbstractBeanFactory.java:331)
	at org.springframework.beans.factory.support.AbstractBeanFactory.getBean(AbstractBeanFactory.java:201)
	at org.springframework.context.support.AbstractApplicationContext.finishBeanFactoryInitialization(AbstractApplicationContext.java:977)
	at org.springframework.context.support.AbstractApplicationContext.refresh(AbstractApplicationContext.java:621)
	at org.springframework.boot.SpringApplication.refresh(SpringApplication.java:756)
	at org.springframework.boot.SpringApplication.refreshContext(SpringApplication.java:445)
	at org.springframework.boot.SpringApplication.run(SpringApplication.java:321)
	at org.springframework.boot.test.context.SpringBootContextLoader.lambda$loadContext$2(SpringBootContextLoader.java:155)
	at org.springframework.util.function.ThrowingSupplier.get(ThrowingSupplier.java:58)
	at org.springframework.util.function.ThrowingSupplier.get(ThrowingSupplier.java:46)
	at org.springframework.boot.SpringApplication.withHook(SpringApplication.java:1465)
	at org.springframework.boot.test.context.SpringBootContextLoader$ContextLoaderHook.run(SpringBootContextLoader.java:600)
	at org.springframework.boot.test.context.SpringBootContextLoader.loadContext(SpringBootContextLoader.java:155)
	at org.springframework.boot.test.context.SpringBootContextLoader.loadContext(SpringBootContextLoader.java:114)
	at org.springframework.test.context.cache.DefaultCacheAwareContextLoaderDelegate.loadContextInternal(DefaultCacheAwareContextLoaderDelegate.java:247)
	at org.springframework.test.context.cache.DefaultCacheAwareContextLoaderDelegate.lambda$loadContext$0(DefaultCacheAwareContextLoaderDelegate.java:167)
	at org.springframework.test.context.cache.DefaultContextCache.put(DefaultContextCache.java:214)
	at org.springframework.test.context.cache.DefaultCacheAwareContextLoaderDelegate.loadContext(DefaultCacheAwareContextLoaderDelegate.java:160)
	at org.springframework.test.context.support.DefaultTestContext.getApplicationContext(DefaultTestContext.java:128)
	at org.springframework.test.context.web.ServletTestExecutionListener.setUpRequestContextIfNecessary(ServletTestExecutionListener.java:200)
	at org.springframework.test.context.web.ServletTestExecutionListener.prepareTestInstance(ServletTestExecutionListener.java:139)
	at org.springframework.test.context.TestContextManager.prepareTestInstance(TestContextManager.java:260)
	at org.springframework.test.context.junit.jupiter.SpringExtension.postProcessTestInstance(SpringExtension.java:242)
	at org.junit.jupiter.engine.descriptor.ClassBasedTestDescriptor.lambda$invokeTestInstancePostProcessors$1(ClassBasedTestDescriptor.java:423)
	at org.junit.jupiter.engine.descriptor.ClassBasedTestDescriptor.executeAndMaskThrowable(ClassBasedTestDescriptor.java:428)
	at org.junit.jupiter.engine.descriptor.ClassBasedTestDescriptor.lambda$invokeTestInstancePostProcessors$0(ClassBasedTestDescriptor.java:422)
	at java.base/java.util.stream.ForEachOps$ForEachOp$OfRef.accept(ForEachOps.java:186)
	at java.base/java.util.stream.ReferencePipeline$3$1.accept(ReferencePipeline.java:214)
	at java.base/java.util.stream.ReferencePipeline$2$1.accept(ReferencePipeline.java:197)
	at java.base/java.util.stream.ReferencePipeline$3$1.accept(ReferencePipeline.java:214)
	at java.base/java.util.ArrayList$ArrayListSpliterator.forEachRemaining(ArrayList.java:1724)
	at java.base/java.util.stream.AbstractPipeline.copyInto(AbstractPipeline.java:570)
	at java.base/java.util.stream.AbstractPipeline.wrapAndCopyInto(AbstractPipeline.java:560)
	at java.base/java.util.stream.ForEachOps$ForEachOp.evaluateSequential(ForEachOps.java:153)
	at java.base/java.util.stream.ForEachOps$ForEachOp$OfRef.evaluateSequential(ForEachOps.java:176)
	at java.base/java.util.stream.AbstractPipeline.evaluate(AbstractPipeline.java:265)
	at java.base/java.util.stream.ReferencePipeline.forEach(ReferencePipeline.java:632)
	at org.junit.jupiter.engine.descriptor.ClassBasedTestDescriptor.invokeTestInstancePostProcessors(ClassBasedTestDescriptor.java:422)
	at org.junit.jupiter.engine.descriptor.ClassBasedTestDescriptor.lambda$instantiateAndPostProcessTestInstance$0(ClassBasedTestDescriptor.java:334)
	at org.junit.platform.engine.support.hierarchical.ThrowableCollector.execute(ThrowableCollector.java:74)
	at org.junit.jupiter.engine.descriptor.ClassBasedTestDescriptor.instantiateAndPostProcessTestInstance(ClassBasedTestDescriptor.java:333)
	at org.junit.jupiter.engine.descriptor.ClassBasedTestDescriptor.lambda$testInstancesProvider$1(ClassBasedTestDescriptor.java:322)
	at java.base/java.util.Optional.orElseGet(Optional.java:368)
	at org.junit.jupiter.engine.descriptor.ClassBasedTestDescriptor.lambda$testInstancesProvider$0(ClassBasedTestDescriptor.java:321)
	at org.junit.jupiter.engine.execution.TestInstancesProvider.getTestInstances(TestInstancesProvider.java:27)
	at org.junit.jupiter.engine.descriptor.TestMethodTestDescriptor.lambda$prepare$0(TestMethodTestDescriptor.java:127)
	at org.junit.platform.engine.support.hierarchical.ThrowableCollector.execute(ThrowableCollector.java:74)
	at org.junit.jupiter.engine.descriptor.TestMethodTestDescriptor.prepare(TestMethodTestDescriptor.java:126)
	at org.junit.jupiter.engine.descriptor.TestMethodTestDescriptor.prepare(TestMethodTestDescriptor.java:70)
	at org.junit.platform.engine.support.hierarchical.NodeTestTask.lambda$prepare$0(NodeTestTask.java:144)
	at org.junit.platform.engine.support.hierarchical.ThrowableCollector.execute(ThrowableCollector.java:74)
	at org.junit.platform.engine.support.hierarchical.NodeTestTask.prepare(NodeTestTask.java:144)
	at org.junit.platform.engine.support.hierarchical.NodeTestTask.execute(NodeTestTask.java:110)
	at java.base/java.util.ArrayList.forEach(ArrayList.java:1612)
	at org.junit.platform.engine.support.hierarchical.SameThreadHierarchicalTestExecutorService.invokeAll(SameThreadHierarchicalTestExecutorService.java:42)
	at org.junit.platform.engine.support.hierarchical.NodeTestTask.lambda$executeRecursively$2(NodeTestTask.java:180)
	at org.junit.platform.engine.support.hierarchical.ThrowableCollector.execute(ThrowableCollector.java:74)
	at org.junit.platform.engine.support.hierarchical.NodeTestTask.lambda$executeRecursively$1(NodeTestTask.java:166)
	at org.junit.platform.engine.support.hierarchical.Node.around(Node.java:138)
	at org.junit.platform.engine.support.hierarchical.NodeTestTask.lambda$executeRecursively$0(NodeTestTask.java:164)
	at org.junit.platform.engine.support.hierarchical.ThrowableCollector.execute(ThrowableCollector.java:74)
	at org.junit.platform.engine.support.hierarchical.NodeTestTask.executeRecursively(NodeTestTask.java:163)
	at org.junit.platform.engine.support.hierarchical.NodeTestTask.execute(NodeTestTask.java:116)
	at java.base/java.util.ArrayList.forEach(ArrayList.java:1612)
	at org.junit.platform.engine.support.hierarchical.SameThreadHierarchicalTestExecutorService.invokeAll(SameThreadHierarchicalTestExecutorService.java:42)
	at org.junit.platform.engine.support.hierarchical.NodeTestTask.lambda$executeRecursively$2(NodeTestTask.java:180)
	at org.junit.platform.engine.support.hierarchical.ThrowableCollector.execute(ThrowableCollector.java:74)
	at org.junit.platform.engine.support.hierarchical.NodeTestTask.lambda$executeRecursively$1(NodeTestTask.java:166)
	at org.junit.platform.engine.support.hierarchical.Node.around(Node.java:138)
	at org.junit.platform.engine.support.hierarchical.NodeTestTask.lambda$executeRecursively$0(NodeTestTask.java:164)
	at org.junit.platform.engine.support.hierarchical.ThrowableCollector.execute(ThrowableCollector.java:74)
	at org.junit.platform.engine.support.hierarchical.NodeTestTask.executeRecursively(NodeTestTask.java:163)
	at org.junit.platform.engine.support.hierarchical.NodeTestTask.execute(NodeTestTask.java:116)
	at org.junit.platform.engine.support.hierarchical.SameThreadHierarchicalTestExecutorService.submit(SameThreadHierarchicalTestExecutorService.java:36)
	at org.junit.platform.engine.support.hierarchical.HierarchicalTestExecutor.execute(HierarchicalTestExecutor.java:52)
	at org.junit.platform.engine.support.hierarchical.HierarchicalTestEngine.execute(HierarchicalTestEngine.java:58)
	at org.junit.platform.launcher.core.EngineExecutionOrchestrator.executeEngine(EngineExecutionOrchestrator.java:246)
	at org.junit.platform.launcher.core.EngineExecutionOrchestrator.failOrExecuteEngine(EngineExecutionOrchestrator.java:218)
	at org.junit.platform.launcher.core.EngineExecutionOrchestrator.execute(EngineExecutionOrchestrator.java:179)
	at org.junit.platform.launcher.core.EngineExecutionOrchestrator.execute(EngineExecutionOrchestrator.java:108)
	at org.junit.platform.launcher.core.EngineExecutionOrchestrator.lambda$execute$0(EngineExecutionOrchestrator.java:66)
	at org.junit.platform.launcher.core.EngineExecutionOrchestrator.withInterceptedStreams(EngineExecutionOrchestrator.java:157)
	at org.junit.platform.launcher.core.EngineExecutionOrchestrator.execute(EngineExecutionOrchestrator.java:65)
	at org.junit.platform.launcher.core.DefaultLauncher.execute(DefaultLauncher.java:125)
	at org.junit.platform.launcher.core.DefaultLauncher.execute(DefaultLauncher.java:114)
	at org.junit.platform.launcher.core.DelegatingLauncher.execute(DelegatingLauncher.java:58)
	at org.junit.platform.launcher.core.InterceptingLauncher.lambda$execute$2(InterceptingLauncher.java:57)
	at org.junit.platform.launcher.core.ClasspathAlignmentCheckingLauncherInterceptor.intercept(ClasspathAlignmentCheckingLauncherInterceptor.java:25)
	at org.junit.platform.launcher.core.InterceptingLauncher.execute(InterceptingLauncher.java:56)
	at org.junit.platform.launcher.core.DelegatingLauncher.execute(DelegatingLauncher.java:58)
	at java.base/jdk.internal.reflect.DirectMethodHandleAccessor.invoke(DirectMethodHandleAccessor.java:104)
	at java.base/java.lang.reflect.Method.invoke(Method.java:565)
	at org.apache.maven.surefire.api.util.ReflectionUtils.invokeMethodWithArray(ReflectionUtils.java:125)
	at org.apache.maven.surefire.junitplatform.LauncherAdapter.executeWithCancellationToken(LauncherAdapter.java:68)
	at org.apache.maven.surefire.junitplatform.LauncherAdapter.execute(LauncherAdapter.java:54)
	at org.apache.maven.surefire.junitplatform.JUnitPlatformProvider.execute(JUnitPlatformProvider.java:203)
	at org.apache.maven.surefire.junitplatform.JUnitPlatformProvider.invokeAllTests(JUnitPlatformProvider.java:168)
	at org.apache.maven.surefire.junitplatform.JUnitPlatformProvider.invoke(JUnitPlatformProvider.java:136)
	at org.apache.maven.surefire.booter.ForkedBooter.runSuitesInProcess(ForkedBooter.java:385)
	at org.apache.maven.surefire.booter.ForkedBooter.execute(ForkedBooter.java:162)
	at org.apache.maven.surefire.booter.ForkedBooter.run(ForkedBooter.java:507)
	at org.apache.maven.surefire.booter.ForkedBooter.main(ForkedBooter.java:495)
Caused by: org.hibernate.service.spi.ServiceException: Unable to create requested service [org.hibernate.engine.jdbc.env.spi.JdbcEnvironment] due to: Unable to determine Dialect without JDBC metadata (please set 'jakarta.persistence.jdbc.url' for common cases or 'hibernate.dialect' when a custom Dialect implementation must be provided)
	at org.hibernate.service.internal.AbstractServiceRegistryImpl.createService(AbstractServiceRegistryImpl.java:273)
	at org.hibernate.service.internal.AbstractServiceRegistryImpl.initializeService(AbstractServiceRegistryImpl.java:235)
	at org.hibernate.service.internal.AbstractServiceRegistryImpl.getService(AbstractServiceRegistryImpl.java:212)
	at org.hibernate.boot.model.relational.Database.<init>(Database.java:44)
	at org.hibernate.boot.internal.InFlightMetadataCollectorImpl.getDatabase(InFlightMetadataCollectorImpl.java:251)
	at org.hibernate.boot.internal.InFlightMetadataCollectorImpl.<init>(InFlightMetadataCollectorImpl.java:203)
	at org.hibernate.boot.model.process.spi.MetadataBuildingProcess.complete(MetadataBuildingProcess.java:180)
	at org.hibernate.jpa.boot.internal.EntityManagerFactoryBuilderImpl.metadata(EntityManagerFactoryBuilderImpl.java:1388)
	at org.hibernate.jpa.boot.internal.EntityManagerFactoryBuilderImpl.populateSessionFactoryBuilder(EntityManagerFactoryBuilderImpl.java:1468)
	at org.hibernate.jpa.boot.internal.EntityManagerFactoryBuilderImpl.build(EntityManagerFactoryBuilderImpl.java:1450)
	at org.springframework.orm.jpa.vendor.SpringHibernateJpaPersistenceProvider.createContainerEntityManagerFactory(SpringHibernateJpaPersistenceProvider.java:93)
	at org.springframework.orm.jpa.LocalContainerEntityManagerFactoryBean.createNativeEntityManagerFactory(LocalContainerEntityManagerFactoryBean.java:443)
	at org.springframework.orm.jpa.AbstractEntityManagerFactoryBean.buildNativeEntityManagerFactory(AbstractEntityManagerFactoryBean.java:436)
	at org.springframework.orm.jpa.AbstractEntityManagerFactoryBean.afterPropertiesSet(AbstractEntityManagerFactoryBean.java:411)
	at org.springframework.orm.jpa.LocalContainerEntityManagerFactoryBean.afterPropertiesSet(LocalContainerEntityManagerFactoryBean.java:419)
	at org.springframework.beans.factory.support.AbstractAutowireCapableBeanFactory.invokeInitMethods(AbstractAutowireCapableBeanFactory.java:1862)
	at org.springframework.beans.factory.support.AbstractAutowireCapableBeanFactory.initializeBean(AbstractAutowireCapableBeanFactory.java:1811)
	... 106 common frames omitted
Caused by: org.hibernate.HibernateException: Unable to determine Dialect without JDBC metadata (please set 'jakarta.persistence.jdbc.url' for common cases or 'hibernate.dialect' when a custom Dialect implementation must be provided)
	at org.hibernate.engine.jdbc.dialect.internal.DialectFactoryImpl.determineDialect(DialectFactoryImpl.java:190)
	at org.hibernate.engine.jdbc.dialect.internal.DialectFactoryImpl.buildDialect(DialectFactoryImpl.java:86)
	at org.hibernate.engine.jdbc.env.internal.JdbcEnvironmentInitiator.getJdbcEnvironmentWithDefaults(JdbcEnvironmentInitiator.java:200)
	at org.hibernate.engine.jdbc.env.internal.JdbcEnvironmentInitiator.getJdbcEnvironmentUsingJdbcMetadata(JdbcEnvironmentInitiator.java:452)
	at org.hibernate.engine.jdbc.env.internal.JdbcEnvironmentInitiator.getJdbcEnvironment(JdbcEnvironmentInitiator.java:143)
	at org.hibernate.engine.jdbc.env.internal.JdbcEnvironmentInitiator.initiateService(JdbcEnvironmentInitiator.java:120)
	at org.hibernate.engine.jdbc.env.internal.JdbcEnvironmentInitiator.initiateService(JdbcEnvironmentInitiator.java:80)
	at org.hibernate.boot.registry.internal.StandardServiceRegistryImpl.initiateService(StandardServiceRegistryImpl.java:133)
	at org.hibernate.service.internal.AbstractServiceRegistryImpl.createService(AbstractServiceRegistryImpl.java:260)
	... 122 common frames omitted
{"timestamp":"2026-08-02 11:54:36","level":"WARN","logger":"org.springframework.test.context.TestContextManager","message":"Caught exception while allowing TestExecutionListener [org.springframework.test.context.web.ServletTestExecutionListener] to prepare test instance [com.alif.analytics.AnalyticsApplicationTests@7f584d0c]"}java.lang.IllegalStateException: Failed to load ApplicationContext for [WebMergedContextConfiguration@1701beb3 testClass = com.alif.analytics.AnalyticsApplicationTests, locations = [], classes = [com.alif.analytics.AnalyticsApplication], contextInitializerClasses = [], activeProfiles = [], propertySourceDescriptors = [], propertySourceProperties = ["org.springframework.boot.test.context.SpringBootTestContextBootstrapper=true"], contextCustomizers = [org.springframework.boot.test.context.PropertyMappingContextCustomizer@0, org.springframework.boot.test.context.filter.ExcludeFilterContextCustomizer@273c947f, org.springframework.boot.test.json.DuplicateJsonObjectContextCustomizerFactory$DuplicateJsonObjectContextCustomizer@5bb3d42d, org.springframework.boot.test.autoconfigure.OnFailureConditionReportContextCustomizerFactory$OnFailureConditionReportContextCustomizer@b273a59, org.springframework.test.context.support.DynamicPropertiesContextCustomizer@0, org.springframework.boot.web.server.context.SpringBootTestRandomPortContextCustomizer@4d666b41, org.springframework.boot.webmvc.test.autoconfigure.WebDriverContextCustomizer@1ea9f009, org.springframework.boot.test.context.SpringBootTestAnnotation@59bba0b4], resourceBasePath = "src/main/webapp", contextLoader = org.springframework.boot.test.context.SpringBootContextLoader, parent = null]
	at org.springframework.test.context.cache.DefaultCacheAwareContextLoaderDelegate.lambda$loadContext$0(DefaultCacheAwareContextLoaderDelegate.java:195)
	at org.springframework.test.context.cache.DefaultContextCache.put(DefaultContextCache.java:214)
	at org.springframework.test.context.cache.DefaultCacheAwareContextLoaderDelegate.loadContext(DefaultCacheAwareContextLoaderDelegate.java:160)
	at org.springframework.test.context.support.DefaultTestContext.getApplicationContext(DefaultTestContext.java:128)
	at org.springframework.test.context.web.ServletTestExecutionListener.setUpRequestContextIfNecessary(ServletTestExecutionListener.java:200)
	at org.springframework.test.context.web.ServletTestExecutionListener.prepareTestInstance(ServletTestExecutionListener.java:139)
	at org.springframework.test.context.TestContextManager.prepareTestInstance(TestContextManager.java:260)
	at org.springframework.test.context.junit.jupiter.SpringExtension.postProcessTestInstance(SpringExtension.java:242)
	at org.junit.jupiter.engine.descriptor.ClassBasedTestDescriptor.lambda$invokeTestInstancePostProcessors$1(ClassBasedTestDescriptor.java:423)
	at org.junit.jupiter.engine.descriptor.ClassBasedTestDescriptor.executeAndMaskThrowable(ClassBasedTestDescriptor.java:428)
	at org.junit.jupiter.engine.descriptor.ClassBasedTestDescriptor.lambda$invokeTestInstancePostProcessors$0(ClassBasedTestDescriptor.java:422)
	at java.base/java.util.stream.ForEachOps$ForEachOp$OfRef.accept(ForEachOps.java:186)
	at java.base/java.util.stream.ReferencePipeline$3$1.accept(ReferencePipeline.java:214)
	at java.base/java.util.stream.ReferencePipeline$2$1.accept(ReferencePipeline.java:197)
	at java.base/java.util.stream.ReferencePipeline$3$1.accept(ReferencePipeline.java:214)
	at java.base/java.util.ArrayList$ArrayListSpliterator.forEachRemaining(ArrayList.java:1724)
	at java.base/java.util.stream.AbstractPipeline.copyInto(AbstractPipeline.java:570)
	at java.base/java.util.stream.AbstractPipeline.wrapAndCopyInto(AbstractPipeline.java:560)
	at java.base/java.util.stream.ForEachOps$ForEachOp.evaluateSequential(ForEachOps.java:153)
	at java.base/java.util.stream.ForEachOps$ForEachOp$OfRef.evaluateSequential(ForEachOps.java:176)
	at java.base/java.util.stream.AbstractPipeline.evaluate(AbstractPipeline.java:265)
	at java.base/java.util.stream.ReferencePipeline.forEach(ReferencePipeline.java:632)
	at org.junit.jupiter.engine.descriptor.ClassBasedTestDescriptor.invokeTestInstancePostProcessors(ClassBasedTestDescriptor.java:422)
	at org.junit.jupiter.engine.descriptor.ClassBasedTestDescriptor.lambda$instantiateAndPostProcessTestInstance$0(ClassBasedTestDescriptor.java:334)
	at org.junit.platform.engine.support.hierarchical.ThrowableCollector.execute(ThrowableCollector.java:74)
	at org.junit.jupiter.engine.descriptor.ClassBasedTestDescriptor.instantiateAndPostProcessTestInstance(ClassBasedTestDescriptor.java:333)
	at org.junit.jupiter.engine.descriptor.ClassBasedTestDescriptor.lambda$testInstancesProvider$1(ClassBasedTestDescriptor.java:322)
	at java.base/java.util.Optional.orElseGet(Optional.java:368)
	at org.junit.jupiter.engine.descriptor.ClassBasedTestDescriptor.lambda$testInstancesProvider$0(ClassBasedTestDescriptor.java:321)
	at org.junit.jupiter.engine.execution.TestInstancesProvider.getTestInstances(TestInstancesProvider.java:27)
	at org.junit.jupiter.engine.descriptor.TestMethodTestDescriptor.lambda$prepare$0(TestMethodTestDescriptor.java:127)
	at org.junit.platform.engine.support.hierarchical.ThrowableCollector.execute(ThrowableCollector.java:74)
	at org.junit.jupiter.engine.descriptor.TestMethodTestDescriptor.prepare(TestMethodTestDescriptor.java:126)
	at org.junit.jupiter.engine.descriptor.TestMethodTestDescriptor.prepare(TestMethodTestDescriptor.java:70)
	at org.junit.platform.engine.support.hierarchical.NodeTestTask.lambda$prepare$0(NodeTestTask.java:144)
	at org.junit.platform.engine.support.hierarchical.ThrowableCollector.execute(ThrowableCollector.java:74)
	at org.junit.platform.engine.support.hierarchical.NodeTestTask.prepare(NodeTestTask.java:144)
	at org.junit.platform.engine.support.hierarchical.NodeTestTask.execute(NodeTestTask.java:110)
	at java.base/java.util.ArrayList.forEach(ArrayList.java:1612)
	at org.junit.platform.engine.support.hierarchical.SameThreadHierarchicalTestExecutorService.invokeAll(SameThreadHierarchicalTestExecutorService.java:42)
	at org.junit.platform.engine.support.hierarchical.NodeTestTask.lambda$executeRecursively$2(NodeTestTask.java:180)
	at org.junit.platform.engine.support.hierarchical.ThrowableCollector.execute(ThrowableCollector.java:74)
	at org.junit.platform.engine.support.hierarchical.NodeTestTask.lambda$executeRecursively$1(NodeTestTask.java:166)
	at org.junit.platform.engine.support.hierarchical.Node.around(Node.java:138)
	at org.junit.platform.engine.support.hierarchical.NodeTestTask.lambda$executeRecursively$0(NodeTestTask.java:164)
	at org.junit.platform.engine.support.hierarchical.ThrowableCollector.execute(ThrowableCollector.java:74)
	at org.junit.platform.engine.support.hierarchical.NodeTestTask.executeRecursively(NodeTestTask.java:163)
	at org.junit.platform.engine.support.hierarchical.NodeTestTask.execute(NodeTestTask.java:116)
	at java.base/java.util.ArrayList.forEach(ArrayList.java:1612)
	at org.junit.platform.engine.support.hierarchical.SameThreadHierarchicalTestExecutorService.invokeAll(SameThreadHierarchicalTestExecutorService.java:42)
	at org.junit.platform.engine.support.hierarchical.NodeTestTask.lambda$executeRecursively$2(NodeTestTask.java:180)
	at org.junit.platform.engine.support.hierarchical.ThrowableCollector.execute(ThrowableCollector.java:74)
	at org.junit.platform.engine.support.hierarchical.NodeTestTask.lambda$executeRecursively$1(NodeTestTask.java:166)
	at org.junit.platform.engine.support.hierarchical.Node.around(Node.java:138)
	at org.junit.platform.engine.support.hierarchical.NodeTestTask.lambda$executeRecursively$0(NodeTestTask.java:164)
	at org.junit.platform.engine.support.hierarchical.ThrowableCollector.execute(ThrowableCollector.java:74)
	at org.junit.platform.engine.support.hierarchical.NodeTestTask.executeRecursively(NodeTestTask.java:163)
	at org.junit.platform.engine.support.hierarchical.NodeTestTask.execute(NodeTestTask.java:116)
	at org.junit.platform.engine.support.hierarchical.SameThreadHierarchicalTestExecutorService.submit(SameThreadHierarchicalTestExecutorService.java:36)
	at org.junit.platform.engine.support.hierarchical.HierarchicalTestExecutor.execute(HierarchicalTestExecutor.java:52)
	at org.junit.platform.engine.support.hierarchical.HierarchicalTestEngine.execute(HierarchicalTestEngine.java:58)
	at org.junit.platform.launcher.core.EngineExecutionOrchestrator.executeEngine(EngineExecutionOrchestrator.java:246)
	at org.junit.platform.launcher.core.EngineExecutionOrchestrator.failOrExecuteEngine(EngineExecutionOrchestrator.java:218)
	at org.junit.platform.launcher.core.EngineExecutionOrchestrator.execute(EngineExecutionOrchestrator.java:179)
	at org.junit.platform.launcher.core.EngineExecutionOrchestrator.execute(EngineExecutionOrchestrator.java:108)
	at org.junit.platform.launcher.core.EngineExecutionOrchestrator.lambda$execute$0(EngineExecutionOrchestrator.java:66)
	at org.junit.platform.launcher.core.EngineExecutionOrchestrator.withInterceptedStreams(EngineExecutionOrchestrator.java:157)
	at org.junit.platform.launcher.core.EngineExecutionOrchestrator.execute(EngineExecutionOrchestrator.java:65)
	at org.junit.platform.launcher.core.DefaultLauncher.execute(DefaultLauncher.java:125)
	at org.junit.platform.launcher.core.DefaultLauncher.execute(DefaultLauncher.java:114)
	at org.junit.platform.launcher.core.DelegatingLauncher.execute(DelegatingLauncher.java:58)
	at org.junit.platform.launcher.core.InterceptingLauncher.lambda$execute$2(InterceptingLauncher.java:57)
	at org.junit.platform.launcher.core.ClasspathAlignmentCheckingLauncherInterceptor.intercept(ClasspathAlignmentCheckingLauncherInterceptor.java:25)
	at org.junit.platform.launcher.core.InterceptingLauncher.execute(InterceptingLauncher.java:56)
	at org.junit.platform.launcher.core.DelegatingLauncher.execute(DelegatingLauncher.java:58)
	at java.base/jdk.internal.reflect.DirectMethodHandleAccessor.invoke(DirectMethodHandleAccessor.java:104)
	at java.base/java.lang.reflect.Method.invoke(Method.java:565)
	at org.apache.maven.surefire.api.util.ReflectionUtils.invokeMethodWithArray(ReflectionUtils.java:125)
	at org.apache.maven.surefire.junitplatform.LauncherAdapter.executeWithCancellationToken(LauncherAdapter.java:68)
	at org.apache.maven.surefire.junitplatform.LauncherAdapter.execute(LauncherAdapter.java:54)
	at org.apache.maven.surefire.junitplatform.JUnitPlatformProvider.execute(JUnitPlatformProvider.java:203)
	at org.apache.maven.surefire.junitplatform.JUnitPlatformProvider.invokeAllTests(JUnitPlatformProvider.java:168)
	at org.apache.maven.surefire.junitplatform.JUnitPlatformProvider.invoke(JUnitPlatformProvider.java:136)
	at org.apache.maven.surefire.booter.ForkedBooter.runSuitesInProcess(ForkedBooter.java:385)
	at org.apache.maven.surefire.booter.ForkedBooter.execute(ForkedBooter.java:162)
	at org.apache.maven.surefire.booter.ForkedBooter.run(ForkedBooter.java:507)
	at org.apache.maven.surefire.booter.ForkedBooter.main(ForkedBooter.java:495)
Caused by: org.springframework.beans.factory.BeanCreationException: Error creating bean with name 'entityManagerFactory' defined in class path resource [org/springframework/boot/hibernate/autoconfigure/HibernateJpaConfiguration.class]: Unable to create requested service [org.hibernate.engine.jdbc.env.spi.JdbcEnvironment] due to: Unable to determine Dialect without JDBC metadata (please set 'jakarta.persistence.jdbc.url' for common cases or 'hibernate.dialect' when a custom Dialect implementation must be provided)
	at org.springframework.beans.factory.support.AbstractAutowireCapableBeanFactory.initializeBean(AbstractAutowireCapableBeanFactory.java:1815)
	at org.springframework.beans.factory.support.AbstractAutowireCapableBeanFactory.doCreateBean(AbstractAutowireCapableBeanFactory.java:603)
	at org.springframework.beans.factory.support.AbstractAutowireCapableBeanFactory.createBean(AbstractAutowireCapableBeanFactory.java:525)
	at org.springframework.beans.factory.support.AbstractBeanFactory.lambda$doGetBean$0(AbstractBeanFactory.java:333)
	at org.springframework.beans.factory.support.DefaultSingletonBeanRegistry.getSingleton(DefaultSingletonBeanRegistry.java:371)
	at org.springframework.beans.factory.support.AbstractBeanFactory.doGetBean(AbstractBeanFactory.java:331)
	at org.springframework.beans.factory.support.AbstractBeanFactory.getBean(AbstractBeanFactory.java:201)
	at org.springframework.context.support.AbstractApplicationContext.finishBeanFactoryInitialization(AbstractApplicationContext.java:977)
	at org.springframework.context.support.AbstractApplicationContext.refresh(AbstractApplicationContext.java:621)
	at org.springframework.boot.SpringApplication.refresh(SpringApplication.java:756)
	at org.springframework.boot.SpringApplication.refreshContext(SpringApplication.java:445)
	at org.springframework.boot.SpringApplication.run(SpringApplication.java:321)
	at org.springframework.boot.test.context.SpringBootContextLoader.lambda$loadContext$2(SpringBootContextLoader.java:155)
	at org.springframework.util.function.ThrowingSupplier.get(ThrowingSupplier.java:58)
	at org.springframework.util.function.ThrowingSupplier.get(ThrowingSupplier.java:46)
	at org.springframework.boot.SpringApplication.withHook(SpringApplication.java:1465)
	at org.springframework.boot.test.context.SpringBootContextLoader$ContextLoaderHook.run(SpringBootContextLoader.java:600)
	at org.springframework.boot.test.context.SpringBootContextLoader.loadContext(SpringBootContextLoader.java:155)
	at org.springframework.boot.test.context.SpringBootContextLoader.loadContext(SpringBootContextLoader.java:114)
	at org.springframework.test.context.cache.DefaultCacheAwareContextLoaderDelegate.loadContextInternal(DefaultCacheAwareContextLoaderDelegate.java:247)
	at org.springframework.test.context.cache.DefaultCacheAwareContextLoaderDelegate.lambda$loadContext$0(DefaultCacheAwareContextLoaderDelegate.java:167)
	... 86 common frames omitted
Caused by: org.hibernate.service.spi.ServiceException: Unable to create requested service [org.hibernate.engine.jdbc.env.spi.JdbcEnvironment] due to: Unable to determine Dialect without JDBC metadata (please set 'jakarta.persistence.jdbc.url' for common cases or 'hibernate.dialect' when a custom Dialect implementation must be provided)
	at org.hibernate.service.internal.AbstractServiceRegistryImpl.createService(AbstractServiceRegistryImpl.java:273)
	at org.hibernate.service.internal.AbstractServiceRegistryImpl.initializeService(AbstractServiceRegistryImpl.java:235)
	at org.hibernate.service.internal.AbstractServiceRegistryImpl.getService(AbstractServiceRegistryImpl.java:212)
	at org.hibernate.boot.model.relational.Database.<init>(Database.java:44)
	at org.hibernate.boot.internal.InFlightMetadataCollectorImpl.getDatabase(InFlightMetadataCollectorImpl.java:251)
	at org.hibernate.boot.internal.InFlightMetadataCollectorImpl.<init>(InFlightMetadataCollectorImpl.java:203)
	at org.hibernate.boot.model.process.spi.MetadataBuildingProcess.complete(MetadataBuildingProcess.java:180)
	at org.hibernate.jpa.boot.internal.EntityManagerFactoryBuilderImpl.metadata(EntityManagerFactoryBuilderImpl.java:1388)
	at org.hibernate.jpa.boot.internal.EntityManagerFactoryBuilderImpl.populateSessionFactoryBuilder(EntityManagerFactoryBuilderImpl.java:1468)
	at org.hibernate.jpa.boot.internal.EntityManagerFactoryBuilderImpl.build(EntityManagerFactoryBuilderImpl.java:1450)
	at org.springframework.orm.jpa.vendor.SpringHibernateJpaPersistenceProvider.createContainerEntityManagerFactory(SpringHibernateJpaPersistenceProvider.java:93)
	at org.springframework.orm.jpa.LocalContainerEntityManagerFactoryBean.createNativeEntityManagerFactory(LocalContainerEntityManagerFactoryBean.java:443)
	at org.springframework.orm.jpa.AbstractEntityManagerFactoryBean.buildNativeEntityManagerFactory(AbstractEntityManagerFactoryBean.java:436)
	at org.springframework.orm.jpa.AbstractEntityManagerFactoryBean.afterPropertiesSet(AbstractEntityManagerFactoryBean.java:411)
	at org.springframework.orm.jpa.LocalContainerEntityManagerFactoryBean.afterPropertiesSet(LocalContainerEntityManagerFactoryBean.java:419)
	at org.springframework.beans.factory.support.AbstractAutowireCapableBeanFactory.invokeInitMethods(AbstractAutowireCapableBeanFactory.java:1862)
	at org.springframework.beans.factory.support.AbstractAutowireCapableBeanFactory.initializeBean(AbstractAutowireCapableBeanFactory.java:1811)
	... 106 common frames omitted
Caused by: org.hibernate.HibernateException: Unable to determine Dialect without JDBC metadata (please set 'jakarta.persistence.jdbc.url' for common cases or 'hibernate.dialect' when a custom Dialect implementation must be provided)
	at org.hibernate.engine.jdbc.dialect.internal.DialectFactoryImpl.determineDialect(DialectFactoryImpl.java:190)
	at org.hibernate.engine.jdbc.dialect.internal.DialectFactoryImpl.buildDialect(DialectFactoryImpl.java:86)
	at org.hibernate.engine.jdbc.env.internal.JdbcEnvironmentInitiator.getJdbcEnvironmentWithDefaults(JdbcEnvironmentInitiator.java:200)
	at org.hibernate.engine.jdbc.env.internal.JdbcEnvironmentInitiator.getJdbcEnvironmentUsingJdbcMetadata(JdbcEnvironmentInitiator.java:452)
	at org.hibernate.engine.jdbc.env.internal.JdbcEnvironmentInitiator.getJdbcEnvironment(JdbcEnvironmentInitiator.java:143)
	at org.hibernate.engine.jdbc.env.internal.JdbcEnvironmentInitiator.initiateService(JdbcEnvironmentInitiator.java:120)
	at org.hibernate.engine.jdbc.env.internal.JdbcEnvironmentInitiator.initiateService(JdbcEnvironmentInitiator.java:80)
	at org.hibernate.boot.registry.internal.StandardServiceRegistryImpl.initiateService(StandardServiceRegistryImpl.java:133)
	at org.hibernate.service.internal.AbstractServiceRegistryImpl.createService(AbstractServiceRegistryImpl.java:260)
	... 122 common frames omitted
{"timestamp":"2026-08-02 11:55:38","level":"INFO","logger":"org.springframework.test.context.support.AnnotationConfigContextLoaderUtils","message":"Could not detect default configuration classes for test class [com.alif.analytics.AnalyticsApplicationTests]: AnalyticsApplicationTests does not declare any static, non-private, non-final, nested classes annotated with @Configuration."}{"timestamp":"2026-08-02 11:55:38","level":"INFO","logger":"org.springframework.boot.test.context.SpringBootTestContextBootstrapper","message":"Found @SpringBootConfiguration com.alif.analytics.AnalyticsApplication for test class com.alif.analytics.AnalyticsApplicationTests"}{"timestamp":"2026-08-02 11:55:38","level":"INFO","logger":"org.springframework.test.context.support.AnnotationConfigContextLoaderUtils","message":"Could not detect default configuration classes for test class [com.alif.analytics.AnalyticsApplicationTests]: AnalyticsApplicationTests does not declare any static, non-private, non-final, nested classes annotated with @Configuration."}{"timestamp":"2026-08-02 11:55:38","level":"INFO","logger":"org.springframework.boot.test.context.SpringBootTestContextBootstrapper","message":"Found @SpringBootConfiguration com.alif.analytics.AnalyticsApplication for test class com.alif.analytics.AnalyticsApplicationTests"}{"timestamp":"2026-08-02 11:55:38","level":"INFO","logger":"org.springframework.boot.devtools.restart.RestartApplicationListener","message":"Restart disabled due to context in which it is running"}{"timestamp":"2026-08-02 11:55:38","level":"INFO","logger":"com.alif.analytics.AnalyticsApplicationTests","message":"Starting AnalyticsApplicationTests using Java 26.0.1 with PID 21068 (started by USER in C:\Users\USER\Documents\springboot\analytics\backend)"}{"timestamp":"2026-08-02 11:55:38","level":"INFO","logger":"com.alif.analytics.AnalyticsApplicationTests","message":"No active profile set, falling back to 1 default profile: "default""}{"timestamp":"2026-08-02 11:55:39","level":"INFO","logger":"org.hibernate.validator.internal.util.Version","message":"HV000001: Hibernate Validator 9.1.0.Final"}{"timestamp":"2026-08-02 11:55:40","level":"INFO","logger":"org.springframework.data.repository.config.RepositoryConfigurationDelegate","message":"Bootstrapping Spring Data JPA repositories in DEFAULT mode."}{"timestamp":"2026-08-02 11:55:40","level":"INFO","logger":"org.springframework.data.repository.config.RepositoryConfigurationDelegate","message":"Finished Spring Data repository scanning in 70 ms. Found 2 JPA repository interfaces."}{"timestamp":"2026-08-02 11:55:41","level":"INFO","logger":"org.hibernate.orm.jpa","message":"HHH008540: Processing PersistenceUnitInfo [name: default]"}{"timestamp":"2026-08-02 11:55:41","level":"INFO","logger":"org.hibernate.orm.core","message":"HHH000001: Hibernate ORM core version 7.4.1.Final"}{"timestamp":"2026-08-02 11:55:42","level":"INFO","logger":"org.springframework.orm.jpa.persistenceunit.SpringPersistenceUnitInfo","message":"No LoadTimeWeaver setup: ignoring JPA class transformer"}{"timestamp":"2026-08-02 11:55:42","level":"INFO","logger":"com.zaxxer.hikari.HikariDataSource","message":"HikariPool-1 - Starting..."}{"timestamp":"2026-08-02 11:55:42","level":"INFO","logger":"com.zaxxer.hikari.pool.HikariPool","message":"HikariPool-1 - Added connection conn0: url=jdbc:h2:mem:analytics user=SA"}{"timestamp":"2026-08-02 11:55:42","level":"INFO","logger":"com.zaxxer.hikari.HikariDataSource","message":"HikariPool-1 - Start completed."}{"timestamp":"2026-08-02 11:55:42","level":"INFO","logger":"org.hibernate.orm.connections.pooling","message":"HHH10001005: Database info:
	Database JDBC URL [jdbc:h2:mem:analytics]
	Database driver: H2 JDBC Driver
	Database dialect: H2Dialect
	Database version: 2.4.240
	Default catalog/schema: ANALYTICS/PUBLIC
	Autocommit mode: undefined/unknown
	Isolation level: READ_COMMITTED [default READ_COMMITTED]
	JDBC fetch size: 100
	Pool: DataSourceConnectionProvider
	Minimum pool size: undefined/unknown
	Maximum pool size: undefined/unknown"}{"timestamp":"2026-08-02 11:55:43","level":"INFO","logger":"org.hibernate.orm.core","message":"HHH000489: No JTA platform available (set 'hibernate.transaction.jta.platform' to enable JTA platform integration)"}{"timestamp":"2026-08-02 11:55:43","level":"INFO","logger":"org.springframework.orm.jpa.LocalContainerEntityManagerFactoryBean","message":"Initialized JPA EntityManagerFactory for persistence unit 'default'"}{"timestamp":"2026-08-02 11:55:43","level":"INFO","logger":"com.alif.analytics.aspects.LoggingAndPerformanceAspect","message":"âž¡ï¸ Entering method: PathsConfig.publicPaths()"}{"timestamp":"2026-08-02 11:55:43","level":"INFO","logger":"com.alif.analytics.aspects.LoggingAndPerformanceAspect","message":"ðŸ“¥ Arguments: []"}{"timestamp":"2026-08-02 11:55:43","level":"INFO","logger":"com.alif.analytics.aspects.LoggingAndPerformanceAspect","message":"âœ… Method executed successfully: PathsConfig.publicPaths()"}{"timestamp":"2026-08-02 11:55:43","level":"INFO","logger":"com.alif.analytics.aspects.LoggingAndPerformanceAspect","message":"â± Execution time: 2 ms"}{"timestamp":"2026-08-02 11:55:43","level":"INFO","logger":"com.alif.analytics.aspects.LoggingAndPerformanceAspect","message":"âž¡ï¸ Entering method: PathsConfig.securedPaths()"}{"timestamp":"2026-08-02 11:55:43","level":"INFO","logger":"com.alif.analytics.aspects.LoggingAndPerformanceAspect","message":"ðŸ“¥ Arguments: []"}{"timestamp":"2026-08-02 11:55:43","level":"INFO","logger":"com.alif.analytics.aspects.LoggingAndPerformanceAspect","message":"âœ… Method executed successfully: PathsConfig.securedPaths()"}{"timestamp":"2026-08-02 11:55:43","level":"INFO","logger":"com.alif.analytics.aspects.LoggingAndPerformanceAspect","message":"â± Execution time: 1 ms"}{"timestamp":"2026-08-02 11:55:43","level":"INFO","logger":"com.alif.analytics.aspects.LoggingAndPerformanceAspect","message":"âž¡ï¸ Entering method: PathsConfig.adminPaths()"}{"timestamp":"2026-08-02 11:55:43","level":"INFO","logger":"com.alif.analytics.aspects.LoggingAndPerformanceAspect","message":"ðŸ“¥ Arguments: []"}{"timestamp":"2026-08-02 11:55:43","level":"INFO","logger":"com.alif.analytics.aspects.LoggingAndPerformanceAspect","message":"âœ… Method executed successfully: PathsConfig.adminPaths()"}{"timestamp":"2026-08-02 11:55:43","level":"INFO","logger":"com.alif.analytics.aspects.LoggingAndPerformanceAspect","message":"â± Execution time: 1 ms"}{"timestamp":"2026-08-02 11:55:43","level":"INFO","logger":"com.alif.analytics.aspects.LoggingAndPerformanceAspect","message":"âž¡ï¸ Entering method: PathsConfig.employerPaths()"}{"timestamp":"2026-08-02 11:55:43","level":"INFO","logger":"com.alif.analytics.aspects.LoggingAndPerformanceAspect","message":"ðŸ“¥ Arguments: []"}{"timestamp":"2026-08-02 11:55:43","level":"INFO","logger":"com.alif.analytics.aspects.LoggingAndPerformanceAspect","message":"âœ… Method executed successfully: PathsConfig.employerPaths()"}{"timestamp":"2026-08-02 11:55:43","level":"INFO","logger":"com.alif.analytics.aspects.LoggingAndPerformanceAspect","message":"â± Execution time: 1 ms"}{"timestamp":"2026-08-02 11:55:43","level":"INFO","logger":"com.alif.analytics.aspects.LoggingAndPerformanceAspect","message":"âž¡ï¸ Entering method: AnalyticsSecurityConfig.compromisedPasswordChecker()"}{"timestamp":"2026-08-02 11:55:43","level":"INFO","logger":"com.alif.analytics.aspects.LoggingAndPerformanceAspect","message":"ðŸ“¥ Arguments: []"}{"timestamp":"2026-08-02 11:55:44","level":"INFO","logger":"com.alif.analytics.aspects.LoggingAndPerformanceAspect","message":"âœ… Method executed successfully: AnalyticsSecurityConfig.compromisedPasswordChecker()"}{"timestamp":"2026-08-02 11:55:44","level":"INFO","logger":"com.alif.analytics.aspects.LoggingAndPerformanceAspect","message":"â± Execution time: 273 ms"}{"timestamp":"2026-08-02 11:55:44","level":"INFO","logger":"org.springframework.data.jpa.repository.query.QueryEnhancerFactories","message":"Hibernate is in classpath; If applicable, HQL parser will be used."}{"timestamp":"2026-08-02 11:55:44","level":"INFO","logger":"com.alif.analytics.aspects.LoggingAndPerformanceAspect","message":"âž¡ï¸ Entering method: AnalyticsSecurityConfig.passwordEncoder()"}{"timestamp":"2026-08-02 11:55:44","level":"INFO","logger":"com.alif.analytics.aspects.LoggingAndPerformanceAspect","message":"ðŸ“¥ Arguments: []"}{"timestamp":"2026-08-02 11:55:44","level":"INFO","logger":"com.alif.analytics.aspects.LoggingAndPerformanceAspect","message":"âœ… Method executed successfully: AnalyticsSecurityConfig.passwordEncoder()"}{"timestamp":"2026-08-02 11:55:44","level":"INFO","logger":"com.alif.analytics.aspects.LoggingAndPerformanceAspect","message":"â± Execution time: 2 ms"}{"timestamp":"2026-08-02 11:55:44","level":"INFO","logger":"com.alif.analytics.aspects.LoggingAndPerformanceAspect","message":"âž¡ï¸ Entering method: AnalyticsSecurityConfig.authenticationManager(..)"}{"timestamp":"2026-08-02 11:55:44","level":"INFO","logger":"com.alif.analytics.aspects.LoggingAndPerformanceAspect","message":"ðŸ“¥ Arguments: [com.alif.analytics.security.JobPortalUsernamePwdAuthenticationProvider@4487dce]"}{"timestamp":"2026-08-02 11:55:44","level":"INFO","logger":"com.alif.analytics.aspects.LoggingAndPerformanceAspect","message":"âœ… Method executed successfully: AnalyticsSecurityConfig.authenticationManager(..)"}{"timestamp":"2026-08-02 11:55:44","level":"INFO","logger":"com.alif.analytics.aspects.LoggingAndPerformanceAspect","message":"â± Execution time: 5 ms"}{"timestamp":"2026-08-02 11:55:45","level":"WARN","logger":"org.springframework.boot.jpa.autoconfigure.JpaBaseConfiguration$JpaWebConfiguration","message":"spring.jpa.open-in-view is enabled by default. Therefore, database queries may be performed during view rendering. Explicitly configure spring.jpa.open-in-view to disable this warning"}{"timestamp":"2026-08-02 11:55:45","level":"INFO","logger":"org.springframework.security.config.annotation.authentication.configuration.InitializeAuthenticationProviderBeanManagerConfigurer$InitializeAuthenticationProviderManagerConfigurer","message":"Global AuthenticationManager configured with AuthenticationProvider bean with name jobPortalUsernamePwdAuthenticationProvider"}{"timestamp":"2026-08-02 11:55:45","level":"INFO","logger":"com.alif.analytics.aspects.LoggingAndPerformanceAspect","message":"âž¡ï¸ Entering method: WebConfig.configurePathMatch(..)"}{"timestamp":"2026-08-02 11:55:45","level":"INFO","logger":"com.alif.analytics.aspects.LoggingAndPerformanceAspect","message":"ðŸ“¥ Arguments: [org.springframework.web.servlet.config.annotation.PathMatchConfigurer@53fd061d]"}{"timestamp":"2026-08-02 11:55:45","level":"INFO","logger":"com.alif.analytics.aspects.LoggingAndPerformanceAspect","message":"âœ… Method executed successfully: WebConfig.configurePathMatch(..)"}{"timestamp":"2026-08-02 11:55:45","level":"INFO","logger":"com.alif.analytics.aspects.LoggingAndPerformanceAspect","message":"â± Execution time: 1 ms"}{"timestamp":"2026-08-02 11:55:45","level":"INFO","logger":"com.alif.analytics.aspects.LoggingAndPerformanceAspect","message":"âž¡ï¸ Entering method: AnalyticsSecurityConfig.customSecurityFilterChain(..)"}{"timestamp":"2026-08-02 11:55:45","level":"INFO","logger":"com.alif.analytics.aspects.LoggingAndPerformanceAspect","message":"ðŸ“¥ Arguments: [org.springframework.security.config.annotation.web.builders.HttpSecurity@3c832820]"}{"timestamp":"2026-08-02 11:55:45","level":"INFO","logger":"com.alif.analytics.aspects.LoggingAndPerformanceAspect","message":"âž¡ï¸ Entering method: AnalyticsSecurityConfig.corsConfigurationSource()"}{"timestamp":"2026-08-02 11:55:45","level":"INFO","logger":"com.alif.analytics.aspects.LoggingAndPerformanceAspect","message":"ðŸ“¥ Arguments: []"}{"timestamp":"2026-08-02 11:55:45","level":"INFO","logger":"com.alif.analytics.aspects.LoggingAndPerformanceAspect","message":"âœ… Method executed successfully: AnalyticsSecurityConfig.corsConfigurationSource()"}{"timestamp":"2026-08-02 11:55:45","level":"INFO","logger":"com.alif.analytics.aspects.LoggingAndPerformanceAspect","message":"â± Execution time: 5 ms"}{"timestamp":"2026-08-02 11:55:45","level":"INFO","logger":"com.alif.analytics.aspects.LoggingAndPerformanceAspect","message":"âœ… Method executed successfully: AnalyticsSecurityConfig.customSecurityFilterChain(..)"}{"timestamp":"2026-08-02 11:55:45","level":"INFO","logger":"com.alif.analytics.aspects.LoggingAndPerformanceAspect","message":"â± Execution time: 171 ms"}{"timestamp":"2026-08-02 11:55:46","level":"INFO","logger":"com.alif.analytics.aspects.LoggingAndPerformanceAspect","message":"âž¡ï¸ Entering method: WebConfig.configureApiVersioning(..)"}{"timestamp":"2026-08-02 11:55:46","level":"INFO","logger":"com.alif.analytics.aspects.LoggingAndPerformanceAspect","message":"ðŸ“¥ Arguments: [org.springframework.web.servlet.config.annotation.ApiVersionConfigurer@5216e43c]"}{"timestamp":"2026-08-02 11:55:46","level":"INFO","logger":"com.alif.analytics.aspects.LoggingAndPerformanceAspect","message":"âœ… Method executed successfully: WebConfig.configureApiVersioning(..)"}{"timestamp":"2026-08-02 11:55:46","level":"INFO","logger":"com.alif.analytics.aspects.LoggingAndPerformanceAspect","message":"â± Execution time: 4 ms"}{"timestamp":"2026-08-02 11:55:46","level":"INFO","logger":"com.alif.analytics.AnalyticsApplicationTests","message":"Started AnalyticsApplicationTests in 8.458 seconds (process running for 10.058)"}{"timestamp":"2026-08-02 11:55:46","level":"WARN","logger":"org.springdoc.core.events.SpringDocAppInitializer","message":"SpringDoc /v3/api-docs endpoint is enabled by default. To disable it in production, set the property 'springdoc.api-docs.enabled=false'"}{"timestamp":"2026-08-02 11:55:46","level":"WARN","logger":"org.springdoc.core.events.SpringDocAppInitializer","message":"SpringDoc /swagger-ui.html endpoint is enabled by default. To disable it in production, set the property 'springdoc.swagger-ui.enabled=false'"}{"timestamp":"2026-08-02 11:55:47","level":"INFO","logger":"org.springframework.orm.jpa.LocalContainerEntityManagerFactoryBean","message":"Closing JPA EntityManagerFactory for persistence unit 'default'"}{"timestamp":"2026-08-02 11:55:47","level":"INFO","logger":"com.zaxxer.hikari.HikariDataSource","message":"HikariPool-1 - Shutdown initiated..."}{"timestamp":"2026-08-02 11:55:47","level":"INFO","logger":"com.zaxxer.hikari.HikariDataSource","message":"HikariPool-1 - Shutdown completed."}{"timestamp":"2026-08-02 13:12:51","level":"INFO","logger":"com.alif.analytics.AnalyticsApplication","message":"Starting AnalyticsApplication using Java 26.0.1 with PID 15684 (C:\Users\USER\Documents\springboot\analytics\backend\target\classes started by USER in C:\Users\USER\Documents\springboot\analytics\backend)"}{"timestamp":"2026-08-02 13:12:51","level":"INFO","logger":"com.alif.analytics.AnalyticsApplication","message":"No active profile set, falling back to 1 default profile: "default""}{"timestamp":"2026-08-02 13:12:52","level":"INFO","logger":"org.hibernate.validator.internal.util.Version","message":"HV000001: Hibernate Validator 9.1.0.Final"}{"timestamp":"2026-08-02 13:12:52","level":"ERROR","logger":"org.springframework.boot.SpringApplication","message":"Application run failed"}java.lang.IllegalStateException: No Docker Compose file found in directory 'C:\Users\USER\Documents\springboot\analytics\backend\.'
	at org.springframework.util.Assert.state(Assert.java:102)
	at org.springframework.boot.docker.compose.lifecycle.DockerComposeLifecycleManager.getComposeFile(DockerComposeLifecycleManager.java:182)
	at org.springframework.boot.docker.compose.lifecycle.DockerComposeLifecycleManager.start(DockerComposeLifecycleManager.java:112)
	at org.springframework.boot.docker.compose.lifecycle.DockerComposeListener.onApplicationEvent(DockerComposeListener.java:53)
	at org.springframework.boot.docker.compose.lifecycle.DockerComposeListener.onApplicationEvent(DockerComposeListener.java:35)
	at org.springframework.context.event.SimpleApplicationEventMulticaster.doInvokeListener(SimpleApplicationEventMulticaster.java:180)
	at org.springframework.context.event.SimpleApplicationEventMulticaster.invokeListener(SimpleApplicationEventMulticaster.java:173)
	at org.springframework.context.event.SimpleApplicationEventMulticaster.multicastEvent(SimpleApplicationEventMulticaster.java:151)
	at org.springframework.context.event.SimpleApplicationEventMulticaster.multicastEvent(SimpleApplicationEventMulticaster.java:133)
	at org.springframework.boot.context.event.EventPublishingRunListener.multicastInitialEvent(EventPublishingRunListener.java:137)
	at org.springframework.boot.context.event.EventPublishingRunListener.contextLoaded(EventPublishingRunListener.java:99)
	at org.springframework.boot.SpringApplicationRunListeners.lambda$contextLoaded$0(SpringApplicationRunListeners.java:74)
	at java.base/java.util.ImmutableCollections$List12.forEach(ImmutableCollections.java:680)
	at org.springframework.boot.SpringApplicationRunListeners.doWithListeners(SpringApplicationRunListeners.java:123)
	at org.springframework.boot.SpringApplicationRunListeners.doWithListeners(SpringApplicationRunListeners.java:117)
	at org.springframework.boot.SpringApplicationRunListeners.contextLoaded(SpringApplicationRunListeners.java:74)
	at org.springframework.boot.SpringApplication.prepareContext(SpringApplication.java:418)
	at org.springframework.boot.SpringApplication.run(SpringApplication.java:320)
	at org.springframework.boot.SpringApplication.run(SpringApplication.java:1365)
	at org.springframework.boot.SpringApplication.run(SpringApplication.java:1354)
	at com.alif.analytics.AnalyticsApplication.main(AnalyticsApplication.java:14)
	at java.base/jdk.internal.reflect.DirectMethodHandleAccessor.invoke(DirectMethodHandleAccessor.java:104)
	at java.base/java.lang.reflect.Method.invoke(Method.java:565)
	at org.springframework.boot.devtools.restart.RestartLauncher.run(RestartLauncher.java:52)
{"timestamp":"2026-08-02 13:24:13","level":"INFO","logger":"com.alif.analytics.AnalyticsApplication","message":"Starting AnalyticsApplication using Java 26.0.1 with PID 9692 (C:\Users\USER\Documents\springboot\analytics\backend\target\classes started by USER in C:\Users\USER\Documents\springboot\analytics\backend)"}{"timestamp":"2026-08-02 13:24:13","level":"INFO","logger":"com.alif.analytics.AnalyticsApplication","message":"No active profile set, falling back to 1 default profile: "default""}{"timestamp":"2026-08-02 13:24:13","level":"INFO","logger":"org.springframework.boot.docker.compose.lifecycle.DockerComposeLifecycleManager","message":"Using Docker Compose file C:\Users\USER\Documents\springboot\analytics\backend\compose.yml"}{"timestamp":"2026-08-02 13:24:14","level":"INFO","logger":"org.hibernate.validator.internal.util.Version","message":"HV000001: Hibernate Validator 9.1.0.Final"}{"timestamp":"2026-08-02 13:24:15","level":"INFO","logger":"org.springframework.boot.docker.compose.core.DockerCli","message":" Network backend_default Creating "}{"timestamp":"2026-08-02 13:24:15","level":"INFO","logger":"org.springframework.boot.docker.compose.core.DockerCli","message":" Network backend_default Created "}{"timestamp":"2026-08-02 13:24:15","level":"INFO","logger":"org.springframework.boot.docker.compose.core.DockerCli","message":" Container analyticsdb Creating "}{"timestamp":"2026-08-02 13:24:16","level":"INFO","logger":"org.springframework.boot.docker.compose.core.DockerCli","message":" Container analyticsdb Created "}{"timestamp":"2026-08-02 13:24:16","level":"INFO","logger":"org.springframework.boot.docker.compose.core.DockerCli","message":" Container analyticsdb Starting "}{"timestamp":"2026-08-02 13:24:17","level":"INFO","logger":"org.springframework.boot.docker.compose.core.DockerCli","message":"Error response from daemon: failed to set up container networking: driver failed programming external connectivity on endpoint analyticsdb (3d373442c19f92d1fb61ce8af2f4e8e6884c42b9209665aaf79aa00eed1ee203): Bind for 0.0.0.0:3306 failed: port is already allocated"}{"timestamp":"2026-08-02 13:24:17","level":"INFO","logger":"org.springframework.boot.docker.compose.lifecycle.DockerComposeLifecycleManager","message":"docker compose up failed with the following logs:

"}{"timestamp":"2026-08-02 13:24:17","level":"ERROR","logger":"org.springframework.boot.SpringApplication","message":"Application run failed"}org.springframework.boot.docker.compose.core.ProcessExitException: 'docker compose --file C:\Users\USER\Documents\springboot\analytics\backend\compose.yml --ansi never up --no-color --detach --wait' failed with exit code 1.

Stdout:


Stderr:
 Network backend_default Creating 
 Network backend_default Created 
 Container analyticsdb Creating 
 Container analyticsdb Created 
 Container analyticsdb Starting 
Error response from daemon: failed to set up container networking: driver failed programming external connectivity on endpoint analyticsdb (3d373442c19f92d1fb61ce8af2f4e8e6884c42b9209665aaf79aa00eed1ee203): Bind for 0.0.0.0:3306 failed: port is already allocated

	at org.springframework.boot.docker.compose.core.ProcessRunner.run(ProcessRunner.java:102)
	at org.springframework.boot.docker.compose.core.DockerCli.run(DockerCli.java:82)
	at org.springframework.boot.docker.compose.core.DefaultDockerCompose.up(DefaultDockerCompose.java:58)
	at org.springframework.boot.docker.compose.lifecycle.StartCommand.applyTo(StartCommand.java:51)
	at org.springframework.boot.docker.compose.lifecycle.DockerComposeLifecycleManager.start(DockerComposeLifecycleManager.java:133)
	at org.springframework.boot.docker.compose.lifecycle.DockerComposeListener.onApplicationEvent(DockerComposeListener.java:53)
	at org.springframework.boot.docker.compose.lifecycle.DockerComposeListener.onApplicationEvent(DockerComposeListener.java:35)
	at org.springframework.context.event.SimpleApplicationEventMulticaster.doInvokeListener(SimpleApplicationEventMulticaster.java:180)
	at org.springframework.context.event.SimpleApplicationEventMulticaster.invokeListener(SimpleApplicationEventMulticaster.java:173)
	at org.springframework.context.event.SimpleApplicationEventMulticaster.multicastEvent(SimpleApplicationEventMulticaster.java:151)
	at org.springframework.context.event.SimpleApplicationEventMulticaster.multicastEvent(SimpleApplicationEventMulticaster.java:133)
	at org.springframework.boot.context.event.EventPublishingRunListener.multicastInitialEvent(EventPublishingRunListener.java:137)
	at org.springframework.boot.context.event.EventPublishingRunListener.contextLoaded(EventPublishingRunListener.java:99)
	at org.springframework.boot.SpringApplicationRunListeners.lambda$contextLoaded$0(SpringApplicationRunListeners.java:74)
	at java.base/java.util.ImmutableCollections$List12.forEach(ImmutableCollections.java:680)
	at org.springframework.boot.SpringApplicationRunListeners.doWithListeners(SpringApplicationRunListeners.java:123)
	at org.springframework.boot.SpringApplicationRunListeners.doWithListeners(SpringApplicationRunListeners.java:117)
	at org.springframework.boot.SpringApplicationRunListeners.contextLoaded(SpringApplicationRunListeners.java:74)
	at org.springframework.boot.SpringApplication.prepareContext(SpringApplication.java:418)
	at org.springframework.boot.SpringApplication.run(SpringApplication.java:320)
	at org.springframework.boot.SpringApplication.run(SpringApplication.java:1365)
	at org.springframework.boot.SpringApplication.run(SpringApplication.java:1354)
	at com.alif.analytics.AnalyticsApplication.main(AnalyticsApplication.java:14)
	at java.base/jdk.internal.reflect.DirectMethodHandleAccessor.invoke(DirectMethodHandleAccessor.java:104)
	at java.base/java.lang.reflect.Method.invoke(Method.java:565)
	at org.springframework.boot.devtools.restart.RestartLauncher.run(RestartLauncher.java:52)
{"timestamp":"2026-08-02 13:25:28","level":"INFO","logger":"com.alif.analytics.AnalyticsApplication","message":"Starting AnalyticsApplication using Java 26.0.1 with PID 15672 (C:\Users\USER\Documents\springboot\analytics\backend\target\classes started by USER in C:\Users\USER\Documents\springboot\analytics\backend)"}{"timestamp":"2026-08-02 13:25:28","level":"INFO","logger":"com.alif.analytics.AnalyticsApplication","message":"No active profile set, falling back to 1 default profile: "default""}{"timestamp":"2026-08-02 13:25:28","level":"INFO","logger":"org.springframework.boot.docker.compose.lifecycle.DockerComposeLifecycleManager","message":"Using Docker Compose file C:\Users\USER\Documents\springboot\analytics\backend\compose.yml"}{"timestamp":"2026-08-02 13:25:29","level":"INFO","logger":"org.hibernate.validator.internal.util.Version","message":"HV000001: Hibernate Validator 9.1.0.Final"}{"timestamp":"2026-08-02 13:25:30","level":"INFO","logger":"org.springframework.boot.docker.compose.core.DockerCli","message":" Container analyticsdb Starting "}{"timestamp":"2026-08-02 13:25:30","level":"INFO","logger":"org.springframework.boot.docker.compose.core.DockerCli","message":" Container analyticsdb Started "}{"timestamp":"2026-08-02 13:25:30","level":"INFO","logger":"org.springframework.boot.docker.compose.core.DockerCli","message":" Container analyticsdb Waiting "}{"timestamp":"2026-08-02 13:25:33","level":"INFO","logger":"org.springframework.boot.docker.compose.core.DockerCli","message":" Container analyticsdb Healthy "}{"timestamp":"2026-08-02 13:25:40","level":"ERROR","logger":"org.springframework.boot.SpringApplication","message":"Application run failed"}java.lang.IllegalStateException: No host port mapping found for container port 3306
	at org.springframework.util.Assert.state(Assert.java:102)
	at org.springframework.boot.docker.compose.core.DefaultConnectionPorts.get(DefaultConnectionPorts.java:102)
	at org.springframework.boot.jdbc.docker.compose.JdbcUrlBuilder.urlFor(JdbcUrlBuilder.java:73)
	at org.springframework.boot.jdbc.docker.compose.JdbcUrlBuilder.build(JdbcUrlBuilder.java:67)
	at org.springframework.boot.jdbc.docker.compose.MySqlJdbcDockerComposeConnectionDetailsFactory$MySqlJdbcDockerComposeConnectionDetails.<init>(MySqlJdbcDockerComposeConnectionDetailsFactory.java:60)
	at org.springframework.boot.jdbc.docker.compose.MySqlJdbcDockerComposeConnectionDetailsFactory.getDockerComposeConnectionDetails(MySqlJdbcDockerComposeConnectionDetailsFactory.java:42)
	at org.springframework.boot.jdbc.docker.compose.MySqlJdbcDockerComposeConnectionDetailsFactory.getDockerComposeConnectionDetails(MySqlJdbcDockerComposeConnectionDetailsFactory.java:33)
	at org.springframework.boot.docker.compose.service.connection.DockerComposeConnectionDetailsFactory.getConnectionDetails(DockerComposeConnectionDetailsFactory.java:98)
	at org.springframework.boot.docker.compose.service.connection.DockerComposeConnectionDetailsFactory.getConnectionDetails(DockerComposeConnectionDetailsFactory.java:59)
	at org.springframework.boot.autoconfigure.service.connection.ConnectionDetailsFactories.getConnectionDetails(ConnectionDetailsFactories.java:87)
	at org.springframework.boot.docker.compose.service.connection.DockerComposeServiceConnectionsApplicationListener.registerConnectionDetails(DockerComposeServiceConnectionsApplicationListener.java:72)
	at org.springframework.boot.docker.compose.service.connection.DockerComposeServiceConnectionsApplicationListener.onApplicationEvent(DockerComposeServiceConnectionsApplicationListener.java:64)
	at org.springframework.boot.docker.compose.service.connection.DockerComposeServiceConnectionsApplicationListener.onApplicationEvent(DockerComposeServiceConnectionsApplicationListener.java:46)
	at org.springframework.context.event.SimpleApplicationEventMulticaster.doInvokeListener(SimpleApplicationEventMulticaster.java:180)
	at org.springframework.context.event.SimpleApplicationEventMulticaster.invokeListener(SimpleApplicationEventMulticaster.java:173)
	at org.springframework.context.event.SimpleApplicationEventMulticaster.multicastEvent(SimpleApplicationEventMulticaster.java:151)
	at org.springframework.context.event.SimpleApplicationEventMulticaster.multicastEvent(SimpleApplicationEventMulticaster.java:133)
	at org.springframework.boot.docker.compose.lifecycle.DockerComposeLifecycleManager.publishEvent(DockerComposeLifecycleManager.java:210)
	at org.springframework.boot.docker.compose.lifecycle.DockerComposeLifecycleManager.start(DockerComposeLifecycleManager.java:154)
	at org.springframework.boot.docker.compose.lifecycle.DockerComposeListener.onApplicationEvent(DockerComposeListener.java:53)
	at org.springframework.boot.docker.compose.lifecycle.DockerComposeListener.onApplicationEvent(DockerComposeListener.java:35)
	at org.springframework.context.event.SimpleApplicationEventMulticaster.doInvokeListener(SimpleApplicationEventMulticaster.java:180)
	at org.springframework.context.event.SimpleApplicationEventMulticaster.invokeListener(SimpleApplicationEventMulticaster.java:173)
	at org.springframework.context.event.SimpleApplicationEventMulticaster.multicastEvent(SimpleApplicationEventMulticaster.java:151)
	at org.springframework.context.event.SimpleApplicationEventMulticaster.multicastEvent(SimpleApplicationEventMulticaster.java:133)
	at org.springframework.boot.context.event.EventPublishingRunListener.multicastInitialEvent(EventPublishingRunListener.java:137)
	at org.springframework.boot.context.event.EventPublishingRunListener.contextLoaded(EventPublishingRunListener.java:99)
	at org.springframework.boot.SpringApplicationRunListeners.lambda$contextLoaded$0(SpringApplicationRunListeners.java:74)
	at java.base/java.util.ImmutableCollections$List12.forEach(ImmutableCollections.java:680)
	at org.springframework.boot.SpringApplicationRunListeners.doWithListeners(SpringApplicationRunListeners.java:123)
	at org.springframework.boot.SpringApplicationRunListeners.doWithListeners(SpringApplicationRunListeners.java:117)
	at org.springframework.boot.SpringApplicationRunListeners.contextLoaded(SpringApplicationRunListeners.java:74)
	at org.springframework.boot.SpringApplication.prepareContext(SpringApplication.java:418)
	at org.springframework.boot.SpringApplication.run(SpringApplication.java:320)
	at org.springframework.boot.SpringApplication.run(SpringApplication.java:1365)
	at org.springframework.boot.SpringApplication.run(SpringApplication.java:1354)
	at com.alif.analytics.AnalyticsApplication.main(AnalyticsApplication.java:14)
	at java.base/jdk.internal.reflect.DirectMethodHandleAccessor.invoke(DirectMethodHandleAccessor.java:104)
	at java.base/java.lang.reflect.Method.invoke(Method.java:565)
	at org.springframework.boot.devtools.restart.RestartLauncher.run(RestartLauncher.java:52)
{"timestamp":"2026-08-02 13:28:24","level":"INFO","logger":"com.alif.analytics.AnalyticsApplication","message":"Starting AnalyticsApplication using Java 26.0.1 with PID 15960 (C:\Users\USER\Documents\springboot\analytics\backend\target\classes started by USER in C:\Users\USER\Documents\springboot\analytics\backend)"}{"timestamp":"2026-08-02 13:28:24","level":"INFO","logger":"com.alif.analytics.AnalyticsApplication","message":"No active profile set, falling back to 1 default profile: "default""}{"timestamp":"2026-08-02 13:28:24","level":"INFO","logger":"org.springframework.boot.docker.compose.lifecycle.DockerComposeLifecycleManager","message":"Using Docker Compose file C:\Users\USER\Documents\springboot\analytics\backend\compose.yml"}{"timestamp":"2026-08-02 13:28:25","level":"INFO","logger":"org.hibernate.validator.internal.util.Version","message":"HV000001: Hibernate Validator 9.1.0.Final"}{"timestamp":"2026-08-02 13:28:26","level":"INFO","logger":"org.springframework.boot.docker.compose.core.DockerCli","message":" Container analyticsdb Starting "}{"timestamp":"2026-08-02 13:28:26","level":"INFO","logger":"org.springframework.boot.docker.compose.core.DockerCli","message":" Container analyticsdb Started "}{"timestamp":"2026-08-02 13:28:26","level":"INFO","logger":"org.springframework.boot.docker.compose.core.DockerCli","message":" Container analyticsdb Waiting "}{"timestamp":"2026-08-02 13:28:30","level":"INFO","logger":"org.springframework.boot.docker.compose.core.DockerCli","message":" Container analyticsdb Healthy "}{"timestamp":"2026-08-02 13:28:36","level":"ERROR","logger":"org.springframework.boot.SpringApplication","message":"Application run failed"}java.lang.IllegalStateException: No host port mapping found for container port 3306
	at org.springframework.util.Assert.state(Assert.java:102)
	at org.springframework.boot.docker.compose.core.DefaultConnectionPorts.get(DefaultConnectionPorts.java:102)
	at org.springframework.boot.jdbc.docker.compose.JdbcUrlBuilder.urlFor(JdbcUrlBuilder.java:73)
	at org.springframework.boot.jdbc.docker.compose.JdbcUrlBuilder.build(JdbcUrlBuilder.java:67)
	at org.springframework.boot.jdbc.docker.compose.MySqlJdbcDockerComposeConnectionDetailsFactory$MySqlJdbcDockerComposeConnectionDetails.<init>(MySqlJdbcDockerComposeConnectionDetailsFactory.java:60)
	at org.springframework.boot.jdbc.docker.compose.MySqlJdbcDockerComposeConnectionDetailsFactory.getDockerComposeConnectionDetails(MySqlJdbcDockerComposeConnectionDetailsFactory.java:42)
	at org.springframework.boot.jdbc.docker.compose.MySqlJdbcDockerComposeConnectionDetailsFactory.getDockerComposeConnectionDetails(MySqlJdbcDockerComposeConnectionDetailsFactory.java:33)
	at org.springframework.boot.docker.compose.service.connection.DockerComposeConnectionDetailsFactory.getConnectionDetails(DockerComposeConnectionDetailsFactory.java:98)
	at org.springframework.boot.docker.compose.service.connection.DockerComposeConnectionDetailsFactory.getConnectionDetails(DockerComposeConnectionDetailsFactory.java:59)
	at org.springframework.boot.autoconfigure.service.connection.ConnectionDetailsFactories.getConnectionDetails(ConnectionDetailsFactories.java:87)
	at org.springframework.boot.docker.compose.service.connection.DockerComposeServiceConnectionsApplicationListener.registerConnectionDetails(DockerComposeServiceConnectionsApplicationListener.java:72)
	at org.springframework.boot.docker.compose.service.connection.DockerComposeServiceConnectionsApplicationListener.onApplicationEvent(DockerComposeServiceConnectionsApplicationListener.java:64)
	at org.springframework.boot.docker.compose.service.connection.DockerComposeServiceConnectionsApplicationListener.onApplicationEvent(DockerComposeServiceConnectionsApplicationListener.java:46)
	at org.springframework.context.event.SimpleApplicationEventMulticaster.doInvokeListener(SimpleApplicationEventMulticaster.java:180)
	at org.springframework.context.event.SimpleApplicationEventMulticaster.invokeListener(SimpleApplicationEventMulticaster.java:173)
	at org.springframework.context.event.SimpleApplicationEventMulticaster.multicastEvent(SimpleApplicationEventMulticaster.java:151)
	at org.springframework.context.event.SimpleApplicationEventMulticaster.multicastEvent(SimpleApplicationEventMulticaster.java:133)
	at org.springframework.boot.docker.compose.lifecycle.DockerComposeLifecycleManager.publishEvent(DockerComposeLifecycleManager.java:210)
	at org.springframework.boot.docker.compose.lifecycle.DockerComposeLifecycleManager.start(DockerComposeLifecycleManager.java:154)
	at org.springframework.boot.docker.compose.lifecycle.DockerComposeListener.onApplicationEvent(DockerComposeListener.java:53)
	at org.springframework.boot.docker.compose.lifecycle.DockerComposeListener.onApplicationEvent(DockerComposeListener.java:35)
	at org.springframework.context.event.SimpleApplicationEventMulticaster.doInvokeListener(SimpleApplicationEventMulticaster.java:180)
	at org.springframework.context.event.SimpleApplicationEventMulticaster.invokeListener(SimpleApplicationEventMulticaster.java:173)
	at org.springframework.context.event.SimpleApplicationEventMulticaster.multicastEvent(SimpleApplicationEventMulticaster.java:151)
	at org.springframework.context.event.SimpleApplicationEventMulticaster.multicastEvent(SimpleApplicationEventMulticaster.java:133)
	at org.springframework.boot.context.event.EventPublishingRunListener.multicastInitialEvent(EventPublishingRunListener.java:137)
	at org.springframework.boot.context.event.EventPublishingRunListener.contextLoaded(EventPublishingRunListener.java:99)
	at org.springframework.boot.SpringApplicationRunListeners.lambda$contextLoaded$0(SpringApplicationRunListeners.java:74)
	at java.base/java.util.ImmutableCollections$List12.forEach(ImmutableCollections.java:680)
	at org.springframework.boot.SpringApplicationRunListeners.doWithListeners(SpringApplicationRunListeners.java:123)
	at org.springframework.boot.SpringApplicationRunListeners.doWithListeners(SpringApplicationRunListeners.java:117)
	at org.springframework.boot.SpringApplicationRunListeners.contextLoaded(SpringApplicationRunListeners.java:74)
	at org.springframework.boot.SpringApplication.prepareContext(SpringApplication.java:418)
	at org.springframework.boot.SpringApplication.run(SpringApplication.java:320)
	at org.springframework.boot.SpringApplication.run(SpringApplication.java:1365)
	at org.springframework.boot.SpringApplication.run(SpringApplication.java:1354)
	at com.alif.analytics.AnalyticsApplication.main(AnalyticsApplication.java:14)
	at java.base/jdk.internal.reflect.DirectMethodHandleAccessor.invoke(DirectMethodHandleAccessor.java:104)
	at java.base/java.lang.reflect.Method.invoke(Method.java:565)
	at org.springframework.boot.devtools.restart.RestartLauncher.run(RestartLauncher.java:52)
{"timestamp":"2026-08-02 13:31:39","level":"INFO","logger":"com.alif.analytics.AnalyticsApplication","message":"Starting AnalyticsApplication using Java 26.0.1 with PID 22412 (C:\Users\USER\Documents\springboot\analytics\backend\target\classes started by USER in C:\Users\USER\Documents\springboot\analytics\backend)"}{"timestamp":"2026-08-02 13:31:39","level":"INFO","logger":"com.alif.analytics.AnalyticsApplication","message":"No active profile set, falling back to 1 default profile: "default""}{"timestamp":"2026-08-02 13:31:39","level":"INFO","logger":"org.springframework.boot.docker.compose.lifecycle.DockerComposeLifecycleManager","message":"Using Docker Compose file C:\Users\USER\Documents\springboot\analytics\backend\compose.yml"}{"timestamp":"2026-08-02 13:31:40","level":"INFO","logger":"org.hibernate.validator.internal.util.Version","message":"HV000001: Hibernate Validator 9.1.0.Final"}{"timestamp":"2026-08-02 13:31:41","level":"INFO","logger":"org.springframework.boot.docker.compose.core.DockerCli","message":" Container analyticsdb Recreate "}{"timestamp":"2026-08-02 13:31:41","level":"INFO","logger":"org.springframework.boot.docker.compose.core.DockerCli","message":" Container analyticsdb Recreated "}{"timestamp":"2026-08-02 13:31:41","level":"INFO","logger":"org.springframework.boot.docker.compose.core.DockerCli","message":" Container analyticsdb Starting "}{"timestamp":"2026-08-02 13:31:42","level":"INFO","logger":"org.springframework.boot.docker.compose.core.DockerCli","message":" Container analyticsdb Started "}{"timestamp":"2026-08-02 13:31:42","level":"INFO","logger":"org.springframework.boot.docker.compose.core.DockerCli","message":" Container analyticsdb Waiting "}{"timestamp":"2026-08-02 13:31:42","level":"INFO","logger":"org.springframework.boot.docker.compose.core.DockerCli","message":" Container analyticsdb Healthy "}{"timestamp":"2026-08-02 13:32:10","level":"INFO","logger":"org.springframework.boot.devtools.env.DevToolsPropertyDefaultsPostProcessor","message":"Devtools property defaults active! Set 'spring.devtools.add-properties' to 'false' to disable"}{"timestamp":"2026-08-02 13:32:10","level":"INFO","logger":"org.springframework.boot.devtools.env.DevToolsPropertyDefaultsPostProcessor","message":"For additional web related logging consider setting the 'logging.level.web' property to 'DEBUG'"}{"timestamp":"2026-08-02 13:32:12","level":"INFO","logger":"org.springframework.data.repository.config.RepositoryConfigurationDelegate","message":"Bootstrapping Spring Data JPA repositories in DEFAULT mode."}{"timestamp":"2026-08-02 13:32:12","level":"INFO","logger":"org.springframework.data.repository.config.RepositoryConfigurationDelegate","message":"Finished Spring Data repository scanning in 82 ms. Found 2 JPA repository interfaces."}{"timestamp":"2026-08-02 13:32:14","level":"INFO","logger":"org.springframework.boot.tomcat.TomcatWebServer","message":"Tomcat initialized with port 8080 (http)"}{"timestamp":"2026-08-02 13:32:14","level":"INFO","logger":"org.apache.coyote.http11.Http11NioProtocol","message":"Initializing ProtocolHandler ["http-nio-8080"]"}{"timestamp":"2026-08-02 13:32:14","level":"INFO","logger":"org.apache.catalina.core.StandardService","message":"Starting service [Tomcat]"}{"timestamp":"2026-08-02 13:32:14","level":"INFO","logger":"org.apache.catalina.core.StandardEngine","message":"Starting Servlet engine: [Apache Tomcat/11.0.22]"}{"timestamp":"2026-08-02 13:32:14","level":"INFO","logger":"org.springframework.boot.web.context.servlet.WebApplicationContextInitializer","message":"Root WebApplicationContext: initialization completed in 3541 ms"}{"timestamp":"2026-08-02 13:32:14","level":"INFO","logger":"com.zaxxer.hikari.HikariDataSource","message":"HikariPool-1 - Starting..."}{"timestamp":"2026-08-02 13:32:15","level":"INFO","logger":"com.zaxxer.hikari.pool.HikariPool","message":"HikariPool-1 - Added connection com.mysql.cj.jdbc.ConnectionImpl@56229878"}{"timestamp":"2026-08-02 13:32:15","level":"INFO","logger":"com.zaxxer.hikari.HikariDataSource","message":"HikariPool-1 - Start completed."}{"timestamp":"2026-08-02 13:32:15","level":"INFO","logger":"org.hibernate.orm.jpa","message":"HHH008540: Processing PersistenceUnitInfo [name: default]"}{"timestamp":"2026-08-02 13:32:15","level":"INFO","logger":"org.hibernate.orm.core","message":"HHH000001: Hibernate ORM core version 7.4.1.Final"}{"timestamp":"2026-08-02 13:32:16","level":"INFO","logger":"org.springframework.orm.jpa.persistenceunit.SpringPersistenceUnitInfo","message":"No LoadTimeWeaver setup: ignoring JPA class transformer"}{"timestamp":"2026-08-02 13:32:16","level":"INFO","logger":"org.hibernate.orm.connections.pooling","message":"HHH10001005: Database info:
	Database JDBC URL [jdbc:mysql://127.0.0.1:3306/analytics]
	Database driver: MySQL Connector/J
	Database dialect: MySQLDialect
	Database version: 9.7.1
	Default catalog/schema: analytics/undefined
	Autocommit mode: undefined/unknown
	Isolation level: REPEATABLE_READ [default REPEATABLE_READ]
	JDBC fetch size: none
	Pool: DataSourceConnectionProvider
	Minimum pool size: undefined/unknown
	Maximum pool size: undefined/unknown"}{"timestamp":"2026-08-02 13:32:18","level":"INFO","logger":"org.hibernate.orm.core","message":"HHH000489: No JTA platform available (set 'hibernate.transaction.jta.platform' to enable JTA platform integration)"}{"timestamp":"2026-08-02 13:32:18","level":"INFO","logger":"org.springframework.orm.jpa.LocalContainerEntityManagerFactoryBean","message":"Initialized JPA EntityManagerFactory for persistence unit 'default'"}{"timestamp":"2026-08-02 13:32:18","level":"INFO","logger":"com.alif.analytics.aspects.LoggingAndPerformanceAspect","message":"âž¡ï¸ Entering method: PathsConfig.publicPaths()"}{"timestamp":"2026-08-02 13:32:18","level":"INFO","logger":"com.alif.analytics.aspects.LoggingAndPerformanceAspect","message":"ðŸ“¥ Arguments: []"}{"timestamp":"2026-08-02 13:32:18","level":"INFO","logger":"com.alif.analytics.aspects.LoggingAndPerformanceAspect","message":"âœ… Method executed successfully: PathsConfig.publicPaths()"}{"timestamp":"2026-08-02 13:32:18","level":"INFO","logger":"com.alif.analytics.aspects.LoggingAndPerformanceAspect","message":"â± Execution time: 2 ms"}{"timestamp":"2026-08-02 13:32:18","level":"INFO","logger":"com.alif.analytics.aspects.LoggingAndPerformanceAspect","message":"âž¡ï¸ Entering method: PathsConfig.securedPaths()"}{"timestamp":"2026-08-02 13:32:18","level":"INFO","logger":"com.alif.analytics.aspects.LoggingAndPerformanceAspect","message":"ðŸ“¥ Arguments: []"}{"timestamp":"2026-08-02 13:32:18","level":"INFO","logger":"com.alif.analytics.aspects.LoggingAndPerformanceAspect","message":"âœ… Method executed successfully: PathsConfig.securedPaths()"}{"timestamp":"2026-08-02 13:32:18","level":"INFO","logger":"com.alif.analytics.aspects.LoggingAndPerformanceAspect","message":"â± Execution time: 0 ms"}{"timestamp":"2026-08-02 13:32:18","level":"INFO","logger":"com.alif.analytics.aspects.LoggingAndPerformanceAspect","message":"âž¡ï¸ Entering method: PathsConfig.adminPaths()"}{"timestamp":"2026-08-02 13:32:18","level":"INFO","logger":"com.alif.analytics.aspects.LoggingAndPerformanceAspect","message":"ðŸ“¥ Arguments: []"}{"timestamp":"2026-08-02 13:32:18","level":"INFO","logger":"com.alif.analytics.aspects.LoggingAndPerformanceAspect","message":"âœ… Method executed successfully: PathsConfig.adminPaths()"}{"timestamp":"2026-08-02 13:32:18","level":"INFO","logger":"com.alif.analytics.aspects.LoggingAndPerformanceAspect","message":"â± Execution time: 0 ms"}{"timestamp":"2026-08-02 13:32:18","level":"INFO","logger":"com.alif.analytics.aspects.LoggingAndPerformanceAspect","message":"âž¡ï¸ Entering method: PathsConfig.employerPaths()"}{"timestamp":"2026-08-02 13:32:18","level":"INFO","logger":"com.alif.analytics.aspects.LoggingAndPerformanceAspect","message":"ðŸ“¥ Arguments: []"}{"timestamp":"2026-08-02 13:32:18","level":"INFO","logger":"com.alif.analytics.aspects.LoggingAndPerformanceAspect","message":"âœ… Method executed successfully: PathsConfig.employerPaths()"}{"timestamp":"2026-08-02 13:32:18","level":"INFO","logger":"com.alif.analytics.aspects.LoggingAndPerformanceAspect","message":"â± Execution time: 0 ms"}{"timestamp":"2026-08-02 13:32:18","level":"INFO","logger":"com.alif.analytics.aspects.LoggingAndPerformanceAspect","message":"âž¡ï¸ Entering method: AnalyticsSecurityConfig.compromisedPasswordChecker()"}{"timestamp":"2026-08-02 13:32:18","level":"INFO","logger":"com.alif.analytics.aspects.LoggingAndPerformanceAspect","message":"ðŸ“¥ Arguments: []"}{"timestamp":"2026-08-02 13:32:18","level":"INFO","logger":"com.alif.analytics.aspects.LoggingAndPerformanceAspect","message":"âœ… Method executed successfully: AnalyticsSecurityConfig.compromisedPasswordChecker()"}{"timestamp":"2026-08-02 13:32:18","level":"INFO","logger":"com.alif.analytics.aspects.LoggingAndPerformanceAspect","message":"â± Execution time: 225 ms"}{"timestamp":"2026-08-02 13:32:18","level":"INFO","logger":"org.springframework.data.jpa.repository.query.QueryEnhancerFactories","message":"Hibernate is in classpath; If applicable, HQL parser will be used."}{"timestamp":"2026-08-02 13:32:18","level":"INFO","logger":"com.alif.analytics.aspects.LoggingAndPerformanceAspect","message":"âž¡ï¸ Entering method: AnalyticsSecurityConfig.passwordEncoder()"}{"timestamp":"2026-08-02 13:32:18","level":"INFO","logger":"com.alif.analytics.aspects.LoggingAndPerformanceAspect","message":"ðŸ“¥ Arguments: []"}{"timestamp":"2026-08-02 13:32:18","level":"INFO","logger":"com.alif.analytics.aspects.LoggingAndPerformanceAspect","message":"âœ… Method executed successfully: AnalyticsSecurityConfig.passwordEncoder()"}{"timestamp":"2026-08-02 13:32:18","level":"INFO","logger":"com.alif.analytics.aspects.LoggingAndPerformanceAspect","message":"â± Execution time: 3 ms"}{"timestamp":"2026-08-02 13:32:18","level":"INFO","logger":"com.alif.analytics.aspects.LoggingAndPerformanceAspect","message":"âž¡ï¸ Entering method: AnalyticsSecurityConfig.authenticationManager(..)"}{"timestamp":"2026-08-02 13:32:18","level":"INFO","logger":"com.alif.analytics.aspects.LoggingAndPerformanceAspect","message":"ðŸ“¥ Arguments: [com.alif.analytics.security.JobPortalUsernamePwdAuthenticationProvider@72819da3]"}{"timestamp":"2026-08-02 13:32:18","level":"INFO","logger":"com.alif.analytics.aspects.LoggingAndPerformanceAspect","message":"âœ… Method executed successfully: AnalyticsSecurityConfig.authenticationManager(..)"}{"timestamp":"2026-08-02 13:32:18","level":"INFO","logger":"com.alif.analytics.aspects.LoggingAndPerformanceAspect","message":"â± Execution time: 6 ms"}{"timestamp":"2026-08-02 13:32:19","level":"WARN","logger":"org.springframework.boot.jpa.autoconfigure.JpaBaseConfiguration$JpaWebConfiguration","message":"spring.jpa.open-in-view is enabled by default. Therefore, database queries may be performed during view rendering. Explicitly configure spring.jpa.open-in-view to disable this warning"}{"timestamp":"2026-08-02 13:32:19","level":"INFO","logger":"org.springframework.security.config.annotation.authentication.configuration.InitializeAuthenticationProviderBeanManagerConfigurer$InitializeAuthenticationProviderManagerConfigurer","message":"Global AuthenticationManager configured with AuthenticationProvider bean with name jobPortalUsernamePwdAuthenticationProvider"}{"timestamp":"2026-08-02 13:32:19","level":"INFO","logger":"com.alif.analytics.aspects.LoggingAndPerformanceAspect","message":"âž¡ï¸ Entering method: WebConfig.configurePathMatch(..)"}{"timestamp":"2026-08-02 13:32:19","level":"INFO","logger":"com.alif.analytics.aspects.LoggingAndPerformanceAspect","message":"ðŸ“¥ Arguments: [org.springframework.web.servlet.config.annotation.PathMatchConfigurer@201debaf]"}{"timestamp":"2026-08-02 13:32:19","level":"INFO","logger":"com.alif.analytics.aspects.LoggingAndPerformanceAspect","message":"âœ… Method executed successfully: WebConfig.configurePathMatch(..)"}{"timestamp":"2026-08-02 13:32:19","level":"INFO","logger":"com.alif.analytics.aspects.LoggingAndPerformanceAspect","message":"â± Execution time: 1 ms"}{"timestamp":"2026-08-02 13:32:19","level":"INFO","logger":"com.alif.analytics.aspects.LoggingAndPerformanceAspect","message":"âž¡ï¸ Entering method: AnalyticsSecurityConfig.customSecurityFilterChain(..)"}{"timestamp":"2026-08-02 13:32:19","level":"INFO","logger":"com.alif.analytics.aspects.LoggingAndPerformanceAspect","message":"ðŸ“¥ Arguments: [org.springframework.security.config.annotation.web.builders.HttpSecurity@32d01fb8]"}{"timestamp":"2026-08-02 13:32:19","level":"INFO","logger":"com.alif.analytics.aspects.LoggingAndPerformanceAspect","message":"âž¡ï¸ Entering method: AnalyticsSecurityConfig.corsConfigurationSource()"}{"timestamp":"2026-08-02 13:32:19","level":"INFO","logger":"com.alif.analytics.aspects.LoggingAndPerformanceAspect","message":"ðŸ“¥ Arguments: []"}{"timestamp":"2026-08-02 13:32:19","level":"INFO","logger":"com.alif.analytics.aspects.LoggingAndPerformanceAspect","message":"âœ… Method executed successfully: AnalyticsSecurityConfig.corsConfigurationSource()"}{"timestamp":"2026-08-02 13:32:19","level":"INFO","logger":"com.alif.analytics.aspects.LoggingAndPerformanceAspect","message":"â± Execution time: 5 ms"}{"timestamp":"2026-08-02 13:32:19","level":"INFO","logger":"com.alif.analytics.aspects.LoggingAndPerformanceAspect","message":"âœ… Method executed successfully: AnalyticsSecurityConfig.customSecurityFilterChain(..)"}{"timestamp":"2026-08-02 13:32:19","level":"INFO","logger":"com.alif.analytics.aspects.LoggingAndPerformanceAspect","message":"â± Execution time: 104 ms"}{"timestamp":"2026-08-02 13:32:19","level":"INFO","logger":"com.alif.analytics.aspects.LoggingAndPerformanceAspect","message":"âž¡ï¸ Entering method: WebConfig.configureApiVersioning(..)"}{"timestamp":"2026-08-02 13:32:19","level":"INFO","logger":"com.alif.analytics.aspects.LoggingAndPerformanceAspect","message":"ðŸ“¥ Arguments: [org.springframework.web.servlet.config.annotation.ApiVersionConfigurer@32c61e47]"}{"timestamp":"2026-08-02 13:32:19","level":"INFO","logger":"com.alif.analytics.aspects.LoggingAndPerformanceAspect","message":"âœ… Method executed successfully: WebConfig.configureApiVersioning(..)"}{"timestamp":"2026-08-02 13:32:19","level":"INFO","logger":"com.alif.analytics.aspects.LoggingAndPerformanceAspect","message":"â± Execution time: 3 ms"}{"timestamp":"2026-08-02 13:32:20","level":"INFO","logger":"org.springframework.boot.h2console.autoconfigure.H2ConsoleAutoConfiguration","message":"H2 console available at '/h2-console'. Database available at 'jdbc:mysql://127.0.0.1:3306/analytics'"}{"timestamp":"2026-08-02 13:32:20","level":"INFO","logger":"org.apache.coyote.http11.Http11NioProtocol","message":"Starting ProtocolHandler ["http-nio-8080"]"}{"timestamp":"2026-08-02 13:32:20","level":"INFO","logger":"org.springframework.boot.tomcat.TomcatWebServer","message":"Tomcat started on port 8080 (http) with context path '/'"}{"timestamp":"2026-08-02 13:32:20","level":"INFO","logger":"com.alif.analytics.AnalyticsApplication","message":"Started AnalyticsApplication in 41.522 seconds (process running for 43.268)"}{"timestamp":"2026-08-02 13:32:20","level":"WARN","logger":"org.springdoc.core.events.SpringDocAppInitializer","message":"SpringDoc /v3/api-docs endpoint is enabled by default. To disable it in production, set the property 'springdoc.api-docs.enabled=false'"}{"timestamp":"2026-08-02 13:32:20","level":"WARN","logger":"org.springdoc.core.events.SpringDocAppInitializer","message":"SpringDoc /swagger-ui.html endpoint is enabled by default. To disable it in production, set the property 'springdoc.swagger-ui.enabled=false'"}{"timestamp":"2026-08-02 13:37:30","level":"INFO","logger":"org.springframework.boot.tomcat.GracefulShutdown","message":"Commencing graceful shutdown. Waiting for active requests to complete"}{"timestamp":"2026-08-02 13:37:30","level":"INFO","logger":"org.springframework.boot.tomcat.GracefulShutdown","message":"Graceful shutdown complete"}{"timestamp":"2026-08-02 13:37:30","level":"INFO","logger":"org.springframework.orm.jpa.LocalContainerEntityManagerFactoryBean","message":"Closing JPA EntityManagerFactory for persistence unit 'default'"}{"timestamp":"2026-08-02 13:37:30","level":"INFO","logger":"com.zaxxer.hikari.HikariDataSource","message":"HikariPool-1 - Shutdown initiated..."}{"timestamp":"2026-08-02 13:37:30","level":"INFO","logger":"com.zaxxer.hikari.HikariDataSource","message":"HikariPool-1 - Shutdown completed."}{"timestamp":"2026-08-02 13:37:41","level":"INFO","logger":"com.alif.analytics.AnalyticsApplication","message":"Starting AnalyticsApplication using Java 26.0.1 with PID 12440 (C:\Users\USER\Documents\springboot\analytics\backend\target\classes started by USER in C:\Users\USER\Documents\springboot\analytics\backend)"}{"timestamp":"2026-08-02 13:37:41","level":"INFO","logger":"com.alif.analytics.AnalyticsApplication","message":"No active profile set, falling back to 1 default profile: "default""}{"timestamp":"2026-08-02 13:37:42","level":"INFO","logger":"org.springframework.boot.docker.compose.lifecycle.DockerComposeLifecycleManager","message":"Using Docker Compose file C:\Users\USER\Documents\springboot\analytics\backend\compose.yml"}{"timestamp":"2026-08-02 13:37:42","level":"INFO","logger":"org.hibernate.validator.internal.util.Version","message":"HV000001: Hibernate Validator 9.1.0.Final"}{"timestamp":"2026-08-02 13:37:43","level":"INFO","logger":"org.springframework.boot.docker.compose.core.DockerCli","message":" Container analyticsdb Starting "}{"timestamp":"2026-08-02 13:37:43","level":"INFO","logger":"org.springframework.boot.docker.compose.core.DockerCli","message":" Container analyticsdb Started "}{"timestamp":"2026-08-02 13:37:43","level":"INFO","logger":"org.springframework.boot.docker.compose.core.DockerCli","message":" Container analyticsdb Waiting "}{"timestamp":"2026-08-02 13:37:44","level":"INFO","logger":"org.springframework.boot.docker.compose.core.DockerCli","message":" Container analyticsdb Healthy "}{"timestamp":"2026-08-02 13:37:49","level":"INFO","logger":"org.springframework.boot.devtools.env.DevToolsPropertyDefaultsPostProcessor","message":"Devtools property defaults active! Set 'spring.devtools.add-properties' to 'false' to disable"}{"timestamp":"2026-08-02 13:37:49","level":"INFO","logger":"org.springframework.boot.devtools.env.DevToolsPropertyDefaultsPostProcessor","message":"For additional web related logging consider setting the 'logging.level.web' property to 'DEBUG'"}{"timestamp":"2026-08-02 13:37:51","level":"INFO","logger":"org.springframework.data.repository.config.RepositoryConfigurationDelegate","message":"Bootstrapping Spring Data JPA repositories in DEFAULT mode."}{"timestamp":"2026-08-02 13:37:51","level":"INFO","logger":"org.springframework.data.repository.config.RepositoryConfigurationDelegate","message":"Finished Spring Data repository scanning in 72 ms. Found 2 JPA repository interfaces."}{"timestamp":"2026-08-02 13:37:52","level":"INFO","logger":"org.springframework.boot.tomcat.TomcatWebServer","message":"Tomcat initialized with port 8080 (http)"}{"timestamp":"2026-08-02 13:37:52","level":"INFO","logger":"org.apache.coyote.http11.Http11NioProtocol","message":"Initializing ProtocolHandler ["http-nio-8080"]"}{"timestamp":"2026-08-02 13:37:52","level":"INFO","logger":"org.apache.catalina.core.StandardService","message":"Starting service [Tomcat]"}{"timestamp":"2026-08-02 13:37:52","level":"INFO","logger":"org.apache.catalina.core.StandardEngine","message":"Starting Servlet engine: [Apache Tomcat/11.0.22]"}{"timestamp":"2026-08-02 13:37:52","level":"INFO","logger":"org.springframework.boot.web.context.servlet.WebApplicationContextInitializer","message":"Root WebApplicationContext: initialization completed in 2836 ms"}{"timestamp":"2026-08-02 13:37:53","level":"INFO","logger":"org.hibernate.orm.jpa","message":"HHH008540: Processing PersistenceUnitInfo [name: default]"}{"timestamp":"2026-08-02 13:37:53","level":"INFO","logger":"org.hibernate.orm.core","message":"HHH000001: Hibernate ORM core version 7.4.1.Final"}{"timestamp":"2026-08-02 13:37:54","level":"INFO","logger":"org.springframework.orm.jpa.persistenceunit.SpringPersistenceUnitInfo","message":"No LoadTimeWeaver setup: ignoring JPA class transformer"}{"timestamp":"2026-08-02 13:37:54","level":"INFO","logger":"com.zaxxer.hikari.HikariDataSource","message":"HikariPool-1 - Starting..."}{"timestamp":"2026-08-02 13:37:55","level":"INFO","logger":"com.zaxxer.hikari.pool.HikariPool","message":"HikariPool-1 - Added connection com.mysql.cj.jdbc.ConnectionImpl@9f92534"}{"timestamp":"2026-08-02 13:37:55","level":"INFO","logger":"com.zaxxer.hikari.HikariDataSource","message":"HikariPool-1 - Start completed."}{"timestamp":"2026-08-02 13:37:55","level":"INFO","logger":"org.hibernate.orm.connections.pooling","message":"HHH10001005: Database info:
	Database JDBC URL [jdbc:mysql://127.0.0.1:3306/analytics]
	Database driver: MySQL Connector/J
	Database dialect: MySQLDialect
	Database version: 9.7.1
	Default catalog/schema: analytics/undefined
	Autocommit mode: undefined/unknown
	Isolation level: REPEATABLE_READ [default REPEATABLE_READ]
	JDBC fetch size: none
	Pool: DataSourceConnectionProvider
	Minimum pool size: undefined/unknown
	Maximum pool size: undefined/unknown"}{"timestamp":"2026-08-02 13:37:57","level":"INFO","logger":"org.hibernate.orm.core","message":"HHH000489: No JTA platform available (set 'hibernate.transaction.jta.platform' to enable JTA platform integration)"}{"timestamp":"2026-08-02 13:37:57","level":"WARN","logger":"org.hibernate.tool.schema.internal.ExceptionHandlerLoggedImpl","message":"GenerationTarget encountered exception accepting command : Error executing DDL "
    alter table users 
       drop 
       foreign key FKp56c1712k691lhsyewcssf40f" via JDBC [Table 'analytics.users' doesn't exist]"}org.hibernate.tool.schema.spi.CommandAcceptanceException: Error executing DDL "
    alter table users 
       drop 
       foreign key FKp56c1712k691lhsyewcssf40f" via JDBC [Table 'analytics.users' doesn't exist]
	at org.hibernate.tool.schema.internal.exec.GenerationTargetToDatabase.accept(GenerationTargetToDatabase.java:91)
	at org.hibernate.tool.schema.internal.Helper.applySqlString(Helper.java:218)
	at org.hibernate.tool.schema.internal.Helper.applySqlStrings(Helper.java:204)
	at org.hibernate.tool.schema.internal.SchemaDropperImpl.applyConstraintDropping(SchemaDropperImpl.java:473)
	at org.hibernate.tool.schema.internal.SchemaDropperImpl.dropConstraintsTablesSequences(SchemaDropperImpl.java:237)
	at org.hibernate.tool.schema.internal.SchemaDropperImpl.dropFromMetadata(SchemaDropperImpl.java:210)
	at org.hibernate.tool.schema.internal.SchemaDropperImpl.performDrop(SchemaDropperImpl.java:182)
	at org.hibernate.tool.schema.internal.SchemaDropperImpl.doDrop(SchemaDropperImpl.java:152)
	at org.hibernate.tool.schema.internal.SchemaDropperImpl.doDrop(SchemaDropperImpl.java:112)
	at org.hibernate.tool.schema.spi.SchemaManagementToolCoordinator.performDatabaseAction(SchemaManagementToolCoordinator.java:227)
	at org.hibernate.tool.schema.spi.SchemaManagementToolCoordinator.lambda$process$1(SchemaManagementToolCoordinator.java:101)
	at java.base/java.util.HashMap.forEach(HashMap.java:1430)
	at org.hibernate.tool.schema.spi.SchemaManagementToolCoordinator.process(SchemaManagementToolCoordinator.java:100)
	at org.hibernate.boot.internal.SessionFactoryObserverForSchemaExport.sessionFactoryCreated(SessionFactoryObserverForSchemaExport.java:35)
	at org.hibernate.internal.SessionFactoryObserverChain.sessionFactoryCreated(SessionFactoryObserverChain.java:33)
	at org.hibernate.internal.SessionFactoryImpl.<init>(SessionFactoryImpl.java:327)
	at org.hibernate.internal.SessionFactoryRegistry.instantiateSessionFactory(SessionFactoryRegistry.java:64)
	at org.hibernate.boot.internal.SessionFactoryBuilderImpl.build(SessionFactoryBuilderImpl.java:458)
	at org.hibernate.jpa.boot.internal.EntityManagerFactoryBuilderImpl.build(EntityManagerFactoryBuilderImpl.java:1452)
	at org.springframework.orm.jpa.vendor.SpringHibernateJpaPersistenceProvider.createContainerEntityManagerFactory(SpringHibernateJpaPersistenceProvider.java:93)
	at org.springframework.orm.jpa.LocalContainerEntityManagerFactoryBean.createNativeEntityManagerFactory(LocalContainerEntityManagerFactoryBean.java:443)
	at org.springframework.orm.jpa.AbstractEntityManagerFactoryBean.buildNativeEntityManagerFactory(AbstractEntityManagerFactoryBean.java:436)
	at org.springframework.orm.jpa.AbstractEntityManagerFactoryBean.afterPropertiesSet(AbstractEntityManagerFactoryBean.java:411)
	at org.springframework.orm.jpa.LocalContainerEntityManagerFactoryBean.afterPropertiesSet(LocalContainerEntityManagerFactoryBean.java:419)
	at org.springframework.beans.factory.support.AbstractAutowireCapableBeanFactory.invokeInitMethods(AbstractAutowireCapableBeanFactory.java:1862)
	at org.springframework.beans.factory.support.AbstractAutowireCapableBeanFactory.initializeBean(AbstractAutowireCapableBeanFactory.java:1811)
	at org.springframework.beans.factory.support.AbstractAutowireCapableBeanFactory.doCreateBean(AbstractAutowireCapableBeanFactory.java:603)
	at org.springframework.beans.factory.support.AbstractAutowireCapableBeanFactory.createBean(AbstractAutowireCapableBeanFactory.java:525)
	at org.springframework.beans.factory.support.AbstractBeanFactory.lambda$doGetBean$0(AbstractBeanFactory.java:333)
	at org.springframework.beans.factory.support.DefaultSingletonBeanRegistry.getSingleton(DefaultSingletonBeanRegistry.java:371)
	at org.springframework.beans.factory.support.AbstractBeanFactory.doGetBean(AbstractBeanFactory.java:331)
	at org.springframework.beans.factory.support.AbstractBeanFactory.getBean(AbstractBeanFactory.java:201)
	at org.springframework.context.support.AbstractApplicationContext.finishBeanFactoryInitialization(AbstractApplicationContext.java:977)
	at org.springframework.context.support.AbstractApplicationContext.refresh(AbstractApplicationContext.java:621)
	at org.springframework.boot.web.server.servlet.context.ServletWebServerApplicationContext.refresh(ServletWebServerApplicationContext.java:143)
	at org.springframework.boot.SpringApplication.refresh(SpringApplication.java:756)
	at org.springframework.boot.SpringApplication.refreshContext(SpringApplication.java:445)
	at org.springframework.boot.SpringApplication.run(SpringApplication.java:321)
	at org.springframework.boot.SpringApplication.run(SpringApplication.java:1365)
	at org.springframework.boot.SpringApplication.run(SpringApplication.java:1354)
	at com.alif.analytics.AnalyticsApplication.main(AnalyticsApplication.java:14)
	at java.base/jdk.internal.reflect.DirectMethodHandleAccessor.invoke(DirectMethodHandleAccessor.java:104)
	at java.base/java.lang.reflect.Method.invoke(Method.java:565)
	at org.springframework.boot.devtools.restart.RestartLauncher.run(RestartLauncher.java:52)
Caused by: java.sql.SQLSyntaxErrorException: Table 'analytics.users' doesn't exist
	at com.mysql.cj.jdbc.exceptions.SQLError.createSQLException(SQLError.java:112)
	at com.mysql.cj.jdbc.exceptions.SQLExceptionsMapping.translateException(SQLExceptionsMapping.java:114)
	at com.mysql.cj.jdbc.StatementImpl.executeInternal(StatementImpl.java:839)
	at com.mysql.cj.jdbc.StatementImpl.execute(StatementImpl.java:687)
	at com.zaxxer.hikari.pool.ProxyStatement.execute(ProxyStatement.java:95)
	at com.zaxxer.hikari.pool.HikariProxyStatement.execute(HikariProxyStatement.java)
	at org.hibernate.tool.schema.internal.exec.GenerationTargetToDatabase.accept(GenerationTargetToDatabase.java:86)
	... 43 common frames omitted
{"timestamp":"2026-08-02 13:37:57","level":"INFO","logger":"org.springframework.orm.jpa.LocalContainerEntityManagerFactoryBean","message":"Initialized JPA EntityManagerFactory for persistence unit 'default'"}{"timestamp":"2026-08-02 13:37:57","level":"INFO","logger":"com.alif.analytics.aspects.LoggingAndPerformanceAspect","message":"âž¡ï¸ Entering method: PathsConfig.publicPaths()"}{"timestamp":"2026-08-02 13:37:57","level":"INFO","logger":"com.alif.analytics.aspects.LoggingAndPerformanceAspect","message":"ðŸ“¥ Arguments: []"}{"timestamp":"2026-08-02 13:37:57","level":"INFO","logger":"com.alif.analytics.aspects.LoggingAndPerformanceAspect","message":"âœ… Method executed successfully: PathsConfig.publicPaths()"}{"timestamp":"2026-08-02 13:37:57","level":"INFO","logger":"com.alif.analytics.aspects.LoggingAndPerformanceAspect","message":"â± Execution time: 3 ms"}{"timestamp":"2026-08-02 13:37:57","level":"INFO","logger":"com.alif.analytics.aspects.LoggingAndPerformanceAspect","message":"âž¡ï¸ Entering method: PathsConfig.securedPaths()"}{"timestamp":"2026-08-02 13:37:57","level":"INFO","logger":"com.alif.analytics.aspects.LoggingAndPerformanceAspect","message":"ðŸ“¥ Arguments: []"}{"timestamp":"2026-08-02 13:37:57","level":"INFO","logger":"com.alif.analytics.aspects.LoggingAndPerformanceAspect","message":"âœ… Method executed successfully: PathsConfig.securedPaths()"}{"timestamp":"2026-08-02 13:37:57","level":"INFO","logger":"com.alif.analytics.aspects.LoggingAndPerformanceAspect","message":"â± Execution time: 0 ms"}{"timestamp":"2026-08-02 13:37:57","level":"INFO","logger":"com.alif.analytics.aspects.LoggingAndPerformanceAspect","message":"âž¡ï¸ Entering method: PathsConfig.adminPaths()"}{"timestamp":"2026-08-02 13:37:57","level":"INFO","logger":"com.alif.analytics.aspects.LoggingAndPerformanceAspect","message":"ðŸ“¥ Arguments: []"}{"timestamp":"2026-08-02 13:37:57","level":"INFO","logger":"com.alif.analytics.aspects.LoggingAndPerformanceAspect","message":"âœ… Method executed successfully: PathsConfig.adminPaths()"}{"timestamp":"2026-08-02 13:37:57","level":"INFO","logger":"com.alif.analytics.aspects.LoggingAndPerformanceAspect","message":"â± Execution time: 1 ms"}{"timestamp":"2026-08-02 13:37:57","level":"INFO","logger":"com.alif.analytics.aspects.LoggingAndPerformanceAspect","message":"âž¡ï¸ Entering method: PathsConfig.employerPaths()"}{"timestamp":"2026-08-02 13:37:57","level":"INFO","logger":"com.alif.analytics.aspects.LoggingAndPerformanceAspect","message":"ðŸ“¥ Arguments: []"}{"timestamp":"2026-08-02 13:37:57","level":"INFO","logger":"com.alif.analytics.aspects.LoggingAndPerformanceAspect","message":"âœ… Method executed successfully: PathsConfig.employerPaths()"}{"timestamp":"2026-08-02 13:37:57","level":"INFO","logger":"com.alif.analytics.aspects.LoggingAndPerformanceAspect","message":"â± Execution time: 1 ms"}{"timestamp":"2026-08-02 13:37:57","level":"INFO","logger":"com.alif.analytics.aspects.LoggingAndPerformanceAspect","message":"âž¡ï¸ Entering method: AnalyticsSecurityConfig.compromisedPasswordChecker()"}{"timestamp":"2026-08-02 13:37:57","level":"INFO","logger":"com.alif.analytics.aspects.LoggingAndPerformanceAspect","message":"ðŸ“¥ Arguments: []"}{"timestamp":"2026-08-02 13:37:58","level":"INFO","logger":"com.alif.analytics.aspects.LoggingAndPerformanceAspect","message":"âœ… Method executed successfully: AnalyticsSecurityConfig.compromisedPasswordChecker()"}{"timestamp":"2026-08-02 13:37:58","level":"INFO","logger":"com.alif.analytics.aspects.LoggingAndPerformanceAspect","message":"â± Execution time: 430 ms"}{"timestamp":"2026-08-02 13:37:58","level":"INFO","logger":"org.springframework.data.jpa.repository.query.QueryEnhancerFactories","message":"Hibernate is in classpath; If applicable, HQL parser will be used."}{"timestamp":"2026-08-02 13:37:58","level":"INFO","logger":"com.alif.analytics.aspects.LoggingAndPerformanceAspect","message":"âž¡ï¸ Entering method: AnalyticsSecurityConfig.passwordEncoder()"}{"timestamp":"2026-08-02 13:37:58","level":"INFO","logger":"com.alif.analytics.aspects.LoggingAndPerformanceAspect","message":"ðŸ“¥ Arguments: []"}{"timestamp":"2026-08-02 13:37:58","level":"INFO","logger":"com.alif.analytics.aspects.LoggingAndPerformanceAspect","message":"âœ… Method executed successfully: AnalyticsSecurityConfig.passwordEncoder()"}{"timestamp":"2026-08-02 13:37:58","level":"INFO","logger":"com.alif.analytics.aspects.LoggingAndPerformanceAspect","message":"â± Execution time: 4 ms"}{"timestamp":"2026-08-02 13:37:59","level":"INFO","logger":"com.alif.analytics.aspects.LoggingAndPerformanceAspect","message":"âž¡ï¸ Entering method: AnalyticsSecurityConfig.authenticationManager(..)"}{"timestamp":"2026-08-02 13:37:59","level":"INFO","logger":"com.alif.analytics.aspects.LoggingAndPerformanceAspect","message":"ðŸ“¥ Arguments: [com.alif.analytics.security.JobPortalUsernamePwdAuthenticationProvider@5971a583]"}{"timestamp":"2026-08-02 13:37:59","level":"INFO","logger":"com.alif.analytics.aspects.LoggingAndPerformanceAspect","message":"âœ… Method executed successfully: AnalyticsSecurityConfig.authenticationManager(..)"}{"timestamp":"2026-08-02 13:37:59","level":"INFO","logger":"com.alif.analytics.aspects.LoggingAndPerformanceAspect","message":"â± Execution time: 9 ms"}{"timestamp":"2026-08-02 13:37:59","level":"WARN","logger":"org.springframework.boot.jpa.autoconfigure.JpaBaseConfiguration$JpaWebConfiguration","message":"spring.jpa.open-in-view is enabled by default. Therefore, database queries may be performed during view rendering. Explicitly configure spring.jpa.open-in-view to disable this warning"}{"timestamp":"2026-08-02 13:37:59","level":"INFO","logger":"org.springframework.security.config.annotation.authentication.configuration.InitializeAuthenticationProviderBeanManagerConfigurer$InitializeAuthenticationProviderManagerConfigurer","message":"Global AuthenticationManager configured with AuthenticationProvider bean with name jobPortalUsernamePwdAuthenticationProvider"}{"timestamp":"2026-08-02 13:37:59","level":"INFO","logger":"com.alif.analytics.aspects.LoggingAndPerformanceAspect","message":"âž¡ï¸ Entering method: WebConfig.configurePathMatch(..)"}{"timestamp":"2026-08-02 13:37:59","level":"INFO","logger":"com.alif.analytics.aspects.LoggingAndPerformanceAspect","message":"ðŸ“¥ Arguments: [org.springframework.web.servlet.config.annotation.PathMatchConfigurer@7051c6c0]"}{"timestamp":"2026-08-02 13:37:59","level":"INFO","logger":"com.alif.analytics.aspects.LoggingAndPerformanceAspect","message":"âœ… Method executed successfully: WebConfig.configurePathMatch(..)"}{"timestamp":"2026-08-02 13:37:59","level":"INFO","logger":"com.alif.analytics.aspects.LoggingAndPerformanceAspect","message":"â± Execution time: 2 ms"}{"timestamp":"2026-08-02 13:37:59","level":"INFO","logger":"com.alif.analytics.aspects.LoggingAndPerformanceAspect","message":"âž¡ï¸ Entering method: AnalyticsSecurityConfig.customSecurityFilterChain(..)"}{"timestamp":"2026-08-02 13:37:59","level":"INFO","logger":"com.alif.analytics.aspects.LoggingAndPerformanceAspect","message":"ðŸ“¥ Arguments: [org.springframework.security.config.annotation.web.builders.HttpSecurity@509990e]"}{"timestamp":"2026-08-02 13:37:59","level":"INFO","logger":"com.alif.analytics.aspects.LoggingAndPerformanceAspect","message":"âž¡ï¸ Entering method: AnalyticsSecurityConfig.corsConfigurationSource()"}{"timestamp":"2026-08-02 13:37:59","level":"INFO","logger":"com.alif.analytics.aspects.LoggingAndPerformanceAspect","message":"ðŸ“¥ Arguments: []"}{"timestamp":"2026-08-02 13:37:59","level":"INFO","logger":"com.alif.analytics.aspects.LoggingAndPerformanceAspect","message":"âœ… Method executed successfully: AnalyticsSecurityConfig.corsConfigurationSource()"}{"timestamp":"2026-08-02 13:37:59","level":"INFO","logger":"com.alif.analytics.aspects.LoggingAndPerformanceAspect","message":"â± Execution time: 3 ms"}{"timestamp":"2026-08-02 13:37:59","level":"INFO","logger":"com.alif.analytics.aspects.LoggingAndPerformanceAspect","message":"âœ… Method executed successfully: AnalyticsSecurityConfig.customSecurityFilterChain(..)"}{"timestamp":"2026-08-02 13:37:59","level":"INFO","logger":"com.alif.analytics.aspects.LoggingAndPerformanceAspect","message":"â± Execution time: 97 ms"}{"timestamp":"2026-08-02 13:38:00","level":"INFO","logger":"com.alif.analytics.aspects.LoggingAndPerformanceAspect","message":"âž¡ï¸ Entering method: WebConfig.configureApiVersioning(..)"}{"timestamp":"2026-08-02 13:38:00","level":"INFO","logger":"com.alif.analytics.aspects.LoggingAndPerformanceAspect","message":"ðŸ“¥ Arguments: [org.springframework.web.servlet.config.annotation.ApiVersionConfigurer@3218c667]"}{"timestamp":"2026-08-02 13:38:00","level":"INFO","logger":"com.alif.analytics.aspects.LoggingAndPerformanceAspect","message":"âœ… Method executed successfully: WebConfig.configureApiVersioning(..)"}{"timestamp":"2026-08-02 13:38:00","level":"INFO","logger":"com.alif.analytics.aspects.LoggingAndPerformanceAspect","message":"â± Execution time: 3 ms"}{"timestamp":"2026-08-02 13:38:00","level":"INFO","logger":"org.springframework.boot.h2console.autoconfigure.H2ConsoleAutoConfiguration","message":"H2 console available at '/h2-console'. Database available at 'jdbc:mysql://127.0.0.1:3306/analytics'"}{"timestamp":"2026-08-02 13:38:00","level":"INFO","logger":"org.apache.coyote.http11.Http11NioProtocol","message":"Starting ProtocolHandler ["http-nio-8080"]"}{"timestamp":"2026-08-02 13:38:00","level":"INFO","logger":"org.springframework.boot.tomcat.TomcatWebServer","message":"Tomcat started on port 8080 (http) with context path '/'"}{"timestamp":"2026-08-02 13:38:00","level":"INFO","logger":"com.alif.analytics.AnalyticsApplication","message":"Started AnalyticsApplication in 19.727 seconds (process running for 22.242)"}{"timestamp":"2026-08-02 13:38:00","level":"WARN","logger":"org.springdoc.core.events.SpringDocAppInitializer","message":"SpringDoc /v3/api-docs endpoint is enabled by default. To disable it in production, set the property 'springdoc.api-docs.enabled=false'"}{"timestamp":"2026-08-02 13:38:00","level":"WARN","logger":"org.springdoc.core.events.SpringDocAppInitializer","message":"SpringDoc /swagger-ui.html endpoint is enabled by default. To disable it in production, set the property 'springdoc.swagger-ui.enabled=false'"}{"timestamp":"2026-08-02 13:38:10","level":"INFO","logger":"org.springframework.boot.tomcat.GracefulShutdown","message":"Commencing graceful shutdown. Waiting for active requests to complete"}{"timestamp":"2026-08-02 13:38:10","level":"INFO","logger":"org.springframework.boot.tomcat.GracefulShutdown","message":"Graceful shutdown complete"}{"timestamp":"2026-08-02 13:38:10","level":"INFO","logger":"org.springframework.orm.jpa.LocalContainerEntityManagerFactoryBean","message":"Closing JPA EntityManagerFactory for persistence unit 'default'"}{"timestamp":"2026-08-02 13:38:10","level":"INFO","logger":"com.zaxxer.hikari.HikariDataSource","message":"HikariPool-1 - Shutdown initiated..."}{"timestamp":"2026-08-02 13:38:10","level":"INFO","logger":"com.zaxxer.hikari.HikariDataSource","message":"HikariPool-1 - Shutdown completed."}{"timestamp":"2026-08-02 13:38:18","level":"INFO","logger":"com.alif.analytics.AnalyticsApplication","message":"Starting AnalyticsApplication using Java 26.0.1 with PID 18704 (C:\Users\USER\Documents\springboot\analytics\backend\target\classes started by USER in C:\Users\USER\Documents\springboot\analytics\backend)"}{"timestamp":"2026-08-02 13:38:18","level":"INFO","logger":"com.alif.analytics.AnalyticsApplication","message":"No active profile set, falling back to 1 default profile: "default""}{"timestamp":"2026-08-02 13:38:18","level":"INFO","logger":"org.springframework.boot.docker.compose.lifecycle.DockerComposeLifecycleManager","message":"Using Docker Compose file C:\Users\USER\Documents\springboot\analytics\backend\compose.yml"}{"timestamp":"2026-08-02 13:38:19","level":"INFO","logger":"org.hibernate.validator.internal.util.Version","message":"HV000001: Hibernate Validator 9.1.0.Final"}{"timestamp":"2026-08-02 13:38:20","level":"INFO","logger":"org.springframework.boot.docker.compose.core.DockerCli","message":" Container analyticsdb Starting "}{"timestamp":"2026-08-02 13:38:20","level":"INFO","logger":"org.springframework.boot.docker.compose.core.DockerCli","message":" Container analyticsdb Started "}{"timestamp":"2026-08-02 13:38:20","level":"INFO","logger":"org.springframework.boot.docker.compose.core.DockerCli","message":" Container analyticsdb Waiting "}{"timestamp":"2026-08-02 13:38:21","level":"INFO","logger":"org.springframework.boot.docker.compose.core.DockerCli","message":" Container analyticsdb Healthy "}{"timestamp":"2026-08-02 13:38:25","level":"INFO","logger":"org.springframework.boot.devtools.env.DevToolsPropertyDefaultsPostProcessor","message":"Devtools property defaults active! Set 'spring.devtools.add-properties' to 'false' to disable"}{"timestamp":"2026-08-02 13:38:25","level":"INFO","logger":"org.springframework.boot.devtools.env.DevToolsPropertyDefaultsPostProcessor","message":"For additional web related logging consider setting the 'logging.level.web' property to 'DEBUG'"}{"timestamp":"2026-08-02 13:38:27","level":"INFO","logger":"org.springframework.data.repository.config.RepositoryConfigurationDelegate","message":"Bootstrapping Spring Data JPA repositories in DEFAULT mode."}{"timestamp":"2026-08-02 13:38:27","level":"INFO","logger":"org.springframework.data.repository.config.RepositoryConfigurationDelegate","message":"Finished Spring Data repository scanning in 91 ms. Found 2 JPA repository interfaces."}{"timestamp":"2026-08-02 13:38:28","level":"INFO","logger":"org.springframework.boot.tomcat.TomcatWebServer","message":"Tomcat initialized with port 8080 (http)"}{"timestamp":"2026-08-02 13:38:28","level":"INFO","logger":"org.apache.coyote.http11.Http11NioProtocol","message":"Initializing ProtocolHandler ["http-nio-8080"]"}{"timestamp":"2026-08-02 13:38:28","level":"INFO","logger":"org.apache.catalina.core.StandardService","message":"Starting service [Tomcat]"}{"timestamp":"2026-08-02 13:38:28","level":"INFO","logger":"org.apache.catalina.core.StandardEngine","message":"Starting Servlet engine: [Apache Tomcat/11.0.22]"}{"timestamp":"2026-08-02 13:38:28","level":"INFO","logger":"org.springframework.boot.web.context.servlet.WebApplicationContextInitializer","message":"Root WebApplicationContext: initialization completed in 2920 ms"}{"timestamp":"2026-08-02 13:38:28","level":"INFO","logger":"org.hibernate.orm.jpa","message":"HHH008540: Processing PersistenceUnitInfo [name: default]"}{"timestamp":"2026-08-02 13:38:29","level":"INFO","logger":"org.hibernate.orm.core","message":"HHH000001: Hibernate ORM core version 7.4.1.Final"}{"timestamp":"2026-08-02 13:38:29","level":"INFO","logger":"org.springframework.orm.jpa.persistenceunit.SpringPersistenceUnitInfo","message":"No LoadTimeWeaver setup: ignoring JPA class transformer"}{"timestamp":"2026-08-02 13:38:30","level":"INFO","logger":"com.zaxxer.hikari.HikariDataSource","message":"HikariPool-1 - Starting..."}{"timestamp":"2026-08-02 13:38:30","level":"INFO","logger":"com.zaxxer.hikari.pool.HikariPool","message":"HikariPool-1 - Added connection com.mysql.cj.jdbc.ConnectionImpl@4ab1c178"}{"timestamp":"2026-08-02 13:38:30","level":"INFO","logger":"com.zaxxer.hikari.HikariDataSource","message":"HikariPool-1 - Start completed."}{"timestamp":"2026-08-02 13:38:31","level":"INFO","logger":"org.hibernate.orm.connections.pooling","message":"HHH10001005: Database info:
	Database JDBC URL [jdbc:mysql://127.0.0.1:3306/analytics]
	Database driver: MySQL Connector/J
	Database dialect: MySQLDialect
	Database version: 9.7.1
	Default catalog/schema: analytics/undefined
	Autocommit mode: undefined/unknown
	Isolation level: REPEATABLE_READ [default REPEATABLE_READ]
	JDBC fetch size: none
	Pool: DataSourceConnectionProvider
	Minimum pool size: undefined/unknown
	Maximum pool size: undefined/unknown"}{"timestamp":"2026-08-02 13:38:33","level":"INFO","logger":"org.hibernate.orm.core","message":"HHH000489: No JTA platform available (set 'hibernate.transaction.jta.platform' to enable JTA platform integration)"}{"timestamp":"2026-08-02 13:38:33","level":"INFO","logger":"org.springframework.orm.jpa.LocalContainerEntityManagerFactoryBean","message":"Initialized JPA EntityManagerFactory for persistence unit 'default'"}{"timestamp":"2026-08-02 13:38:33","level":"INFO","logger":"com.alif.analytics.aspects.LoggingAndPerformanceAspect","message":"âž¡ï¸ Entering method: PathsConfig.publicPaths()"}{"timestamp":"2026-08-02 13:38:33","level":"INFO","logger":"com.alif.analytics.aspects.LoggingAndPerformanceAspect","message":"ðŸ“¥ Arguments: []"}{"timestamp":"2026-08-02 13:38:33","level":"INFO","logger":"com.alif.analytics.aspects.LoggingAndPerformanceAspect","message":"âœ… Method executed successfully: PathsConfig.publicPaths()"}{"timestamp":"2026-08-02 13:38:33","level":"INFO","logger":"com.alif.analytics.aspects.LoggingAndPerformanceAspect","message":"â± Execution time: 3 ms"}{"timestamp":"2026-08-02 13:38:33","level":"INFO","logger":"com.alif.analytics.aspects.LoggingAndPerformanceAspect","message":"âž¡ï¸ Entering method: PathsConfig.securedPaths()"}{"timestamp":"2026-08-02 13:38:33","level":"INFO","logger":"com.alif.analytics.aspects.LoggingAndPerformanceAspect","message":"ðŸ“¥ Arguments: []"}{"timestamp":"2026-08-02 13:38:33","level":"INFO","logger":"com.alif.analytics.aspects.LoggingAndPerformanceAspect","message":"âœ… Method executed successfully: PathsConfig.securedPaths()"}{"timestamp":"2026-08-02 13:38:33","level":"INFO","logger":"com.alif.analytics.aspects.LoggingAndPerformanceAspect","message":"â± Execution time: 1 ms"}{"timestamp":"2026-08-02 13:38:33","level":"INFO","logger":"com.alif.analytics.aspects.LoggingAndPerformanceAspect","message":"âž¡ï¸ Entering method: PathsConfig.adminPaths()"}{"timestamp":"2026-08-02 13:38:33","level":"INFO","logger":"com.alif.analytics.aspects.LoggingAndPerformanceAspect","message":"ðŸ“¥ Arguments: []"}{"timestamp":"2026-08-02 13:38:33","level":"INFO","logger":"com.alif.analytics.aspects.LoggingAndPerformanceAspect","message":"âœ… Method executed successfully: PathsConfig.adminPaths()"}{"timestamp":"2026-08-02 13:38:33","level":"INFO","logger":"com.alif.analytics.aspects.LoggingAndPerformanceAspect","message":"â± Execution time: 1 ms"}{"timestamp":"2026-08-02 13:38:33","level":"INFO","logger":"com.alif.analytics.aspects.LoggingAndPerformanceAspect","message":"âž¡ï¸ Entering method: PathsConfig.employerPaths()"}{"timestamp":"2026-08-02 13:38:33","level":"INFO","logger":"com.alif.analytics.aspects.LoggingAndPerformanceAspect","message":"ðŸ“¥ Arguments: []"}{"timestamp":"2026-08-02 13:38:33","level":"INFO","logger":"com.alif.analytics.aspects.LoggingAndPerformanceAspect","message":"âœ… Method executed successfully: PathsConfig.employerPaths()"}{"timestamp":"2026-08-02 13:38:33","level":"INFO","logger":"com.alif.analytics.aspects.LoggingAndPerformanceAspect","message":"â± Execution time: 1 ms"}{"timestamp":"2026-08-02 13:38:33","level":"INFO","logger":"com.alif.analytics.aspects.LoggingAndPerformanceAspect","message":"âž¡ï¸ Entering method: AnalyticsSecurityConfig.compromisedPasswordChecker()"}{"timestamp":"2026-08-02 13:38:33","level":"INFO","logger":"com.alif.analytics.aspects.LoggingAndPerformanceAspect","message":"ðŸ“¥ Arguments: []"}{"timestamp":"2026-08-02 13:38:34","level":"INFO","logger":"com.alif.analytics.aspects.LoggingAndPerformanceAspect","message":"âœ… Method executed successfully: AnalyticsSecurityConfig.compromisedPasswordChecker()"}{"timestamp":"2026-08-02 13:38:34","level":"INFO","logger":"com.alif.analytics.aspects.LoggingAndPerformanceAspect","message":"â± Execution time: 246 ms"}{"timestamp":"2026-08-02 13:38:34","level":"INFO","logger":"org.springframework.data.jpa.repository.query.QueryEnhancerFactories","message":"Hibernate is in classpath; If applicable, HQL parser will be used."}{"timestamp":"2026-08-02 13:38:34","level":"INFO","logger":"com.alif.analytics.aspects.LoggingAndPerformanceAspect","message":"âž¡ï¸ Entering method: AnalyticsSecurityConfig.passwordEncoder()"}{"timestamp":"2026-08-02 13:38:34","level":"INFO","logger":"com.alif.analytics.aspects.LoggingAndPerformanceAspect","message":"ðŸ“¥ Arguments: []"}{"timestamp":"2026-08-02 13:38:34","level":"INFO","logger":"com.alif.analytics.aspects.LoggingAndPerformanceAspect","message":"âœ… Method executed successfully: AnalyticsSecurityConfig.passwordEncoder()"}{"timestamp":"2026-08-02 13:38:34","level":"INFO","logger":"com.alif.analytics.aspects.LoggingAndPerformanceAspect","message":"â± Execution time: 5 ms"}{"timestamp":"2026-08-02 13:38:34","level":"INFO","logger":"com.alif.analytics.aspects.LoggingAndPerformanceAspect","message":"âž¡ï¸ Entering method: AnalyticsSecurityConfig.authenticationManager(..)"}{"timestamp":"2026-08-02 13:38:34","level":"INFO","logger":"com.alif.analytics.aspects.LoggingAndPerformanceAspect","message":"ðŸ“¥ Arguments: [com.alif.analytics.security.JobPortalUsernamePwdAuthenticationProvider@298d81ed]"}{"timestamp":"2026-08-02 13:38:34","level":"INFO","logger":"com.alif.analytics.aspects.LoggingAndPerformanceAspect","message":"âœ… Method executed successfully: AnalyticsSecurityConfig.authenticationManager(..)"}{"timestamp":"2026-08-02 13:38:34","level":"INFO","logger":"com.alif.analytics.aspects.LoggingAndPerformanceAspect","message":"â± Execution time: 8 ms"}{"timestamp":"2026-08-02 13:38:35","level":"WARN","logger":"org.springframework.boot.jpa.autoconfigure.JpaBaseConfiguration$JpaWebConfiguration","message":"spring.jpa.open-in-view is enabled by default. Therefore, database queries may be performed during view rendering. Explicitly configure spring.jpa.open-in-view to disable this warning"}{"timestamp":"2026-08-02 13:38:35","level":"INFO","logger":"org.springframework.security.config.annotation.authentication.configuration.InitializeAuthenticationProviderBeanManagerConfigurer$InitializeAuthenticationProviderManagerConfigurer","message":"Global AuthenticationManager configured with AuthenticationProvider bean with name jobPortalUsernamePwdAuthenticationProvider"}{"timestamp":"2026-08-02 13:38:35","level":"INFO","logger":"com.alif.analytics.aspects.LoggingAndPerformanceAspect","message":"âž¡ï¸ Entering method: WebConfig.configurePathMatch(..)"}{"timestamp":"2026-08-02 13:38:35","level":"INFO","logger":"com.alif.analytics.aspects.LoggingAndPerformanceAspect","message":"ðŸ“¥ Arguments: [org.springframework.web.servlet.config.annotation.PathMatchConfigurer@41ca9d12]"}{"timestamp":"2026-08-02 13:38:35","level":"INFO","logger":"com.alif.analytics.aspects.LoggingAndPerformanceAspect","message":"âœ… Method executed successfully: WebConfig.configurePathMatch(..)"}{"timestamp":"2026-08-02 13:38:35","level":"INFO","logger":"com.alif.analytics.aspects.LoggingAndPerformanceAspect","message":"â± Execution time: 1 ms"}{"timestamp":"2026-08-02 13:38:35","level":"INFO","logger":"com.alif.analytics.aspects.LoggingAndPerformanceAspect","message":"âž¡ï¸ Entering method: AnalyticsSecurityConfig.customSecurityFilterChain(..)"}{"timestamp":"2026-08-02 13:38:35","level":"INFO","logger":"com.alif.analytics.aspects.LoggingAndPerformanceAspect","message":"ðŸ“¥ Arguments: [org.springframework.security.config.annotation.web.builders.HttpSecurity@7bfb1856]"}{"timestamp":"2026-08-02 13:38:35","level":"INFO","logger":"com.alif.analytics.aspects.LoggingAndPerformanceAspect","message":"âž¡ï¸ Entering method: AnalyticsSecurityConfig.corsConfigurationSource()"}{"timestamp":"2026-08-02 13:38:35","level":"INFO","logger":"com.alif.analytics.aspects.LoggingAndPerformanceAspect","message":"ðŸ“¥ Arguments: []"}{"timestamp":"2026-08-02 13:38:35","level":"INFO","logger":"com.alif.analytics.aspects.LoggingAndPerformanceAspect","message":"âœ… Method executed successfully: AnalyticsSecurityConfig.corsConfigurationSource()"}{"timestamp":"2026-08-02 13:38:35","level":"INFO","logger":"com.alif.analytics.aspects.LoggingAndPerformanceAspect","message":"â± Execution time: 5 ms"}{"timestamp":"2026-08-02 13:38:35","level":"INFO","logger":"com.alif.analytics.aspects.LoggingAndPerformanceAspect","message":"âœ… Method executed successfully: AnalyticsSecurityConfig.customSecurityFilterChain(..)"}{"timestamp":"2026-08-02 13:38:35","level":"INFO","logger":"com.alif.analytics.aspects.LoggingAndPerformanceAspect","message":"â± Execution time: 110 ms"}{"timestamp":"2026-08-02 13:38:35","level":"INFO","logger":"com.alif.analytics.aspects.LoggingAndPerformanceAspect","message":"âž¡ï¸ Entering method: WebConfig.configureApiVersioning(..)"}{"timestamp":"2026-08-02 13:38:35","level":"INFO","logger":"com.alif.analytics.aspects.LoggingAndPerformanceAspect","message":"ðŸ“¥ Arguments: [org.springframework.web.servlet.config.annotation.ApiVersionConfigurer@6666b0e8]"}{"timestamp":"2026-08-02 13:38:35","level":"INFO","logger":"com.alif.analytics.aspects.LoggingAndPerformanceAspect","message":"âœ… Method executed successfully: WebConfig.configureApiVersioning(..)"}{"timestamp":"2026-08-02 13:38:35","level":"INFO","logger":"com.alif.analytics.aspects.LoggingAndPerformanceAspect","message":"â± Execution time: 4 ms"}{"timestamp":"2026-08-02 13:38:36","level":"INFO","logger":"org.springframework.boot.h2console.autoconfigure.H2ConsoleAutoConfiguration","message":"H2 console available at '/h2-console'. Database available at 'jdbc:mysql://127.0.0.1:3306/analytics'"}{"timestamp":"2026-08-02 13:38:36","level":"INFO","logger":"org.apache.coyote.http11.Http11NioProtocol","message":"Starting ProtocolHandler ["http-nio-8080"]"}{"timestamp":"2026-08-02 13:38:36","level":"INFO","logger":"org.springframework.boot.tomcat.TomcatWebServer","message":"Tomcat started on port 8080 (http) with context path '/'"}{"timestamp":"2026-08-02 13:38:36","level":"INFO","logger":"com.alif.analytics.AnalyticsApplication","message":"Started AnalyticsApplication in 20.308 seconds (process running for 22.192)"}{"timestamp":"2026-08-02 13:38:36","level":"WARN","logger":"org.springdoc.core.events.SpringDocAppInitializer","message":"SpringDoc /v3/api-docs endpoint is enabled by default. To disable it in production, set the property 'springdoc.api-docs.enabled=false'"}{"timestamp":"2026-08-02 13:38:36","level":"WARN","logger":"org.springdoc.core.events.SpringDocAppInitializer","message":"SpringDoc /swagger-ui.html endpoint is enabled by default. To disable it in production, set the property 'springdoc.swagger-ui.enabled=false'"}{"timestamp":"2026-08-02 13:42:32","level":"INFO","logger":"org.springframework.boot.tomcat.GracefulShutdown","message":"Commencing graceful shutdown. Waiting for active requests to complete"}{"timestamp":"2026-08-02 13:42:32","level":"INFO","logger":"org.springframework.boot.tomcat.GracefulShutdown","message":"Graceful shutdown complete"}{"timestamp":"2026-08-02 13:42:32","level":"INFO","logger":"org.springframework.orm.jpa.LocalContainerEntityManagerFactoryBean","message":"Closing JPA EntityManagerFactory for persistence unit 'default'"}{"timestamp":"2026-08-02 13:42:32","level":"INFO","logger":"com.zaxxer.hikari.HikariDataSource","message":"HikariPool-1 - Shutdown initiated..."}{"timestamp":"2026-08-02 13:42:32","level":"INFO","logger":"com.zaxxer.hikari.HikariDataSource","message":"HikariPool-1 - Shutdown completed."}{"timestamp":"2026-08-02 13:42:38","level":"INFO","logger":"com.alif.analytics.AnalyticsApplication","message":"Starting AnalyticsApplication using Java 26.0.1 with PID 21536 (C:\Users\USER\Documents\springboot\analytics\backend\target\classes started by USER in C:\Users\USER\Documents\springboot\analytics\backend)"}{"timestamp":"2026-08-02 13:42:38","level":"INFO","logger":"com.alif.analytics.AnalyticsApplication","message":"No active profile set, falling back to 1 default profile: "default""}{"timestamp":"2026-08-02 13:42:38","level":"INFO","logger":"org.springframework.boot.docker.compose.lifecycle.DockerComposeLifecycleManager","message":"Using Docker Compose file C:\Users\USER\Documents\springboot\analytics\backend\compose.yml"}{"timestamp":"2026-08-02 13:42:39","level":"INFO","logger":"org.hibernate.validator.internal.util.Version","message":"HV000001: Hibernate Validator 9.1.0.Final"}{"timestamp":"2026-08-02 13:42:40","level":"INFO","logger":"org.springframework.boot.docker.compose.core.DockerCli","message":" Container analyticsdb Starting "}{"timestamp":"2026-08-02 13:42:40","level":"INFO","logger":"org.springframework.boot.docker.compose.core.DockerCli","message":" Container analyticsdb Started "}{"timestamp":"2026-08-02 13:42:40","level":"INFO","logger":"org.springframework.boot.docker.compose.core.DockerCli","message":" Container analyticsdb Waiting "}{"timestamp":"2026-08-02 13:42:41","level":"INFO","logger":"org.springframework.boot.docker.compose.core.DockerCli","message":" Container analyticsdb Healthy "}{"timestamp":"2026-08-02 13:42:45","level":"INFO","logger":"org.springframework.boot.devtools.env.DevToolsPropertyDefaultsPostProcessor","message":"Devtools property defaults active! Set 'spring.devtools.add-properties' to 'false' to disable"}{"timestamp":"2026-08-02 13:42:45","level":"INFO","logger":"org.springframework.boot.devtools.env.DevToolsPropertyDefaultsPostProcessor","message":"For additional web related logging consider setting the 'logging.level.web' property to 'DEBUG'"}{"timestamp":"2026-08-02 13:42:47","level":"INFO","logger":"org.springframework.data.repository.config.RepositoryConfigurationDelegate","message":"Bootstrapping Spring Data JPA repositories in DEFAULT mode."}{"timestamp":"2026-08-02 13:42:47","level":"INFO","logger":"org.springframework.data.repository.config.RepositoryConfigurationDelegate","message":"Finished Spring Data repository scanning in 75 ms. Found 2 JPA repository interfaces."}{"timestamp":"2026-08-02 13:42:48","level":"INFO","logger":"org.springframework.boot.tomcat.TomcatWebServer","message":"Tomcat initialized with port 8080 (http)"}{"timestamp":"2026-08-02 13:42:48","level":"INFO","logger":"org.apache.coyote.http11.Http11NioProtocol","message":"Initializing ProtocolHandler ["http-nio-8080"]"}{"timestamp":"2026-08-02 13:42:48","level":"INFO","logger":"org.apache.catalina.core.StandardService","message":"Starting service [Tomcat]"}{"timestamp":"2026-08-02 13:42:48","level":"INFO","logger":"org.apache.catalina.core.StandardEngine","message":"Starting Servlet engine: [Apache Tomcat/11.0.22]"}{"timestamp":"2026-08-02 13:42:48","level":"INFO","logger":"org.springframework.boot.web.context.servlet.WebApplicationContextInitializer","message":"Root WebApplicationContext: initialization completed in 2697 ms"}{"timestamp":"2026-08-02 13:42:48","level":"INFO","logger":"org.hibernate.orm.jpa","message":"HHH008540: Processing PersistenceUnitInfo [name: default]"}{"timestamp":"2026-08-02 13:42:48","level":"INFO","logger":"org.hibernate.orm.core","message":"HHH000001: Hibernate ORM core version 7.4.1.Final"}{"timestamp":"2026-08-02 13:42:49","level":"INFO","logger":"org.springframework.orm.jpa.persistenceunit.SpringPersistenceUnitInfo","message":"No LoadTimeWeaver setup: ignoring JPA class transformer"}{"timestamp":"2026-08-02 13:42:49","level":"INFO","logger":"com.zaxxer.hikari.HikariDataSource","message":"HikariPool-1 - Starting..."}{"timestamp":"2026-08-02 13:42:50","level":"INFO","logger":"com.zaxxer.hikari.pool.HikariPool","message":"HikariPool-1 - Added connection com.mysql.cj.jdbc.ConnectionImpl@38155067"}{"timestamp":"2026-08-02 13:42:50","level":"INFO","logger":"com.zaxxer.hikari.HikariDataSource","message":"HikariPool-1 - Start completed."}{"timestamp":"2026-08-02 13:42:50","level":"INFO","logger":"org.hibernate.orm.connections.pooling","message":"HHH10001005: Database info:
	Database JDBC URL [jdbc:mysql://127.0.0.1:3306/analytics]
	Database driver: MySQL Connector/J
	Database dialect: MySQLDialect
	Database version: 9.7.1
	Default catalog/schema: analytics/undefined
	Autocommit mode: undefined/unknown
	Isolation level: REPEATABLE_READ [default REPEATABLE_READ]
	JDBC fetch size: none
	Pool: DataSourceConnectionProvider
	Minimum pool size: undefined/unknown
	Maximum pool size: undefined/unknown"}{"timestamp":"2026-08-02 13:42:52","level":"INFO","logger":"org.hibernate.orm.core","message":"HHH000489: No JTA platform available (set 'hibernate.transaction.jta.platform' to enable JTA platform integration)"}{"timestamp":"2026-08-02 13:42:52","level":"INFO","logger":"org.springframework.orm.jpa.LocalContainerEntityManagerFactoryBean","message":"Initialized JPA EntityManagerFactory for persistence unit 'default'"}{"timestamp":"2026-08-02 13:42:52","level":"INFO","logger":"com.alif.analytics.aspects.LoggingAndPerformanceAspect","message":"âž¡ï¸ Entering method: PathsConfig.publicPaths()"}{"timestamp":"2026-08-02 13:42:52","level":"INFO","logger":"com.alif.analytics.aspects.LoggingAndPerformanceAspect","message":"ðŸ“¥ Arguments: []"}{"timestamp":"2026-08-02 13:42:52","level":"INFO","logger":"com.alif.analytics.aspects.LoggingAndPerformanceAspect","message":"âœ… Method executed successfully: PathsConfig.publicPaths()"}{"timestamp":"2026-08-02 13:42:52","level":"INFO","logger":"com.alif.analytics.aspects.LoggingAndPerformanceAspect","message":"â± Execution time: 1 ms"}{"timestamp":"2026-08-02 13:42:52","level":"INFO","logger":"com.alif.analytics.aspects.LoggingAndPerformanceAspect","message":"âž¡ï¸ Entering method: PathsConfig.securedPaths()"}{"timestamp":"2026-08-02 13:42:52","level":"INFO","logger":"com.alif.analytics.aspects.LoggingAndPerformanceAspect","message":"ðŸ“¥ Arguments: []"}{"timestamp":"2026-08-02 13:42:52","level":"INFO","logger":"com.alif.analytics.aspects.LoggingAndPerformanceAspect","message":"âœ… Method executed successfully: PathsConfig.securedPaths()"}{"timestamp":"2026-08-02 13:42:52","level":"INFO","logger":"com.alif.analytics.aspects.LoggingAndPerformanceAspect","message":"â± Execution time: 2 ms"}{"timestamp":"2026-08-02 13:42:52","level":"INFO","logger":"com.alif.analytics.aspects.LoggingAndPerformanceAspect","message":"âž¡ï¸ Entering method: PathsConfig.adminPaths()"}{"timestamp":"2026-08-02 13:42:52","level":"INFO","logger":"com.alif.analytics.aspects.LoggingAndPerformanceAspect","message":"ðŸ“¥ Arguments: []"}{"timestamp":"2026-08-02 13:42:52","level":"INFO","logger":"com.alif.analytics.aspects.LoggingAndPerformanceAspect","message":"âœ… Method executed successfully: PathsConfig.adminPaths()"}{"timestamp":"2026-08-02 13:42:52","level":"INFO","logger":"com.alif.analytics.aspects.LoggingAndPerformanceAspect","message":"â± Execution time: 1 ms"}{"timestamp":"2026-08-02 13:42:52","level":"INFO","logger":"com.alif.analytics.aspects.LoggingAndPerformanceAspect","message":"âž¡ï¸ Entering method: PathsConfig.employerPaths()"}{"timestamp":"2026-08-02 13:42:52","level":"INFO","logger":"com.alif.analytics.aspects.LoggingAndPerformanceAspect","message":"ðŸ“¥ Arguments: []"}{"timestamp":"2026-08-02 13:42:52","level":"INFO","logger":"com.alif.analytics.aspects.LoggingAndPerformanceAspect","message":"âœ… Method executed successfully: PathsConfig.employerPaths()"}{"timestamp":"2026-08-02 13:42:52","level":"INFO","logger":"com.alif.analytics.aspects.LoggingAndPerformanceAspect","message":"â± Execution time: 0 ms"}{"timestamp":"2026-08-02 13:42:52","level":"INFO","logger":"com.alif.analytics.aspects.LoggingAndPerformanceAspect","message":"âž¡ï¸ Entering method: AnalyticsSecurityConfig.compromisedPasswordChecker()"}{"timestamp":"2026-08-02 13:42:52","level":"INFO","logger":"com.alif.analytics.aspects.LoggingAndPerformanceAspect","message":"ðŸ“¥ Arguments: []"}{"timestamp":"2026-08-02 13:42:52","level":"INFO","logger":"com.alif.analytics.aspects.LoggingAndPerformanceAspect","message":"âœ… Method executed successfully: AnalyticsSecurityConfig.compromisedPasswordChecker()"}{"timestamp":"2026-08-02 13:42:52","level":"INFO","logger":"com.alif.analytics.aspects.LoggingAndPerformanceAspect","message":"â± Execution time: 194 ms"}{"timestamp":"2026-08-02 13:42:52","level":"INFO","logger":"org.springframework.data.jpa.repository.query.QueryEnhancerFactories","message":"Hibernate is in classpath; If applicable, HQL parser will be used."}{"timestamp":"2026-08-02 13:42:53","level":"INFO","logger":"com.alif.analytics.aspects.LoggingAndPerformanceAspect","message":"âž¡ï¸ Entering method: AnalyticsSecurityConfig.passwordEncoder()"}{"timestamp":"2026-08-02 13:42:53","level":"INFO","logger":"com.alif.analytics.aspects.LoggingAndPerformanceAspect","message":"ðŸ“¥ Arguments: []"}{"timestamp":"2026-08-02 13:42:53","level":"INFO","logger":"com.alif.analytics.aspects.LoggingAndPerformanceAspect","message":"âœ… Method executed successfully: AnalyticsSecurityConfig.passwordEncoder()"}{"timestamp":"2026-08-02 13:42:53","level":"INFO","logger":"com.alif.analytics.aspects.LoggingAndPerformanceAspect","message":"â± Execution time: 4 ms"}{"timestamp":"2026-08-02 13:42:53","level":"INFO","logger":"com.alif.analytics.aspects.LoggingAndPerformanceAspect","message":"âž¡ï¸ Entering method: AnalyticsSecurityConfig.authenticationManager(..)"}{"timestamp":"2026-08-02 13:42:53","level":"INFO","logger":"com.alif.analytics.aspects.LoggingAndPerformanceAspect","message":"ðŸ“¥ Arguments: [com.alif.analytics.security.JobPortalUsernamePwdAuthenticationProvider@70469e71]"}{"timestamp":"2026-08-02 13:42:53","level":"INFO","logger":"com.alif.analytics.aspects.LoggingAndPerformanceAspect","message":"âœ… Method executed successfully: AnalyticsSecurityConfig.authenticationManager(..)"}{"timestamp":"2026-08-02 13:42:53","level":"INFO","logger":"com.alif.analytics.aspects.LoggingAndPerformanceAspect","message":"â± Execution time: 20 ms"}{"timestamp":"2026-08-02 13:42:53","level":"WARN","logger":"org.springframework.boot.jpa.autoconfigure.JpaBaseConfiguration$JpaWebConfiguration","message":"spring.jpa.open-in-view is enabled by default. Therefore, database queries may be performed during view rendering. Explicitly configure spring.jpa.open-in-view to disable this warning"}{"timestamp":"2026-08-02 13:42:53","level":"INFO","logger":"org.springframework.security.config.annotation.authentication.configuration.InitializeAuthenticationProviderBeanManagerConfigurer$InitializeAuthenticationProviderManagerConfigurer","message":"Global AuthenticationManager configured with AuthenticationProvider bean with name jobPortalUsernamePwdAuthenticationProvider"}{"timestamp":"2026-08-02 13:42:53","level":"INFO","logger":"com.alif.analytics.aspects.LoggingAndPerformanceAspect","message":"âž¡ï¸ Entering method: WebConfig.configurePathMatch(..)"}{"timestamp":"2026-08-02 13:42:53","level":"INFO","logger":"com.alif.analytics.aspects.LoggingAndPerformanceAspect","message":"ðŸ“¥ Arguments: [org.springframework.web.servlet.config.annotation.PathMatchConfigurer@ea821af]"}{"timestamp":"2026-08-02 13:42:53","level":"INFO","logger":"com.alif.analytics.aspects.LoggingAndPerformanceAspect","message":"âœ… Method executed successfully: WebConfig.configurePathMatch(..)"}{"timestamp":"2026-08-02 13:42:53","level":"INFO","logger":"com.alif.analytics.aspects.LoggingAndPerformanceAspect","message":"â± Execution time: 1 ms"}{"timestamp":"2026-08-02 13:42:54","level":"INFO","logger":"com.alif.analytics.aspects.LoggingAndPerformanceAspect","message":"âž¡ï¸ Entering method: AnalyticsSecurityConfig.customSecurityFilterChain(..)"}{"timestamp":"2026-08-02 13:42:54","level":"INFO","logger":"com.alif.analytics.aspects.LoggingAndPerformanceAspect","message":"ðŸ“¥ Arguments: [org.springframework.security.config.annotation.web.builders.HttpSecurity@5353c722]"}{"timestamp":"2026-08-02 13:42:54","level":"INFO","logger":"com.alif.analytics.aspects.LoggingAndPerformanceAspect","message":"âž¡ï¸ Entering method: AnalyticsSecurityConfig.corsConfigurationSource()"}{"timestamp":"2026-08-02 13:42:54","level":"INFO","logger":"com.alif.analytics.aspects.LoggingAndPerformanceAspect","message":"ðŸ“¥ Arguments: []"}{"timestamp":"2026-08-02 13:42:54","level":"INFO","logger":"com.alif.analytics.aspects.LoggingAndPerformanceAspect","message":"âœ… Method executed successfully: AnalyticsSecurityConfig.corsConfigurationSource()"}{"timestamp":"2026-08-02 13:42:54","level":"INFO","logger":"com.alif.analytics.aspects.LoggingAndPerformanceAspect","message":"â± Execution time: 6 ms"}{"timestamp":"2026-08-02 13:42:54","level":"INFO","logger":"com.alif.analytics.aspects.LoggingAndPerformanceAspect","message":"âœ… Method executed successfully: AnalyticsSecurityConfig.customSecurityFilterChain(..)"}{"timestamp":"2026-08-02 13:42:54","level":"INFO","logger":"com.alif.analytics.aspects.LoggingAndPerformanceAspect","message":"â± Execution time: 156 ms"}{"timestamp":"2026-08-02 13:42:54","level":"INFO","logger":"com.alif.analytics.aspects.LoggingAndPerformanceAspect","message":"âž¡ï¸ Entering method: WebConfig.configureApiVersioning(..)"}{"timestamp":"2026-08-02 13:42:54","level":"INFO","logger":"com.alif.analytics.aspects.LoggingAndPerformanceAspect","message":"ðŸ“¥ Arguments: [org.springframework.web.servlet.config.annotation.ApiVersionConfigurer@41ede36b]"}{"timestamp":"2026-08-02 13:42:54","level":"INFO","logger":"com.alif.analytics.aspects.LoggingAndPerformanceAspect","message":"âœ… Method executed successfully: WebConfig.configureApiVersioning(..)"}{"timestamp":"2026-08-02 13:42:54","level":"INFO","logger":"com.alif.analytics.aspects.LoggingAndPerformanceAspect","message":"â± Execution time: 4 ms"}{"timestamp":"2026-08-02 13:42:55","level":"INFO","logger":"org.springframework.boot.h2console.autoconfigure.H2ConsoleAutoConfiguration","message":"H2 console available at '/h2-console'. Database available at 'jdbc:mysql://127.0.0.1:3306/analytics'"}{"timestamp":"2026-08-02 13:42:55","level":"INFO","logger":"org.apache.coyote.http11.Http11NioProtocol","message":"Starting ProtocolHandler ["http-nio-8080"]"}{"timestamp":"2026-08-02 13:42:55","level":"INFO","logger":"org.springframework.boot.tomcat.TomcatWebServer","message":"Tomcat started on port 8080 (http) with context path '/'"}{"timestamp":"2026-08-02 13:42:55","level":"INFO","logger":"com.alif.analytics.AnalyticsApplication","message":"Started AnalyticsApplication in 17.257 seconds (process running for 19.103)"}{"timestamp":"2026-08-02 13:42:55","level":"WARN","logger":"org.springdoc.core.events.SpringDocAppInitializer","message":"SpringDoc /v3/api-docs endpoint is enabled by default. To disable it in production, set the property 'springdoc.api-docs.enabled=false'"}{"timestamp":"2026-08-02 13:42:55","level":"WARN","logger":"org.springdoc.core.events.SpringDocAppInitializer","message":"SpringDoc /swagger-ui.html endpoint is enabled by default. To disable it in production, set the property 'springdoc.swagger-ui.enabled=false'"}{"timestamp":"2026-08-02 13:44:43","level":"INFO","logger":"org.apache.catalina.core.ContainerBase.[Tomcat].[localhost].[/]","message":"Initializing Spring DispatcherServlet 'dispatcherServlet'"}{"timestamp":"2026-08-02 13:44:43","level":"INFO","logger":"org.springframework.web.servlet.DispatcherServlet","message":"Initializing Servlet 'dispatcherServlet'"}{"timestamp":"2026-08-02 13:44:43","level":"INFO","logger":"org.springframework.web.servlet.DispatcherServlet","message":"Completed initialization in 3 ms"}{"timestamp":"2026-08-02 13:44:43","level":"INFO","logger":"com.alif.analytics.aspects.LoggingAndPerformanceAspect","message":"âž¡ï¸ Entering method: CsrfController.csrfToken(..)"}{"timestamp":"2026-08-02 13:44:43","level":"INFO","logger":"com.alif.analytics.aspects.LoggingAndPerformanceAspect","message":"ðŸ“¥ Arguments: [SecurityContextHolderAwareRequestWrapper[ org.springframework.security.web.header.HeaderWriterFilter$HeaderWriterRequest@37a6660b]]"}{"timestamp":"2026-08-02 13:44:43","level":"INFO","logger":"com.alif.analytics.aspects.LoggingAndPerformanceAspect","message":"âœ… Method executed successfully: CsrfController.csrfToken(..)"}{"timestamp":"2026-08-02 13:44:43","level":"INFO","logger":"com.alif.analytics.aspects.LoggingAndPerformanceAspect","message":"â± Execution time: 8 ms"}{"timestamp":"2026-08-02 13:45:12","level":"INFO","logger":"com.alif.analytics.aspects.LoggingAndPerformanceAspect","message":"âž¡ï¸ Entering method: AuthController.apiLogin(..)"}{"timestamp":"2026-08-02 13:45:12","level":"INFO","logger":"com.alif.analytics.aspects.LoggingAndPerformanceAspect","message":"ðŸ“¥ Arguments: [LoginRequestDto[username=sanjana@gmail.com, password=EazyBytes@1803]]"}{"timestamp":"2026-08-02 13:45:12","level":"INFO","logger":"com.alif.analytics.aspects.LoggingAndPerformanceAspect","message":"âž¡ï¸ Entering method: JobPortalUsernamePwdAuthenticationProvider.supports(..)"}{"timestamp":"2026-08-02 13:45:12","level":"INFO","logger":"com.alif.analytics.aspects.LoggingAndPerformanceAspect","message":"ðŸ“¥ Arguments: [class org.springframework.security.authentication.UsernamePasswordAuthenticationToken]"}{"timestamp":"2026-08-02 13:45:12","level":"INFO","logger":"com.alif.analytics.aspects.LoggingAndPerformanceAspect","message":"âœ… Method executed successfully: JobPortalUsernamePwdAuthenticationProvider.supports(..)"}{"timestamp":"2026-08-02 13:45:12","level":"INFO","logger":"com.alif.analytics.aspects.LoggingAndPerformanceAspect","message":"â± Execution time: 0 ms"}{"timestamp":"2026-08-02 13:45:12","level":"INFO","logger":"com.alif.analytics.aspects.LoggingAndPerformanceAspect","message":"âž¡ï¸ Entering method: JobPortalUsernamePwdAuthenticationProvider.authenticate(..)"}{"timestamp":"2026-08-02 13:45:12","level":"INFO","logger":"com.alif.analytics.aspects.LoggingAndPerformanceAspect","message":"ðŸ“¥ Arguments: [UsernamePasswordAuthenticationToken [Principal=sanjana@gmail.com, Credentials=[PROTECTED], Authenticated=false, Details=null, Granted Authorities=[]]]"}{"timestamp":"2026-08-02 13:45:12","level":"INFO","logger":"com.alif.analytics.aspects.LoggingAndPerformanceAspect","message":"âž¡ï¸ Entering method: JobPortalUserRepository.findJobPortalUserByEmail(..)"}{"timestamp":"2026-08-02 13:45:12","level":"INFO","logger":"com.alif.analytics.aspects.LoggingAndPerformanceAspect","message":"ðŸ“¥ Arguments: [sanjana@gmail.com]"}{"timestamp":"2026-08-02 13:45:13","level":"INFO","logger":"com.alif.analytics.aspects.LoggingAndPerformanceAspect","message":"âœ… Method executed successfully: JobPortalUserRepository.findJobPortalUserByEmail(..)"}{"timestamp":"2026-08-02 13:45:13","level":"INFO","logger":"com.alif.analytics.aspects.LoggingAndPerformanceAspect","message":"â± Execution time: 760 ms"}{"timestamp":"2026-08-02 13:45:13","level":"ERROR","logger":"com.alif.analytics.aspects.ExceptionAuditAspect","message":"âŒ Exception occurred in method: JobPortalUsernamePwdAuthenticationProvider.authenticate(..)"}{"timestamp":"2026-08-02 13:45:13","level":"ERROR","logger":"com.alif.analytics.aspects.ExceptionAuditAspect","message":"ðŸ“¥ Arguments: [UsernamePasswordAuthenticationToken [Principal=sanjana@gmail.com, Credentials=[PROTECTED], Authenticated=false, Details=null, Granted Authorities=[]]]"}{"timestamp":"2026-08-02 13:45:13","level":"ERROR","logger":"com.alif.analytics.aspects.ExceptionAuditAspect","message":"ðŸ’¥ Exception type: UsernameNotFoundException"}{"timestamp":"2026-08-02 13:45:13","level":"ERROR","logger":"com.alif.analytics.aspects.ExceptionAuditAspect","message":"ðŸ§¾ Exception message: User details not found for the user: sanjana@gmail.com"}{"timestamp":"2026-08-02 13:45:13","level":"INFO","logger":"com.alif.analytics.aspects.LoggingAndPerformanceAspect","message":"âœ… Method executed successfully: AuthController.apiLogin(..)"}{"timestamp":"2026-08-02 13:45:13","level":"INFO","logger":"com.alif.analytics.aspects.LoggingAndPerformanceAspect","message":"â± Execution time: 772 ms"}{"timestamp":"2026-08-02 13:46:37","level":"INFO","logger":"org.springframework.boot.tomcat.GracefulShutdown","message":"Commencing graceful shutdown. Waiting for active requests to complete"}{"timestamp":"2026-08-02 13:46:37","level":"INFO","logger":"org.springframework.boot.tomcat.GracefulShutdown","message":"Graceful shutdown complete"}{"timestamp":"2026-08-02 13:46:37","level":"INFO","logger":"org.springframework.orm.jpa.LocalContainerEntityManagerFactoryBean","message":"Closing JPA EntityManagerFactory for persistence unit 'default'"}{"timestamp":"2026-08-02 13:46:37","level":"INFO","logger":"com.zaxxer.hikari.HikariDataSource","message":"HikariPool-1 - Shutdown initiated..."}{"timestamp":"2026-08-02 13:46:37","level":"INFO","logger":"com.zaxxer.hikari.HikariDataSource","message":"HikariPool-1 - Shutdown completed."}{"timestamp":"2026-08-02 13:46:48","level":"INFO","logger":"com.alif.analytics.AnalyticsApplication","message":"Starting AnalyticsApplication using Java 26.0.1 with PID 6420 (C:\Users\USER\Documents\springboot\analytics\backend\target\classes started by USER in C:\Users\USER\Documents\springboot\analytics\backend)"}{"timestamp":"2026-08-02 13:46:48","level":"INFO","logger":"com.alif.analytics.AnalyticsApplication","message":"No active profile set, falling back to 1 default profile: "default""}{"timestamp":"2026-08-02 13:46:48","level":"INFO","logger":"org.springframework.boot.docker.compose.lifecycle.DockerComposeLifecycleManager","message":"Using Docker Compose file C:\Users\USER\Documents\springboot\analytics\backend\compose.yml"}{"timestamp":"2026-08-02 13:46:49","level":"INFO","logger":"org.hibernate.validator.internal.util.Version","message":"HV000001: Hibernate Validator 9.1.0.Final"}{"timestamp":"2026-08-02 13:46:50","level":"INFO","logger":"org.springframework.boot.docker.compose.core.DockerCli","message":" Container analyticsdb Starting "}{"timestamp":"2026-08-02 13:46:50","level":"INFO","logger":"org.springframework.boot.docker.compose.core.DockerCli","message":" Container analyticsdb Started "}{"timestamp":"2026-08-02 13:46:50","level":"INFO","logger":"org.springframework.boot.docker.compose.core.DockerCli","message":" Container analyticsdb Waiting "}{"timestamp":"2026-08-02 13:46:51","level":"INFO","logger":"org.springframework.boot.docker.compose.core.DockerCli","message":" Container analyticsdb Healthy "}{"timestamp":"2026-08-02 13:46:56","level":"INFO","logger":"org.springframework.boot.devtools.env.DevToolsPropertyDefaultsPostProcessor","message":"Devtools property defaults active! Set 'spring.devtools.add-properties' to 'false' to disable"}{"timestamp":"2026-08-02 13:46:56","level":"INFO","logger":"org.springframework.boot.devtools.env.DevToolsPropertyDefaultsPostProcessor","message":"For additional web related logging consider setting the 'logging.level.web' property to 'DEBUG'"}{"timestamp":"2026-08-02 13:46:57","level":"INFO","logger":"org.springframework.data.repository.config.RepositoryConfigurationDelegate","message":"Bootstrapping Spring Data JPA repositories in DEFAULT mode."}{"timestamp":"2026-08-02 13:46:58","level":"INFO","logger":"org.springframework.data.repository.config.RepositoryConfigurationDelegate","message":"Finished Spring Data repository scanning in 84 ms. Found 2 JPA repository interfaces."}{"timestamp":"2026-08-02 13:46:59","level":"INFO","logger":"org.springframework.boot.tomcat.TomcatWebServer","message":"Tomcat initialized with port 8080 (http)"}{"timestamp":"2026-08-02 13:46:59","level":"INFO","logger":"org.apache.coyote.http11.Http11NioProtocol","message":"Initializing ProtocolHandler ["http-nio-8080"]"}{"timestamp":"2026-08-02 13:46:59","level":"INFO","logger":"org.apache.catalina.core.StandardService","message":"Starting service [Tomcat]"}{"timestamp":"2026-08-02 13:46:59","level":"INFO","logger":"org.apache.catalina.core.StandardEngine","message":"Starting Servlet engine: [Apache Tomcat/11.0.22]"}{"timestamp":"2026-08-02 13:46:59","level":"INFO","logger":"org.springframework.boot.web.context.servlet.WebApplicationContextInitializer","message":"Root WebApplicationContext: initialization completed in 2741 ms"}{"timestamp":"2026-08-02 13:46:59","level":"INFO","logger":"org.hibernate.orm.jpa","message":"HHH008540: Processing PersistenceUnitInfo [name: default]"}{"timestamp":"2026-08-02 13:46:59","level":"INFO","logger":"org.hibernate.orm.core","message":"HHH000001: Hibernate ORM core version 7.4.1.Final"}{"timestamp":"2026-08-02 13:47:00","level":"INFO","logger":"org.springframework.orm.jpa.persistenceunit.SpringPersistenceUnitInfo","message":"No LoadTimeWeaver setup: ignoring JPA class transformer"}{"timestamp":"2026-08-02 13:47:00","level":"INFO","logger":"com.zaxxer.hikari.HikariDataSource","message":"HikariPool-1 - Starting..."}{"timestamp":"2026-08-02 13:47:01","level":"INFO","logger":"com.zaxxer.hikari.pool.HikariPool","message":"HikariPool-1 - Added connection com.mysql.cj.jdbc.ConnectionImpl@5318df1"}{"timestamp":"2026-08-02 13:47:01","level":"INFO","logger":"com.zaxxer.hikari.HikariDataSource","message":"HikariPool-1 - Start completed."}{"timestamp":"2026-08-02 13:47:01","level":"INFO","logger":"org.hibernate.orm.connections.pooling","message":"HHH10001005: Database info:
	Database JDBC URL [jdbc:mysql://127.0.0.1:3306/analytics]
	Database driver: MySQL Connector/J
	Database dialect: MySQLDialect
	Database version: 9.7.1
	Default catalog/schema: analytics/undefined
	Autocommit mode: undefined/unknown
	Isolation level: REPEATABLE_READ [default REPEATABLE_READ]
	JDBC fetch size: none
	Pool: DataSourceConnectionProvider
	Minimum pool size: undefined/unknown
	Maximum pool size: undefined/unknown"}{"timestamp":"2026-08-02 13:47:03","level":"INFO","logger":"org.hibernate.orm.core","message":"HHH000489: No JTA platform available (set 'hibernate.transaction.jta.platform' to enable JTA platform integration)"}{"timestamp":"2026-08-02 13:47:03","level":"INFO","logger":"org.springframework.orm.jpa.LocalContainerEntityManagerFactoryBean","message":"Initialized JPA EntityManagerFactory for persistence unit 'default'"}{"timestamp":"2026-08-02 13:47:03","level":"INFO","logger":"com.alif.analytics.aspects.LoggingAndPerformanceAspect","message":"âž¡ï¸ Entering method: PathsConfig.publicPaths()"}{"timestamp":"2026-08-02 13:47:03","level":"INFO","logger":"com.alif.analytics.aspects.LoggingAndPerformanceAspect","message":"ðŸ“¥ Arguments: []"}{"timestamp":"2026-08-02 13:47:03","level":"INFO","logger":"com.alif.analytics.aspects.LoggingAndPerformanceAspect","message":"âœ… Method executed successfully: PathsConfig.publicPaths()"}{"timestamp":"2026-08-02 13:47:03","level":"INFO","logger":"com.alif.analytics.aspects.LoggingAndPerformanceAspect","message":"â± Execution time: 2 ms"}{"timestamp":"2026-08-02 13:47:03","level":"INFO","logger":"com.alif.analytics.aspects.LoggingAndPerformanceAspect","message":"âž¡ï¸ Entering method: PathsConfig.securedPaths()"}{"timestamp":"2026-08-02 13:47:03","level":"INFO","logger":"com.alif.analytics.aspects.LoggingAndPerformanceAspect","message":"ðŸ“¥ Arguments: []"}{"timestamp":"2026-08-02 13:47:03","level":"INFO","logger":"com.alif.analytics.aspects.LoggingAndPerformanceAspect","message":"âœ… Method executed successfully: PathsConfig.securedPaths()"}{"timestamp":"2026-08-02 13:47:03","level":"INFO","logger":"com.alif.analytics.aspects.LoggingAndPerformanceAspect","message":"â± Execution time: 1 ms"}{"timestamp":"2026-08-02 13:47:03","level":"INFO","logger":"com.alif.analytics.aspects.LoggingAndPerformanceAspect","message":"âž¡ï¸ Entering method: PathsConfig.adminPaths()"}{"timestamp":"2026-08-02 13:47:03","level":"INFO","logger":"com.alif.analytics.aspects.LoggingAndPerformanceAspect","message":"ðŸ“¥ Arguments: []"}{"timestamp":"2026-08-02 13:47:03","level":"INFO","logger":"com.alif.analytics.aspects.LoggingAndPerformanceAspect","message":"âœ… Method executed successfully: PathsConfig.adminPaths()"}{"timestamp":"2026-08-02 13:47:03","level":"INFO","logger":"com.alif.analytics.aspects.LoggingAndPerformanceAspect","message":"â± Execution time: 0 ms"}{"timestamp":"2026-08-02 13:47:03","level":"INFO","logger":"com.alif.analytics.aspects.LoggingAndPerformanceAspect","message":"âž¡ï¸ Entering method: PathsConfig.employerPaths()"}{"timestamp":"2026-08-02 13:47:03","level":"INFO","logger":"com.alif.analytics.aspects.LoggingAndPerformanceAspect","message":"ðŸ“¥ Arguments: []"}{"timestamp":"2026-08-02 13:47:03","level":"INFO","logger":"com.alif.analytics.aspects.LoggingAndPerformanceAspect","message":"âœ… Method executed successfully: PathsConfig.employerPaths()"}{"timestamp":"2026-08-02 13:47:03","level":"INFO","logger":"com.alif.analytics.aspects.LoggingAndPerformanceAspect","message":"â± Execution time: 0 ms"}{"timestamp":"2026-08-02 13:47:03","level":"INFO","logger":"com.alif.analytics.aspects.LoggingAndPerformanceAspect","message":"âž¡ï¸ Entering method: AnalyticsSecurityConfig.compromisedPasswordChecker()"}{"timestamp":"2026-08-02 13:47:03","level":"INFO","logger":"com.alif.analytics.aspects.LoggingAndPerformanceAspect","message":"ðŸ“¥ Arguments: []"}{"timestamp":"2026-08-02 13:47:04","level":"INFO","logger":"com.alif.analytics.aspects.LoggingAndPerformanceAspect","message":"âœ… Method executed successfully: AnalyticsSecurityConfig.compromisedPasswordChecker()"}{"timestamp":"2026-08-02 13:47:04","level":"INFO","logger":"com.alif.analytics.aspects.LoggingAndPerformanceAspect","message":"â± Execution time: 206 ms"}{"timestamp":"2026-08-02 13:47:04","level":"INFO","logger":"org.springframework.data.jpa.repository.query.QueryEnhancerFactories","message":"Hibernate is in classpath; If applicable, HQL parser will be used."}{"timestamp":"2026-08-02 13:47:04","level":"INFO","logger":"com.alif.analytics.aspects.LoggingAndPerformanceAspect","message":"âž¡ï¸ Entering method: AnalyticsSecurityConfig.passwordEncoder()"}{"timestamp":"2026-08-02 13:47:04","level":"INFO","logger":"com.alif.analytics.aspects.LoggingAndPerformanceAspect","message":"ðŸ“¥ Arguments: []"}{"timestamp":"2026-08-02 13:47:04","level":"INFO","logger":"com.alif.analytics.aspects.LoggingAndPerformanceAspect","message":"âœ… Method executed successfully: AnalyticsSecurityConfig.passwordEncoder()"}{"timestamp":"2026-08-02 13:47:04","level":"INFO","logger":"com.alif.analytics.aspects.LoggingAndPerformanceAspect","message":"â± Execution time: 4 ms"}{"timestamp":"2026-08-02 13:47:04","level":"INFO","logger":"com.alif.analytics.aspects.LoggingAndPerformanceAspect","message":"âž¡ï¸ Entering method: AnalyticsSecurityConfig.authenticationManager(..)"}{"timestamp":"2026-08-02 13:47:04","level":"INFO","logger":"com.alif.analytics.aspects.LoggingAndPerformanceAspect","message":"ðŸ“¥ Arguments: [com.alif.analytics.security.JobPortalUsernamePwdAuthenticationProvider@4a417bdd]"}{"timestamp":"2026-08-02 13:47:04","level":"INFO","logger":"com.alif.analytics.aspects.LoggingAndPerformanceAspect","message":"âœ… Method executed successfully: AnalyticsSecurityConfig.authenticationManager(..)"}{"timestamp":"2026-08-02 13:47:04","level":"INFO","logger":"com.alif.analytics.aspects.LoggingAndPerformanceAspect","message":"â± Execution time: 6 ms"}{"timestamp":"2026-08-02 13:47:05","level":"WARN","logger":"org.springframework.boot.jpa.autoconfigure.JpaBaseConfiguration$JpaWebConfiguration","message":"spring.jpa.open-in-view is enabled by default. Therefore, database queries may be performed during view rendering. Explicitly configure spring.jpa.open-in-view to disable this warning"}{"timestamp":"2026-08-02 13:47:05","level":"INFO","logger":"org.springframework.security.config.annotation.authentication.configuration.InitializeAuthenticationProviderBeanManagerConfigurer$InitializeAuthenticationProviderManagerConfigurer","message":"Global AuthenticationManager configured with AuthenticationProvider bean with name jobPortalUsernamePwdAuthenticationProvider"}{"timestamp":"2026-08-02 13:47:05","level":"INFO","logger":"com.alif.analytics.aspects.LoggingAndPerformanceAspect","message":"âž¡ï¸ Entering method: WebConfig.configurePathMatch(..)"}{"timestamp":"2026-08-02 13:47:05","level":"INFO","logger":"com.alif.analytics.aspects.LoggingAndPerformanceAspect","message":"ðŸ“¥ Arguments: [org.springframework.web.servlet.config.annotation.PathMatchConfigurer@206d515a]"}{"timestamp":"2026-08-02 13:47:05","level":"INFO","logger":"com.alif.analytics.aspects.LoggingAndPerformanceAspect","message":"âœ… Method executed successfully: WebConfig.configurePathMatch(..)"}{"timestamp":"2026-08-02 13:47:05","level":"INFO","logger":"com.alif.analytics.aspects.LoggingAndPerformanceAspect","message":"â± Execution time: 1 ms"}{"timestamp":"2026-08-02 13:47:05","level":"INFO","logger":"com.alif.analytics.aspects.LoggingAndPerformanceAspect","message":"âž¡ï¸ Entering method: AnalyticsSecurityConfig.customSecurityFilterChain(..)"}{"timestamp":"2026-08-02 13:47:05","level":"INFO","logger":"com.alif.analytics.aspects.LoggingAndPerformanceAspect","message":"ðŸ“¥ Arguments: [org.springframework.security.config.annotation.web.builders.HttpSecurity@766b90dd]"}{"timestamp":"2026-08-02 13:47:05","level":"INFO","logger":"com.alif.analytics.aspects.LoggingAndPerformanceAspect","message":"âž¡ï¸ Entering method: AnalyticsSecurityConfig.corsConfigurationSource()"}{"timestamp":"2026-08-02 13:47:05","level":"INFO","logger":"com.alif.analytics.aspects.LoggingAndPerformanceAspect","message":"ðŸ“¥ Arguments: []"}{"timestamp":"2026-08-02 13:47:05","level":"INFO","logger":"com.alif.analytics.aspects.LoggingAndPerformanceAspect","message":"âœ… Method executed successfully: AnalyticsSecurityConfig.corsConfigurationSource()"}{"timestamp":"2026-08-02 13:47:05","level":"INFO","logger":"com.alif.analytics.aspects.LoggingAndPerformanceAspect","message":"â± Execution time: 4 ms"}{"timestamp":"2026-08-02 13:47:05","level":"INFO","logger":"com.alif.analytics.aspects.LoggingAndPerformanceAspect","message":"âœ… Method executed successfully: AnalyticsSecurityConfig.customSecurityFilterChain(..)"}{"timestamp":"2026-08-02 13:47:05","level":"INFO","logger":"com.alif.analytics.aspects.LoggingAndPerformanceAspect","message":"â± Execution time: 96 ms"}{"timestamp":"2026-08-02 13:47:05","level":"INFO","logger":"com.alif.analytics.aspects.LoggingAndPerformanceAspect","message":"âž¡ï¸ Entering method: WebConfig.configureApiVersioning(..)"}{"timestamp":"2026-08-02 13:47:05","level":"INFO","logger":"com.alif.analytics.aspects.LoggingAndPerformanceAspect","message":"ðŸ“¥ Arguments: [org.springframework.web.servlet.config.annotation.ApiVersionConfigurer@54c7596f]"}{"timestamp":"2026-08-02 13:47:05","level":"INFO","logger":"com.alif.analytics.aspects.LoggingAndPerformanceAspect","message":"âœ… Method executed successfully: WebConfig.configureApiVersioning(..)"}{"timestamp":"2026-08-02 13:47:05","level":"INFO","logger":"com.alif.analytics.aspects.LoggingAndPerformanceAspect","message":"â± Execution time: 3 ms"}{"timestamp":"2026-08-02 13:47:06","level":"INFO","logger":"org.springframework.boot.h2console.autoconfigure.H2ConsoleAutoConfiguration","message":"H2 console available at '/h2-console'. Database available at 'jdbc:mysql://127.0.0.1:3306/analytics'"}{"timestamp":"2026-08-02 13:47:06","level":"INFO","logger":"org.apache.coyote.http11.Http11NioProtocol","message":"Starting ProtocolHandler ["http-nio-8080"]"}{"timestamp":"2026-08-02 13:47:06","level":"INFO","logger":"org.springframework.boot.tomcat.TomcatWebServer","message":"Tomcat started on port 8080 (http) with context path '/'"}{"timestamp":"2026-08-02 13:47:06","level":"INFO","logger":"com.alif.analytics.AnalyticsApplication","message":"Started AnalyticsApplication in 18.586 seconds (process running for 20.622)"}{"timestamp":"2026-08-02 13:47:06","level":"WARN","logger":"org.springdoc.core.events.SpringDocAppInitializer","message":"SpringDoc /v3/api-docs endpoint is enabled by default. To disable it in production, set the property 'springdoc.api-docs.enabled=false'"}{"timestamp":"2026-08-02 13:47:06","level":"WARN","logger":"org.springdoc.core.events.SpringDocAppInitializer","message":"SpringDoc /swagger-ui.html endpoint is enabled by default. To disable it in production, set the property 'springdoc.swagger-ui.enabled=false'"}{"timestamp":"2026-08-02 13:47:13","level":"INFO","logger":"org.apache.catalina.core.ContainerBase.[Tomcat].[localhost].[/]","message":"Initializing Spring DispatcherServlet 'dispatcherServlet'"}{"timestamp":"2026-08-02 13:47:13","level":"INFO","logger":"org.springframework.web.servlet.DispatcherServlet","message":"Initializing Servlet 'dispatcherServlet'"}{"timestamp":"2026-08-02 13:47:13","level":"INFO","logger":"org.springframework.web.servlet.DispatcherServlet","message":"Completed initialization in 3 ms"}{"timestamp":"2026-08-02 13:47:13","level":"INFO","logger":"com.alif.analytics.aspects.LoggingAndPerformanceAspect","message":"âž¡ï¸ Entering method: AuthController.registerUser(..)"}{"timestamp":"2026-08-02 13:47:13","level":"INFO","logger":"com.alif.analytics.aspects.LoggingAndPerformanceAspect","message":"ðŸ“¥ Arguments: [RegisterRequestDto[name=admin, email=admin@gmail.com, mobileNumber=3267890123, password=EazyBytes@1803]]"}{"timestamp":"2026-08-02 13:47:13","level":"INFO","logger":"com.alif.analytics.aspects.RegisterValidationAspect","message":"ðŸ” Validating user registration request"}{"timestamp":"2026-08-02 13:47:14","level":"INFO","logger":"com.alif.analytics.aspects.LoggingAndPerformanceAspect","message":"âž¡ï¸ Entering method: JobPortalUserRepository.readUserByEmailOrMobileNumber(..)"}{"timestamp":"2026-08-02 13:47:14","level":"INFO","logger":"com.alif.analytics.aspects.LoggingAndPerformanceAspect","message":"ðŸ“¥ Arguments: [admin@gmail.com, 3267890123]"}{"timestamp":"2026-08-02 13:47:15","level":"INFO","logger":"com.alif.analytics.aspects.LoggingAndPerformanceAspect","message":"âœ… Method executed successfully: JobPortalUserRepository.readUserByEmailOrMobileNumber(..)"}{"timestamp":"2026-08-02 13:47:15","level":"INFO","logger":"com.alif.analytics.aspects.LoggingAndPerformanceAspect","message":"â± Execution time: 1496 ms"}{"timestamp":"2026-08-02 13:47:15","level":"INFO","logger":"com.alif.analytics.aspects.RegisterValidationAspect","message":"âœ… Registration validation passed"}{"timestamp":"2026-08-02 13:47:16","level":"INFO","logger":"com.alif.analytics.aspects.LoggingAndPerformanceAspect","message":"âž¡ï¸ Entering method: RoleRepository.findRoleByName(..)"}{"timestamp":"2026-08-02 13:47:16","level":"INFO","logger":"com.alif.analytics.aspects.LoggingAndPerformanceAspect","message":"ðŸ“¥ Arguments: [ROLE_ADMIN]"}{"timestamp":"2026-08-02 13:47:16","level":"INFO","logger":"com.alif.analytics.aspects.LoggingAndPerformanceAspect","message":"âœ… Method executed successfully: RoleRepository.findRoleByName(..)"}{"timestamp":"2026-08-02 13:47:16","level":"INFO","logger":"com.alif.analytics.aspects.LoggingAndPerformanceAspect","message":"â± Execution time: 30 ms"}{"timestamp":"2026-08-02 13:47:16","level":"ERROR","logger":"com.alif.analytics.aspects.ExceptionAuditAspect","message":"âŒ Exception occurred in method: AuthController.registerUser(..)"}{"timestamp":"2026-08-02 13:47:16","level":"ERROR","logger":"com.alif.analytics.aspects.ExceptionAuditAspect","message":"ðŸ“¥ Arguments: [RegisterRequestDto[name=admin, email=admin@gmail.com, mobileNumber=3267890123, password=EazyBytes@1803]]"}{"timestamp":"2026-08-02 13:47:16","level":"ERROR","logger":"com.alif.analytics.aspects.ExceptionAuditAspect","message":"ðŸ’¥ Exception type: IllegalArgumentException"}{"timestamp":"2026-08-02 13:47:16","level":"ERROR","logger":"com.alif.analytics.aspects.ExceptionAuditAspect","message":"ðŸ§¾ Exception message: Role not found: ROLE_JOB_SEEKER"}{"timestamp":"2026-08-02 13:47:16","level":"INFO","logger":"com.alif.analytics.aspects.LoggingAndPerformanceAspect","message":"âž¡ï¸ Entering method: GlobalExceptionHandler.handleException(..)"}{"timestamp":"2026-08-02 13:47:16","level":"INFO","logger":"com.alif.analytics.aspects.LoggingAndPerformanceAspect","message":"ðŸ“¥ Arguments: [java.lang.IllegalArgumentException: Role not found: ROLE_JOB_SEEKER, ServletWebRequest: uri=/api/auth/register;client=0:0:0:0:0:0:0:1]"}{"timestamp":"2026-08-02 13:47:16","level":"INFO","logger":"com.alif.analytics.aspects.LoggingAndPerformanceAspect","message":"âœ… Method executed successfully: GlobalExceptionHandler.handleException(..)"}{"timestamp":"2026-08-02 13:47:16","level":"INFO","logger":"com.alif.analytics.aspects.LoggingAndPerformanceAspect","message":"â± Execution time: 7 ms"}{"timestamp":"2026-08-02 13:47:16","level":"WARN","logger":"org.springframework.web.servlet.mvc.method.annotation.ExceptionHandlerExceptionResolver","message":"Resolved [java.lang.IllegalArgumentException: Role not found: ROLE_JOB_SEEKER]"}{"timestamp":"2026-08-02 13:47:46","level":"INFO","logger":"com.alif.analytics.aspects.LoggingAndPerformanceAspect","message":"âž¡ï¸ Entering method: AuthController.registerUser(..)"}{"timestamp":"2026-08-02 13:47:46","level":"INFO","logger":"com.alif.analytics.aspects.LoggingAndPerformanceAspect","message":"ðŸ“¥ Arguments: [RegisterRequestDto[name=admin, email=admin@gmail.com, mobileNumber=3267890123, password=EazyBytes@1803]]"}{"timestamp":"2026-08-02 13:47:46","level":"INFO","logger":"com.alif.analytics.aspects.RegisterValidationAspect","message":"ðŸ” Validating user registration request"}{"timestamp":"2026-08-02 13:47:46","level":"INFO","logger":"com.alif.analytics.aspects.LoggingAndPerformanceAspect","message":"âž¡ï¸ Entering method: JobPortalUserRepository.readUserByEmailOrMobileNumber(..)"}{"timestamp":"2026-08-02 13:47:46","level":"INFO","logger":"com.alif.analytics.aspects.LoggingAndPerformanceAspect","message":"ðŸ“¥ Arguments: [admin@gmail.com, 3267890123]"}{"timestamp":"2026-08-02 13:47:46","level":"INFO","logger":"com.alif.analytics.aspects.LoggingAndPerformanceAspect","message":"âœ… Method executed successfully: JobPortalUserRepository.readUserByEmailOrMobileNumber(..)"}{"timestamp":"2026-08-02 13:47:46","level":"INFO","logger":"com.alif.analytics.aspects.LoggingAndPerformanceAspect","message":"â± Execution time: 7 ms"}{"timestamp":"2026-08-02 13:47:46","level":"INFO","logger":"com.alif.analytics.aspects.RegisterValidationAspect","message":"âœ… Registration validation passed"}{"timestamp":"2026-08-02 13:47:48","level":"ERROR","logger":"com.alif.analytics.aspects.ExceptionAuditAspect","message":"âŒ Exception occurred in method: AuthController.registerUser(..)"}{"timestamp":"2026-08-02 13:47:48","level":"ERROR","logger":"com.alif.analytics.aspects.ExceptionAuditAspect","message":"ðŸ“¥ Arguments: [RegisterRequestDto[name=admin, email=admin@gmail.com, mobileNumber=3267890123, password=EazyBytes@1803]]"}{"timestamp":"2026-08-02 13:47:48","level":"ERROR","logger":"com.alif.analytics.aspects.ExceptionAuditAspect","message":"ðŸ’¥ Exception type: IllegalArgumentException"}{"timestamp":"2026-08-02 13:47:48","level":"ERROR","logger":"com.alif.analytics.aspects.ExceptionAuditAspect","message":"ðŸ§¾ Exception message: Role not found: ROLE_JOB_SEEKER"}{"timestamp":"2026-08-02 13:47:48","level":"INFO","logger":"com.alif.analytics.aspects.LoggingAndPerformanceAspect","message":"âž¡ï¸ Entering method: GlobalExceptionHandler.handleException(..)"}{"timestamp":"2026-08-02 13:47:48","level":"INFO","logger":"com.alif.analytics.aspects.LoggingAndPerformanceAspect","message":"ðŸ“¥ Arguments: [java.lang.IllegalArgumentException: Role not found: ROLE_JOB_SEEKER, ServletWebRequest: uri=/api/auth/register;client=0:0:0:0:0:0:0:1]"}{"timestamp":"2026-08-02 13:47:48","level":"INFO","logger":"com.alif.analytics.aspects.LoggingAndPerformanceAspect","message":"âœ… Method executed successfully: GlobalExceptionHandler.handleException(..)"}{"timestamp":"2026-08-02 13:47:48","level":"INFO","logger":"com.alif.analytics.aspects.LoggingAndPerformanceAspect","message":"â± Execution time: 1 ms"}{"timestamp":"2026-08-02 13:47:48","level":"WARN","logger":"org.springframework.web.servlet.mvc.method.annotation.ExceptionHandlerExceptionResolver","message":"Resolved [java.lang.IllegalArgumentException: Role not found: ROLE_JOB_SEEKER]"}{"timestamp":"2026-08-02 13:51:14","level":"INFO","logger":"org.springframework.boot.tomcat.GracefulShutdown","message":"Commencing graceful shutdown. Waiting for active requests to complete"}{"timestamp":"2026-08-02 13:51:14","level":"INFO","logger":"org.springframework.boot.tomcat.GracefulShutdown","message":"Graceful shutdown complete"}{"timestamp":"2026-08-02 13:51:14","level":"INFO","logger":"org.springframework.orm.jpa.LocalContainerEntityManagerFactoryBean","message":"Closing JPA EntityManagerFactory for persistence unit 'default'"}{"timestamp":"2026-08-02 13:51:14","level":"INFO","logger":"com.zaxxer.hikari.HikariDataSource","message":"HikariPool-1 - Shutdown initiated..."}{"timestamp":"2026-08-02 13:51:14","level":"INFO","logger":"com.zaxxer.hikari.HikariDataSource","message":"HikariPool-1 - Shutdown completed."}{"timestamp":"2026-08-02 13:51:27","level":"INFO","logger":"com.alif.analytics.AnalyticsApplication","message":"Starting AnalyticsApplication using Java 26.0.1 with PID 9096 (C:\Users\USER\Documents\springboot\analytics\backend\target\classes started by USER in C:\Users\USER\Documents\springboot\analytics\backend)"}{"timestamp":"2026-08-02 13:51:27","level":"INFO","logger":"com.alif.analytics.AnalyticsApplication","message":"No active profile set, falling back to 1 default profile: "default""}{"timestamp":"2026-08-02 13:51:27","level":"INFO","logger":"org.springframework.boot.docker.compose.lifecycle.DockerComposeLifecycleManager","message":"Using Docker Compose file C:\Users\USER\Documents\springboot\analytics\backend\compose.yml"}{"timestamp":"2026-08-02 13:51:28","level":"INFO","logger":"org.hibernate.validator.internal.util.Version","message":"HV000001: Hibernate Validator 9.1.0.Final"}{"timestamp":"2026-08-02 13:51:29","level":"INFO","logger":"org.springframework.boot.docker.compose.core.DockerCli","message":" Container analyticsdb Starting "}{"timestamp":"2026-08-02 13:51:29","level":"INFO","logger":"org.springframework.boot.docker.compose.core.DockerCli","message":" Container analyticsdb Started "}{"timestamp":"2026-08-02 13:51:29","level":"INFO","logger":"org.springframework.boot.docker.compose.core.DockerCli","message":" Container analyticsdb Waiting "}{"timestamp":"2026-08-02 13:51:30","level":"INFO","logger":"org.springframework.boot.docker.compose.core.DockerCli","message":" Container analyticsdb Healthy "}{"timestamp":"2026-08-02 13:51:38","level":"INFO","logger":"org.springframework.boot.devtools.env.DevToolsPropertyDefaultsPostProcessor","message":"Devtools property defaults active! Set 'spring.devtools.add-properties' to 'false' to disable"}{"timestamp":"2026-08-02 13:51:38","level":"INFO","logger":"org.springframework.boot.devtools.env.DevToolsPropertyDefaultsPostProcessor","message":"For additional web related logging consider setting the 'logging.level.web' property to 'DEBUG'"}{"timestamp":"2026-08-02 13:51:39","level":"INFO","logger":"org.springframework.data.repository.config.RepositoryConfigurationDelegate","message":"Bootstrapping Spring Data JPA repositories in DEFAULT mode."}{"timestamp":"2026-08-02 13:51:39","level":"INFO","logger":"org.springframework.data.repository.config.RepositoryConfigurationDelegate","message":"Finished Spring Data repository scanning in 73 ms. Found 2 JPA repository interfaces."}{"timestamp":"2026-08-02 13:51:41","level":"INFO","logger":"org.springframework.boot.tomcat.TomcatWebServer","message":"Tomcat initialized with port 8080 (http)"}{"timestamp":"2026-08-02 13:51:41","level":"INFO","logger":"org.apache.coyote.http11.Http11NioProtocol","message":"Initializing ProtocolHandler ["http-nio-8080"]"}{"timestamp":"2026-08-02 13:51:41","level":"INFO","logger":"org.apache.catalina.core.StandardService","message":"Starting service [Tomcat]"}{"timestamp":"2026-08-02 13:51:41","level":"INFO","logger":"org.apache.catalina.core.StandardEngine","message":"Starting Servlet engine: [Apache Tomcat/11.0.22]"}{"timestamp":"2026-08-02 13:51:41","level":"INFO","logger":"org.springframework.boot.web.context.servlet.WebApplicationContextInitializer","message":"Root WebApplicationContext: initialization completed in 3635 ms"}{"timestamp":"2026-08-02 13:51:41","level":"INFO","logger":"com.zaxxer.hikari.HikariDataSource","message":"HikariPool-1 - Starting..."}{"timestamp":"2026-08-02 13:51:42","level":"INFO","logger":"com.zaxxer.hikari.pool.HikariPool","message":"HikariPool-1 - Added connection com.mysql.cj.jdbc.ConnectionImpl@4f9c3169"}{"timestamp":"2026-08-02 13:51:42","level":"INFO","logger":"com.zaxxer.hikari.HikariDataSource","message":"HikariPool-1 - Start completed."}{"timestamp":"2026-08-02 13:51:42","level":"INFO","logger":"org.hibernate.orm.jpa","message":"HHH008540: Processing PersistenceUnitInfo [name: default]"}{"timestamp":"2026-08-02 13:51:43","level":"INFO","logger":"org.hibernate.orm.core","message":"HHH000001: Hibernate ORM core version 7.4.1.Final"}{"timestamp":"2026-08-02 13:51:44","level":"INFO","logger":"org.springframework.orm.jpa.persistenceunit.SpringPersistenceUnitInfo","message":"No LoadTimeWeaver setup: ignoring JPA class transformer"}{"timestamp":"2026-08-02 13:51:44","level":"INFO","logger":"org.hibernate.orm.connections.pooling","message":"HHH10001005: Database info:
	Database JDBC URL [jdbc:mysql://127.0.0.1:3306/analytics]
	Database driver: MySQL Connector/J
	Database dialect: MySQLDialect
	Database version: 9.7.1
	Default catalog/schema: analytics/undefined
	Autocommit mode: undefined/unknown
	Isolation level: REPEATABLE_READ [default REPEATABLE_READ]
	JDBC fetch size: none
	Pool: DataSourceConnectionProvider
	Minimum pool size: undefined/unknown
	Maximum pool size: undefined/unknown"}{"timestamp":"2026-08-02 13:51:45","level":"INFO","logger":"org.hibernate.orm.core","message":"HHH000489: No JTA platform available (set 'hibernate.transaction.jta.platform' to enable JTA platform integration)"}{"timestamp":"2026-08-02 13:51:46","level":"INFO","logger":"org.springframework.orm.jpa.LocalContainerEntityManagerFactoryBean","message":"Initialized JPA EntityManagerFactory for persistence unit 'default'"}{"timestamp":"2026-08-02 13:51:46","level":"INFO","logger":"com.alif.analytics.aspects.LoggingAndPerformanceAspect","message":"âž¡ï¸ Entering method: PathsConfig.publicPaths()"}{"timestamp":"2026-08-02 13:51:46","level":"INFO","logger":"com.alif.analytics.aspects.LoggingAndPerformanceAspect","message":"ðŸ“¥ Arguments: []"}{"timestamp":"2026-08-02 13:51:46","level":"INFO","logger":"com.alif.analytics.aspects.LoggingAndPerformanceAspect","message":"âœ… Method executed successfully: PathsConfig.publicPaths()"}{"timestamp":"2026-08-02 13:51:46","level":"INFO","logger":"com.alif.analytics.aspects.LoggingAndPerformanceAspect","message":"â± Execution time: 2 ms"}{"timestamp":"2026-08-02 13:51:46","level":"INFO","logger":"com.alif.analytics.aspects.LoggingAndPerformanceAspect","message":"âž¡ï¸ Entering method: PathsConfig.securedPaths()"}{"timestamp":"2026-08-02 13:51:46","level":"INFO","logger":"com.alif.analytics.aspects.LoggingAndPerformanceAspect","message":"ðŸ“¥ Arguments: []"}{"timestamp":"2026-08-02 13:51:46","level":"INFO","logger":"com.alif.analytics.aspects.LoggingAndPerformanceAspect","message":"âœ… Method executed successfully: PathsConfig.securedPaths()"}{"timestamp":"2026-08-02 13:51:46","level":"INFO","logger":"com.alif.analytics.aspects.LoggingAndPerformanceAspect","message":"â± Execution time: 0 ms"}{"timestamp":"2026-08-02 13:51:46","level":"INFO","logger":"com.alif.analytics.aspects.LoggingAndPerformanceAspect","message":"âž¡ï¸ Entering method: PathsConfig.adminPaths()"}{"timestamp":"2026-08-02 13:51:46","level":"INFO","logger":"com.alif.analytics.aspects.LoggingAndPerformanceAspect","message":"ðŸ“¥ Arguments: []"}{"timestamp":"2026-08-02 13:51:46","level":"INFO","logger":"com.alif.analytics.aspects.LoggingAndPerformanceAspect","message":"âœ… Method executed successfully: PathsConfig.adminPaths()"}{"timestamp":"2026-08-02 13:51:46","level":"INFO","logger":"com.alif.analytics.aspects.LoggingAndPerformanceAspect","message":"â± Execution time: 0 ms"}{"timestamp":"2026-08-02 13:51:46","level":"INFO","logger":"com.alif.analytics.aspects.LoggingAndPerformanceAspect","message":"âž¡ï¸ Entering method: PathsConfig.employerPaths()"}{"timestamp":"2026-08-02 13:51:46","level":"INFO","logger":"com.alif.analytics.aspects.LoggingAndPerformanceAspect","message":"ðŸ“¥ Arguments: []"}{"timestamp":"2026-08-02 13:51:46","level":"INFO","logger":"com.alif.analytics.aspects.LoggingAndPerformanceAspect","message":"âœ… Method executed successfully: PathsConfig.employerPaths()"}{"timestamp":"2026-08-02 13:51:46","level":"INFO","logger":"com.alif.analytics.aspects.LoggingAndPerformanceAspect","message":"â± Execution time: 1 ms"}{"timestamp":"2026-08-02 13:51:46","level":"INFO","logger":"com.alif.analytics.aspects.LoggingAndPerformanceAspect","message":"âž¡ï¸ Entering method: AnalyticsSecurityConfig.compromisedPasswordChecker()"}{"timestamp":"2026-08-02 13:51:46","level":"INFO","logger":"com.alif.analytics.aspects.LoggingAndPerformanceAspect","message":"ðŸ“¥ Arguments: []"}{"timestamp":"2026-08-02 13:51:46","level":"INFO","logger":"com.alif.analytics.aspects.LoggingAndPerformanceAspect","message":"âœ… Method executed successfully: AnalyticsSecurityConfig.compromisedPasswordChecker()"}{"timestamp":"2026-08-02 13:51:46","level":"INFO","logger":"com.alif.analytics.aspects.LoggingAndPerformanceAspect","message":"â± Execution time: 589 ms"}{"timestamp":"2026-08-02 13:51:47","level":"INFO","logger":"org.springframework.data.jpa.repository.query.QueryEnhancerFactories","message":"Hibernate is in classpath; If applicable, HQL parser will be used."}{"timestamp":"2026-08-02 13:51:47","level":"INFO","logger":"com.alif.analytics.aspects.LoggingAndPerformanceAspect","message":"âž¡ï¸ Entering method: AnalyticsSecurityConfig.passwordEncoder()"}{"timestamp":"2026-08-02 13:51:47","level":"INFO","logger":"com.alif.analytics.aspects.LoggingAndPerformanceAspect","message":"ðŸ“¥ Arguments: []"}{"timestamp":"2026-08-02 13:51:47","level":"INFO","logger":"com.alif.analytics.aspects.LoggingAndPerformanceAspect","message":"âœ… Method executed successfully: AnalyticsSecurityConfig.passwordEncoder()"}{"timestamp":"2026-08-02 13:51:47","level":"INFO","logger":"com.alif.analytics.aspects.LoggingAndPerformanceAspect","message":"â± Execution time: 2 ms"}{"timestamp":"2026-08-02 13:51:47","level":"INFO","logger":"com.alif.analytics.aspects.LoggingAndPerformanceAspect","message":"âž¡ï¸ Entering method: AnalyticsSecurityConfig.authenticationManager(..)"}{"timestamp":"2026-08-02 13:51:47","level":"INFO","logger":"com.alif.analytics.aspects.LoggingAndPerformanceAspect","message":"ðŸ“¥ Arguments: [com.alif.analytics.security.JobPortalUsernamePwdAuthenticationProvider@eb9c4ac]"}{"timestamp":"2026-08-02 13:51:47","level":"INFO","logger":"com.alif.analytics.aspects.LoggingAndPerformanceAspect","message":"âœ… Method executed successfully: AnalyticsSecurityConfig.authenticationManager(..)"}{"timestamp":"2026-08-02 13:51:47","level":"INFO","logger":"com.alif.analytics.aspects.LoggingAndPerformanceAspect","message":"â± Execution time: 6 ms"}{"timestamp":"2026-08-02 13:51:47","level":"WARN","logger":"org.springframework.boot.jpa.autoconfigure.JpaBaseConfiguration$JpaWebConfiguration","message":"spring.jpa.open-in-view is enabled by default. Therefore, database queries may be performed during view rendering. Explicitly configure spring.jpa.open-in-view to disable this warning"}{"timestamp":"2026-08-02 13:51:47","level":"INFO","logger":"org.springframework.security.config.annotation.authentication.configuration.InitializeAuthenticationProviderBeanManagerConfigurer$InitializeAuthenticationProviderManagerConfigurer","message":"Global AuthenticationManager configured with AuthenticationProvider bean with name jobPortalUsernamePwdAuthenticationProvider"}{"timestamp":"2026-08-02 13:51:47","level":"INFO","logger":"com.alif.analytics.aspects.LoggingAndPerformanceAspect","message":"âž¡ï¸ Entering method: WebConfig.configurePathMatch(..)"}{"timestamp":"2026-08-02 13:51:47","level":"INFO","logger":"com.alif.analytics.aspects.LoggingAndPerformanceAspect","message":"ðŸ“¥ Arguments: [org.springframework.web.servlet.config.annotation.PathMatchConfigurer@607c84b3]"}{"timestamp":"2026-08-02 13:51:47","level":"INFO","logger":"com.alif.analytics.aspects.LoggingAndPerformanceAspect","message":"âœ… Method executed successfully: WebConfig.configurePathMatch(..)"}{"timestamp":"2026-08-02 13:51:47","level":"INFO","logger":"com.alif.analytics.aspects.LoggingAndPerformanceAspect","message":"â± Execution time: 1 ms"}{"timestamp":"2026-08-02 13:51:48","level":"INFO","logger":"com.alif.analytics.aspects.LoggingAndPerformanceAspect","message":"âž¡ï¸ Entering method: AnalyticsSecurityConfig.customSecurityFilterChain(..)"}{"timestamp":"2026-08-02 13:51:48","level":"INFO","logger":"com.alif.analytics.aspects.LoggingAndPerformanceAspect","message":"ðŸ“¥ Arguments: [org.springframework.security.config.annotation.web.builders.HttpSecurity@63d75ab7]"}{"timestamp":"2026-08-02 13:51:48","level":"INFO","logger":"com.alif.analytics.aspects.LoggingAndPerformanceAspect","message":"âž¡ï¸ Entering method: AnalyticsSecurityConfig.corsConfigurationSource()"}{"timestamp":"2026-08-02 13:51:48","level":"INFO","logger":"com.alif.analytics.aspects.LoggingAndPerformanceAspect","message":"ðŸ“¥ Arguments: []"}{"timestamp":"2026-08-02 13:51:48","level":"INFO","logger":"com.alif.analytics.aspects.LoggingAndPerformanceAspect","message":"âœ… Method executed successfully: AnalyticsSecurityConfig.corsConfigurationSource()"}{"timestamp":"2026-08-02 13:51:48","level":"INFO","logger":"com.alif.analytics.aspects.LoggingAndPerformanceAspect","message":"â± Execution time: 4 ms"}{"timestamp":"2026-08-02 13:51:48","level":"INFO","logger":"com.alif.analytics.aspects.LoggingAndPerformanceAspect","message":"âœ… Method executed successfully: AnalyticsSecurityConfig.customSecurityFilterChain(..)"}{"timestamp":"2026-08-02 13:51:48","level":"INFO","logger":"com.alif.analytics.aspects.LoggingAndPerformanceAspect","message":"â± Execution time: 90 ms"}{"timestamp":"2026-08-02 13:51:48","level":"INFO","logger":"com.alif.analytics.aspects.LoggingAndPerformanceAspect","message":"âž¡ï¸ Entering method: WebConfig.configureApiVersioning(..)"}{"timestamp":"2026-08-02 13:51:48","level":"INFO","logger":"com.alif.analytics.aspects.LoggingAndPerformanceAspect","message":"ðŸ“¥ Arguments: [org.springframework.web.servlet.config.annotation.ApiVersionConfigurer@a0dc78a]"}{"timestamp":"2026-08-02 13:51:48","level":"INFO","logger":"com.alif.analytics.aspects.LoggingAndPerformanceAspect","message":"âœ… Method executed successfully: WebConfig.configureApiVersioning(..)"}{"timestamp":"2026-08-02 13:51:48","level":"INFO","logger":"com.alif.analytics.aspects.LoggingAndPerformanceAspect","message":"â± Execution time: 3 ms"}{"timestamp":"2026-08-02 13:51:48","level":"INFO","logger":"org.springframework.boot.h2console.autoconfigure.H2ConsoleAutoConfiguration","message":"H2 console available at '/h2-console'. Database available at 'jdbc:mysql://127.0.0.1:3306/analytics'"}{"timestamp":"2026-08-02 13:51:49","level":"INFO","logger":"org.apache.coyote.http11.Http11NioProtocol","message":"Starting ProtocolHandler ["http-nio-8080"]"}{"timestamp":"2026-08-02 13:51:49","level":"INFO","logger":"org.springframework.boot.tomcat.TomcatWebServer","message":"Tomcat started on port 8080 (http) with context path '/'"}{"timestamp":"2026-08-02 13:51:49","level":"INFO","logger":"com.alif.analytics.AnalyticsApplication","message":"Started AnalyticsApplication in 22.78 seconds (process running for 25.162)"}{"timestamp":"2026-08-02 13:51:49","level":"WARN","logger":"org.springdoc.core.events.SpringDocAppInitializer","message":"SpringDoc /v3/api-docs endpoint is enabled by default. To disable it in production, set the property 'springdoc.api-docs.enabled=false'"}{"timestamp":"2026-08-02 13:51:49","level":"WARN","logger":"org.springdoc.core.events.SpringDocAppInitializer","message":"SpringDoc /swagger-ui.html endpoint is enabled by default. To disable it in production, set the property 'springdoc.swagger-ui.enabled=false'"}{"timestamp":"2026-08-02 13:55:17","level":"INFO","logger":"org.apache.catalina.core.ContainerBase.[Tomcat].[localhost].[/]","message":"Initializing Spring DispatcherServlet 'dispatcherServlet'"}{"timestamp":"2026-08-02 13:55:17","level":"INFO","logger":"org.springframework.web.servlet.DispatcherServlet","message":"Initializing Servlet 'dispatcherServlet'"}{"timestamp":"2026-08-02 13:55:17","level":"INFO","logger":"org.springframework.web.servlet.DispatcherServlet","message":"Completed initialization in 0 ms"}{"timestamp":"2026-08-02 13:55:17","level":"INFO","logger":"com.alif.analytics.aspects.LoggingAndPerformanceAspect","message":"âž¡ï¸ Entering method: AuthController.registerUser(..)"}{"timestamp":"2026-08-02 13:55:17","level":"INFO","logger":"com.alif.analytics.aspects.LoggingAndPerformanceAspect","message":"ðŸ“¥ Arguments: [RegisterRequestDto[name=admin, email=admin@gmail.com, mobileNumber=3267890123, password=EazyBytes@1803]]"}{"timestamp":"2026-08-02 13:55:17","level":"INFO","logger":"com.alif.analytics.aspects.RegisterValidationAspect","message":"ðŸ” Validating user registration request"}{"timestamp":"2026-08-02 13:55:18","level":"INFO","logger":"com.alif.analytics.aspects.LoggingAndPerformanceAspect","message":"âž¡ï¸ Entering method: JobPortalUserRepository.readUserByEmailOrMobileNumber(..)"}{"timestamp":"2026-08-02 13:55:18","level":"INFO","logger":"com.alif.analytics.aspects.LoggingAndPerformanceAspect","message":"ðŸ“¥ Arguments: [admin@gmail.com, 3267890123]"}{"timestamp":"2026-08-02 13:55:19","level":"INFO","logger":"com.alif.analytics.aspects.LoggingAndPerformanceAspect","message":"âœ… Method executed successfully: JobPortalUserRepository.readUserByEmailOrMobileNumber(..)"}{"timestamp":"2026-08-02 13:55:19","level":"INFO","logger":"com.alif.analytics.aspects.LoggingAndPerformanceAspect","message":"â± Execution time: 1028 ms"}{"timestamp":"2026-08-02 13:55:19","level":"INFO","logger":"com.alif.analytics.aspects.RegisterValidationAspect","message":"âœ… Registration validation passed"}{"timestamp":"2026-08-02 13:55:19","level":"INFO","logger":"com.alif.analytics.aspects.LoggingAndPerformanceAspect","message":"âž¡ï¸ Entering method: RoleRepository.findRoleByName(..)"}{"timestamp":"2026-08-02 13:55:19","level":"INFO","logger":"com.alif.analytics.aspects.LoggingAndPerformanceAspect","message":"ðŸ“¥ Arguments: [ROLE_ADMIN]"}{"timestamp":"2026-08-02 13:55:19","level":"INFO","logger":"com.alif.analytics.aspects.LoggingAndPerformanceAspect","message":"âœ… Method executed successfully: RoleRepository.findRoleByName(..)"}{"timestamp":"2026-08-02 13:55:19","level":"INFO","logger":"com.alif.analytics.aspects.LoggingAndPerformanceAspect","message":"â± Execution time: 13 ms"}{"timestamp":"2026-08-02 13:55:19","level":"ERROR","logger":"com.alif.analytics.aspects.ExceptionAuditAspect","message":"âŒ Exception occurred in method: AuthController.registerUser(..)"}{"timestamp":"2026-08-02 13:55:19","level":"ERROR","logger":"com.alif.analytics.aspects.ExceptionAuditAspect","message":"ðŸ“¥ Arguments: [RegisterRequestDto[name=admin, email=admin@gmail.com, mobileNumber=3267890123, password=EazyBytes@1803]]"}{"timestamp":"2026-08-02 13:55:19","level":"ERROR","logger":"com.alif.analytics.aspects.ExceptionAuditAspect","message":"ðŸ’¥ Exception type: IllegalArgumentException"}{"timestamp":"2026-08-02 13:55:19","level":"ERROR","logger":"com.alif.analytics.aspects.ExceptionAuditAspect","message":"ðŸ§¾ Exception message: Role not found: ROLE_ADMIN"}{"timestamp":"2026-08-02 13:55:19","level":"INFO","logger":"com.alif.analytics.aspects.LoggingAndPerformanceAspect","message":"âž¡ï¸ Entering method: GlobalExceptionHandler.handleException(..)"}{"timestamp":"2026-08-02 13:55:19","level":"INFO","logger":"com.alif.analytics.aspects.LoggingAndPerformanceAspect","message":"ðŸ“¥ Arguments: [java.lang.IllegalArgumentException: Role not found: ROLE_ADMIN, ServletWebRequest: uri=/api/auth/register;client=0:0:0:0:0:0:0:1]"}{"timestamp":"2026-08-02 13:55:19","level":"INFO","logger":"com.alif.analytics.aspects.LoggingAndPerformanceAspect","message":"âœ… Method executed successfully: GlobalExceptionHandler.handleException(..)"}{"timestamp":"2026-08-02 13:55:19","level":"INFO","logger":"com.alif.analytics.aspects.LoggingAndPerformanceAspect","message":"â± Execution time: 0 ms"}{"timestamp":"2026-08-02 13:55:19","level":"WARN","logger":"org.springframework.web.servlet.mvc.method.annotation.ExceptionHandlerExceptionResolver","message":"Resolved [java.lang.IllegalArgumentException: Role not found: ROLE_ADMIN]"}{"timestamp":"2026-08-02 13:56:15","level":"INFO","logger":"org.springframework.boot.tomcat.GracefulShutdown","message":"Commencing graceful shutdown. Waiting for active requests to complete"}{"timestamp":"2026-08-02 13:56:15","level":"INFO","logger":"org.springframework.boot.tomcat.GracefulShutdown","message":"Graceful shutdown complete"}{"timestamp":"2026-08-02 13:56:16","level":"INFO","logger":"org.springframework.orm.jpa.LocalContainerEntityManagerFactoryBean","message":"Closing JPA EntityManagerFactory for persistence unit 'default'"}{"timestamp":"2026-08-02 13:56:16","level":"INFO","logger":"com.zaxxer.hikari.HikariDataSource","message":"HikariPool-1 - Shutdown initiated..."}{"timestamp":"2026-08-02 13:56:16","level":"INFO","logger":"com.zaxxer.hikari.HikariDataSource","message":"HikariPool-1 - Shutdown completed."}{"timestamp":"2026-08-02 13:56:27","level":"INFO","logger":"com.alif.analytics.AnalyticsApplication","message":"Starting AnalyticsApplication using Java 26.0.1 with PID 17240 (C:\Users\USER\Documents\springboot\analytics\backend\target\classes started by USER in C:\Users\USER\Documents\springboot\analytics\backend)"}{"timestamp":"2026-08-02 13:56:27","level":"INFO","logger":"com.alif.analytics.AnalyticsApplication","message":"No active profile set, falling back to 1 default profile: "default""}{"timestamp":"2026-08-02 13:56:27","level":"INFO","logger":"org.springframework.boot.docker.compose.lifecycle.DockerComposeLifecycleManager","message":"Using Docker Compose file C:\Users\USER\Documents\springboot\analytics\backend\compose.yml"}{"timestamp":"2026-08-02 13:56:27","level":"INFO","logger":"org.hibernate.validator.internal.util.Version","message":"HV000001: Hibernate Validator 9.1.0.Final"}{"timestamp":"2026-08-02 13:56:28","level":"INFO","logger":"org.springframework.boot.docker.compose.core.DockerCli","message":" Container analyticsdb Starting "}{"timestamp":"2026-08-02 13:56:29","level":"INFO","logger":"org.springframework.boot.docker.compose.core.DockerCli","message":" Container analyticsdb Started "}{"timestamp":"2026-08-02 13:56:29","level":"INFO","logger":"org.springframework.boot.docker.compose.core.DockerCli","message":" Container analyticsdb Waiting "}{"timestamp":"2026-08-02 13:56:29","level":"INFO","logger":"org.springframework.boot.docker.compose.core.DockerCli","message":" Container analyticsdb Healthy "}{"timestamp":"2026-08-02 13:56:36","level":"INFO","logger":"org.springframework.boot.devtools.env.DevToolsPropertyDefaultsPostProcessor","message":"Devtools property defaults active! Set 'spring.devtools.add-properties' to 'false' to disable"}{"timestamp":"2026-08-02 13:56:36","level":"INFO","logger":"org.springframework.boot.devtools.env.DevToolsPropertyDefaultsPostProcessor","message":"For additional web related logging consider setting the 'logging.level.web' property to 'DEBUG'"}{"timestamp":"2026-08-02 13:56:37","level":"INFO","logger":"org.springframework.data.repository.config.RepositoryConfigurationDelegate","message":"Bootstrapping Spring Data JPA repositories in DEFAULT mode."}{"timestamp":"2026-08-02 13:56:37","level":"INFO","logger":"org.springframework.data.repository.config.RepositoryConfigurationDelegate","message":"Finished Spring Data repository scanning in 74 ms. Found 2 JPA repository interfaces."}{"timestamp":"2026-08-02 13:56:39","level":"INFO","logger":"org.springframework.boot.tomcat.TomcatWebServer","message":"Tomcat initialized with port 8080 (http)"}{"timestamp":"2026-08-02 13:56:39","level":"INFO","logger":"org.apache.coyote.http11.Http11NioProtocol","message":"Initializing ProtocolHandler ["http-nio-8080"]"}{"timestamp":"2026-08-02 13:56:39","level":"INFO","logger":"org.apache.catalina.core.StandardService","message":"Starting service [Tomcat]"}{"timestamp":"2026-08-02 13:56:39","level":"INFO","logger":"org.apache.catalina.core.StandardEngine","message":"Starting Servlet engine: [Apache Tomcat/11.0.22]"}{"timestamp":"2026-08-02 13:56:39","level":"INFO","logger":"org.springframework.boot.web.context.servlet.WebApplicationContextInitializer","message":"Root WebApplicationContext: initialization completed in 2832 ms"}{"timestamp":"2026-08-02 13:56:39","level":"INFO","logger":"com.zaxxer.hikari.HikariDataSource","message":"HikariPool-1 - Starting..."}{"timestamp":"2026-08-02 13:56:40","level":"INFO","logger":"com.zaxxer.hikari.pool.HikariPool","message":"HikariPool-1 - Added connection com.mysql.cj.jdbc.ConnectionImpl@7d8924d5"}{"timestamp":"2026-08-02 13:56:40","level":"INFO","logger":"com.zaxxer.hikari.HikariDataSource","message":"HikariPool-1 - Start completed."}{"timestamp":"2026-08-02 13:56:40","level":"WARN","logger":"org.springframework.boot.web.server.servlet.context.AnnotationConfigServletWebServerApplicationContext","message":"Exception encountered during context initialization - cancelling refresh attempt: org.springframework.beans.factory.BeanCreationException: Error creating bean with name 'entityManagerFactory' defined in class path resource [org/springframework/boot/hibernate/autoconfigure/HibernateJpaConfiguration.class]: Failed to initialize dependency 'dataSourceScriptDatabaseInitializer' of LoadTimeWeaverAware bean 'entityManagerFactory': Error creating bean with name 'dataSourceScriptDatabaseInitializer' defined in class path resource [org/springframework/boot/jdbc/autoconfigure/DataSourceInitializationAutoConfiguration.class]: Failed to execute SQL script statement #1 of file [C:\Users\USER\Documents\springboot\analytics\backend\target\classes\data.sql]: INSERT INTO roles (name, created_at, created_by) VALUES ('ROLE_JOB_SEEKER', CURRENT_TIMESTAMP, 'DBA')"}{"timestamp":"2026-08-02 13:56:40","level":"INFO","logger":"com.zaxxer.hikari.HikariDataSource","message":"HikariPool-1 - Shutdown initiated..."}{"timestamp":"2026-08-02 13:56:40","level":"INFO","logger":"com.zaxxer.hikari.HikariDataSource","message":"HikariPool-1 - Shutdown completed."}{"timestamp":"2026-08-02 13:56:40","level":"INFO","logger":"org.apache.catalina.core.StandardService","message":"Stopping service [Tomcat]"}{"timestamp":"2026-08-02 13:56:40","level":"INFO","logger":"org.springframework.boot.autoconfigure.logging.ConditionEvaluationReportLogger","message":"

Error starting ApplicationContext. To display the condition evaluation report re-run your application with 'debug' enabled."}{"timestamp":"2026-08-02 13:56:40","level":"ERROR","logger":"org.springframework.boot.SpringApplication","message":"Application run failed"}org.springframework.beans.factory.BeanCreationException: Error creating bean with name 'entityManagerFactory' defined in class path resource [org/springframework/boot/hibernate/autoconfigure/HibernateJpaConfiguration.class]: Failed to initialize dependency 'dataSourceScriptDatabaseInitializer' of LoadTimeWeaverAware bean 'entityManagerFactory': Error creating bean with name 'dataSourceScriptDatabaseInitializer' defined in class path resource [org/springframework/boot/jdbc/autoconfigure/DataSourceInitializationAutoConfiguration.class]: Failed to execute SQL script statement #1 of file [C:\Users\USER\Documents\springboot\analytics\backend\target\classes\data.sql]: INSERT INTO roles (name, created_at, created_by) VALUES ('ROLE_JOB_SEEKER', CURRENT_TIMESTAMP, 'DBA')
	at org.springframework.beans.factory.support.AbstractBeanFactory.doGetBean(AbstractBeanFactory.java:322)
	at org.springframework.beans.factory.support.AbstractBeanFactory.getBean(AbstractBeanFactory.java:201)
	at org.springframework.context.support.AbstractApplicationContext.finishBeanFactoryInitialization(AbstractApplicationContext.java:977)
	at org.springframework.context.support.AbstractApplicationContext.refresh(AbstractApplicationContext.java:621)
	at org.springframework.boot.web.server.servlet.context.ServletWebServerApplicationContext.refresh(ServletWebServerApplicationContext.java:143)
	at org.springframework.boot.SpringApplication.refresh(SpringApplication.java:756)
	at org.springframework.boot.SpringApplication.refreshContext(SpringApplication.java:445)
	at org.springframework.boot.SpringApplication.run(SpringApplication.java:321)
	at org.springframework.boot.SpringApplication.run(SpringApplication.java:1365)
	at org.springframework.boot.SpringApplication.run(SpringApplication.java:1354)
	at com.alif.analytics.AnalyticsApplication.main(AnalyticsApplication.java:14)
	at java.base/jdk.internal.reflect.DirectMethodHandleAccessor.invoke(DirectMethodHandleAccessor.java:104)
	at java.base/java.lang.reflect.Method.invoke(Method.java:565)
	at org.springframework.boot.devtools.restart.RestartLauncher.run(RestartLauncher.java:52)
Caused by: org.springframework.beans.factory.BeanCreationException: Error creating bean with name 'dataSourceScriptDatabaseInitializer' defined in class path resource [org/springframework/boot/jdbc/autoconfigure/DataSourceInitializationAutoConfiguration.class]: Failed to execute SQL script statement #1 of file [C:\Users\USER\Documents\springboot\analytics\backend\target\classes\data.sql]: INSERT INTO roles (name, created_at, created_by) VALUES ('ROLE_JOB_SEEKER', CURRENT_TIMESTAMP, 'DBA')
	at org.springframework.beans.factory.support.AbstractAutowireCapableBeanFactory.initializeBean(AbstractAutowireCapableBeanFactory.java:1815)
	at org.springframework.beans.factory.support.AbstractAutowireCapableBeanFactory.doCreateBean(AbstractAutowireCapableBeanFactory.java:603)
	at org.springframework.beans.factory.support.AbstractAutowireCapableBeanFactory.createBean(AbstractAutowireCapableBeanFactory.java:525)
	at org.springframework.beans.factory.support.AbstractBeanFactory.lambda$doGetBean$0(AbstractBeanFactory.java:333)
	at org.springframework.beans.factory.support.DefaultSingletonBeanRegistry.getSingleton(DefaultSingletonBeanRegistry.java:371)
	at org.springframework.beans.factory.support.AbstractBeanFactory.doGetBean(AbstractBeanFactory.java:331)
	at org.springframework.beans.factory.support.AbstractBeanFactory.getBean(AbstractBeanFactory.java:196)
	at org.springframework.beans.factory.support.AbstractBeanFactory.doGetBean(AbstractBeanFactory.java:309)
	... 13 common frames omitted
Caused by: org.springframework.jdbc.datasource.init.ScriptStatementFailedException: Failed to execute SQL script statement #1 of file [C:\Users\USER\Documents\springboot\analytics\backend\target\classes\data.sql]: INSERT INTO roles (name, created_at, created_by) VALUES ('ROLE_JOB_SEEKER', CURRENT_TIMESTAMP, 'DBA')
	at org.springframework.jdbc.datasource.init.ScriptUtils.executeSqlScript(ScriptUtils.java:293)
	at org.springframework.jdbc.datasource.init.ResourceDatabasePopulator.populate(ResourceDatabasePopulator.java:254)
	at org.springframework.jdbc.datasource.init.DatabasePopulatorUtils.execute(DatabasePopulatorUtils.java:54)
	at org.springframework.boot.jdbc.init.DataSourceScriptDatabaseInitializer.runScripts(DataSourceScriptDatabaseInitializer.java:87)
	at org.springframework.boot.sql.init.AbstractScriptDatabaseInitializer.runScripts(AbstractScriptDatabaseInitializer.java:159)
	at org.springframework.boot.sql.init.AbstractScriptDatabaseInitializer.applyScripts(AbstractScriptDatabaseInitializer.java:120)
	at org.springframework.boot.sql.init.AbstractScriptDatabaseInitializer.applyDataScripts(AbstractScriptDatabaseInitializer.java:113)
	at org.springframework.boot.sql.init.AbstractScriptDatabaseInitializer.initializeDatabase(AbstractScriptDatabaseInitializer.java:88)
	at org.springframework.boot.sql.init.AbstractScriptDatabaseInitializer.afterPropertiesSet(AbstractScriptDatabaseInitializer.java:77)
	at org.springframework.beans.factory.support.AbstractAutowireCapableBeanFactory.invokeInitMethods(AbstractAutowireCapableBeanFactory.java:1862)
	at org.springframework.beans.factory.support.AbstractAutowireCapableBeanFactory.initializeBean(AbstractAutowireCapableBeanFactory.java:1811)
	... 20 common frames omitted
Caused by: java.sql.SQLException: Field 'updated_at' doesn't have a default value
	at com.mysql.cj.jdbc.exceptions.SQLError.createSQLException(SQLError.java:121)
	at com.mysql.cj.jdbc.exceptions.SQLExceptionsMapping.translateException(SQLExceptionsMapping.java:114)
	at com.mysql.cj.jdbc.StatementImpl.executeInternal(StatementImpl.java:839)
	at com.mysql.cj.jdbc.StatementImpl.execute(StatementImpl.java:687)
	at com.zaxxer.hikari.pool.ProxyStatement.execute(ProxyStatement.java:95)
	at com.zaxxer.hikari.pool.HikariProxyStatement.execute(HikariProxyStatement.java)
	at org.springframework.jdbc.datasource.init.ScriptUtils.executeSqlScript(ScriptUtils.java:261)
	... 30 common frames omitted
{"timestamp":"2026-08-02 13:58:13","level":"INFO","logger":"com.alif.analytics.AnalyticsApplication","message":"Starting AnalyticsApplication using Java 26.0.1 with PID 16256 (C:\Users\USER\Documents\springboot\analytics\backend\target\classes started by USER in C:\Users\USER\Documents\springboot\analytics\backend)"}{"timestamp":"2026-08-02 13:58:13","level":"INFO","logger":"com.alif.analytics.AnalyticsApplication","message":"No active profile set, falling back to 1 default profile: "default""}{"timestamp":"2026-08-02 13:58:13","level":"INFO","logger":"org.springframework.boot.docker.compose.lifecycle.DockerComposeLifecycleManager","message":"Using Docker Compose file C:\Users\USER\Documents\springboot\analytics\backend\compose.yml"}{"timestamp":"2026-08-02 13:58:13","level":"INFO","logger":"org.hibernate.validator.internal.util.Version","message":"HV000001: Hibernate Validator 9.1.0.Final"}{"timestamp":"2026-08-02 13:58:14","level":"INFO","logger":"org.springframework.boot.docker.compose.core.DockerCli","message":" Container analyticsdb Starting "}{"timestamp":"2026-08-02 13:58:15","level":"INFO","logger":"org.springframework.boot.docker.compose.core.DockerCli","message":" Container analyticsdb Started "}{"timestamp":"2026-08-02 13:58:15","level":"INFO","logger":"org.springframework.boot.docker.compose.core.DockerCli","message":" Container analyticsdb Waiting "}{"timestamp":"2026-08-02 13:58:15","level":"INFO","logger":"org.springframework.boot.docker.compose.core.DockerCli","message":" Container analyticsdb Healthy "}{"timestamp":"2026-08-02 13:58:22","level":"INFO","logger":"org.springframework.boot.devtools.env.DevToolsPropertyDefaultsPostProcessor","message":"Devtools property defaults active! Set 'spring.devtools.add-properties' to 'false' to disable"}{"timestamp":"2026-08-02 13:58:22","level":"INFO","logger":"org.springframework.boot.devtools.env.DevToolsPropertyDefaultsPostProcessor","message":"For additional web related logging consider setting the 'logging.level.web' property to 'DEBUG'"}{"timestamp":"2026-08-02 13:58:23","level":"INFO","logger":"org.springframework.data.repository.config.RepositoryConfigurationDelegate","message":"Bootstrapping Spring Data JPA repositories in DEFAULT mode."}{"timestamp":"2026-08-02 13:58:23","level":"INFO","logger":"org.springframework.data.repository.config.RepositoryConfigurationDelegate","message":"Finished Spring Data repository scanning in 76 ms. Found 2 JPA repository interfaces."}{"timestamp":"2026-08-02 13:58:25","level":"INFO","logger":"org.springframework.boot.tomcat.TomcatWebServer","message":"Tomcat initialized with port 8080 (http)"}{"timestamp":"2026-08-02 13:58:25","level":"INFO","logger":"org.apache.coyote.http11.Http11NioProtocol","message":"Initializing ProtocolHandler ["http-nio-8080"]"}{"timestamp":"2026-08-02 13:58:25","level":"INFO","logger":"org.apache.catalina.core.StandardService","message":"Starting service [Tomcat]"}{"timestamp":"2026-08-02 13:58:25","level":"INFO","logger":"org.apache.catalina.core.StandardEngine","message":"Starting Servlet engine: [Apache Tomcat/11.0.22]"}{"timestamp":"2026-08-02 13:58:25","level":"INFO","logger":"org.springframework.boot.web.context.servlet.WebApplicationContextInitializer","message":"Root WebApplicationContext: initialization completed in 2829 ms"}{"timestamp":"2026-08-02 13:58:25","level":"INFO","logger":"com.zaxxer.hikari.HikariDataSource","message":"HikariPool-1 - Starting..."}{"timestamp":"2026-08-02 13:58:26","level":"INFO","logger":"com.zaxxer.hikari.pool.HikariPool","message":"HikariPool-1 - Added connection com.mysql.cj.jdbc.ConnectionImpl@5b6bcefc"}{"timestamp":"2026-08-02 13:58:26","level":"INFO","logger":"com.zaxxer.hikari.HikariDataSource","message":"HikariPool-1 - Start completed."}{"timestamp":"2026-08-02 13:58:26","level":"INFO","logger":"org.hibernate.orm.jpa","message":"HHH008540: Processing PersistenceUnitInfo [name: default]"}{"timestamp":"2026-08-02 13:58:26","level":"INFO","logger":"org.hibernate.orm.core","message":"HHH000001: Hibernate ORM core version 7.4.1.Final"}{"timestamp":"2026-08-02 13:58:27","level":"INFO","logger":"org.springframework.orm.jpa.persistenceunit.SpringPersistenceUnitInfo","message":"No LoadTimeWeaver setup: ignoring JPA class transformer"}{"timestamp":"2026-08-02 13:58:27","level":"INFO","logger":"org.hibernate.orm.connections.pooling","message":"HHH10001005: Database info:
	Database JDBC URL [jdbc:mysql://127.0.0.1:3306/analytics]
	Database driver: MySQL Connector/J
	Database dialect: MySQLDialect
	Database version: 9.7.1
	Default catalog/schema: analytics/undefined
	Autocommit mode: undefined/unknown
	Isolation level: REPEATABLE_READ [default REPEATABLE_READ]
	JDBC fetch size: none
	Pool: DataSourceConnectionProvider
	Minimum pool size: undefined/unknown
	Maximum pool size: undefined/unknown"}{"timestamp":"2026-08-02 13:58:29","level":"INFO","logger":"org.hibernate.orm.core","message":"HHH000489: No JTA platform available (set 'hibernate.transaction.jta.platform' to enable JTA platform integration)"}{"timestamp":"2026-08-02 13:58:29","level":"INFO","logger":"org.springframework.orm.jpa.LocalContainerEntityManagerFactoryBean","message":"Initialized JPA EntityManagerFactory for persistence unit 'default'"}{"timestamp":"2026-08-02 13:58:29","level":"INFO","logger":"com.alif.analytics.aspects.LoggingAndPerformanceAspect","message":"âž¡ï¸ Entering method: PathsConfig.publicPaths()"}{"timestamp":"2026-08-02 13:58:29","level":"INFO","logger":"com.alif.analytics.aspects.LoggingAndPerformanceAspect","message":"ðŸ“¥ Arguments: []"}{"timestamp":"2026-08-02 13:58:29","level":"INFO","logger":"com.alif.analytics.aspects.LoggingAndPerformanceAspect","message":"âœ… Method executed successfully: PathsConfig.publicPaths()"}{"timestamp":"2026-08-02 13:58:29","level":"INFO","logger":"com.alif.analytics.aspects.LoggingAndPerformanceAspect","message":"â± Execution time: 1 ms"}{"timestamp":"2026-08-02 13:58:29","level":"INFO","logger":"com.alif.analytics.aspects.LoggingAndPerformanceAspect","message":"âž¡ï¸ Entering method: PathsConfig.securedPaths()"}{"timestamp":"2026-08-02 13:58:29","level":"INFO","logger":"com.alif.analytics.aspects.LoggingAndPerformanceAspect","message":"ðŸ“¥ Arguments: []"}{"timestamp":"2026-08-02 13:58:29","level":"INFO","logger":"com.alif.analytics.aspects.LoggingAndPerformanceAspect","message":"âœ… Method executed successfully: PathsConfig.securedPaths()"}{"timestamp":"2026-08-02 13:58:29","level":"INFO","logger":"com.alif.analytics.aspects.LoggingAndPerformanceAspect","message":"â± Execution time: 0 ms"}{"timestamp":"2026-08-02 13:58:29","level":"INFO","logger":"com.alif.analytics.aspects.LoggingAndPerformanceAspect","message":"âž¡ï¸ Entering method: PathsConfig.adminPaths()"}{"timestamp":"2026-08-02 13:58:29","level":"INFO","logger":"com.alif.analytics.aspects.LoggingAndPerformanceAspect","message":"ðŸ“¥ Arguments: []"}{"timestamp":"2026-08-02 13:58:29","level":"INFO","logger":"com.alif.analytics.aspects.LoggingAndPerformanceAspect","message":"âœ… Method executed successfully: PathsConfig.adminPaths()"}{"timestamp":"2026-08-02 13:58:29","level":"INFO","logger":"com.alif.analytics.aspects.LoggingAndPerformanceAspect","message":"â± Execution time: 0 ms"}{"timestamp":"2026-08-02 13:58:29","level":"INFO","logger":"com.alif.analytics.aspects.LoggingAndPerformanceAspect","message":"âž¡ï¸ Entering method: PathsConfig.employerPaths()"}{"timestamp":"2026-08-02 13:58:29","level":"INFO","logger":"com.alif.analytics.aspects.LoggingAndPerformanceAspect","message":"ðŸ“¥ Arguments: []"}{"timestamp":"2026-08-02 13:58:29","level":"INFO","logger":"com.alif.analytics.aspects.LoggingAndPerformanceAspect","message":"âœ… Method executed successfully: PathsConfig.employerPaths()"}{"timestamp":"2026-08-02 13:58:29","level":"INFO","logger":"com.alif.analytics.aspects.LoggingAndPerformanceAspect","message":"â± Execution time: 1 ms"}{"timestamp":"2026-08-02 13:58:29","level":"INFO","logger":"com.alif.analytics.aspects.LoggingAndPerformanceAspect","message":"âž¡ï¸ Entering method: AnalyticsSecurityConfig.compromisedPasswordChecker()"}{"timestamp":"2026-08-02 13:58:29","level":"INFO","logger":"com.alif.analytics.aspects.LoggingAndPerformanceAspect","message":"ðŸ“¥ Arguments: []"}{"timestamp":"2026-08-02 13:58:29","level":"INFO","logger":"com.alif.analytics.aspects.LoggingAndPerformanceAspect","message":"âœ… Method executed successfully: AnalyticsSecurityConfig.compromisedPasswordChecker()"}{"timestamp":"2026-08-02 13:58:29","level":"INFO","logger":"com.alif.analytics.aspects.LoggingAndPerformanceAspect","message":"â± Execution time: 192 ms"}{"timestamp":"2026-08-02 13:58:29","level":"INFO","logger":"org.springframework.data.jpa.repository.query.QueryEnhancerFactories","message":"Hibernate is in classpath; If applicable, HQL parser will be used."}{"timestamp":"2026-08-02 13:58:29","level":"INFO","logger":"com.alif.analytics.aspects.LoggingAndPerformanceAspect","message":"âž¡ï¸ Entering method: AnalyticsSecurityConfig.passwordEncoder()"}{"timestamp":"2026-08-02 13:58:29","level":"INFO","logger":"com.alif.analytics.aspects.LoggingAndPerformanceAspect","message":"ðŸ“¥ Arguments: []"}{"timestamp":"2026-08-02 13:58:29","level":"INFO","logger":"com.alif.analytics.aspects.LoggingAndPerformanceAspect","message":"âœ… Method executed successfully: AnalyticsSecurityConfig.passwordEncoder()"}{"timestamp":"2026-08-02 13:58:29","level":"INFO","logger":"com.alif.analytics.aspects.LoggingAndPerformanceAspect","message":"â± Execution time: 3 ms"}{"timestamp":"2026-08-02 13:58:30","level":"INFO","logger":"com.alif.analytics.aspects.LoggingAndPerformanceAspect","message":"âž¡ï¸ Entering method: AnalyticsSecurityConfig.authenticationManager(..)"}{"timestamp":"2026-08-02 13:58:30","level":"INFO","logger":"com.alif.analytics.aspects.LoggingAndPerformanceAspect","message":"ðŸ“¥ Arguments: [com.alif.analytics.security.JobPortalUsernamePwdAuthenticationProvider@156492ac]"}{"timestamp":"2026-08-02 13:58:30","level":"INFO","logger":"com.alif.analytics.aspects.LoggingAndPerformanceAspect","message":"âœ… Method executed successfully: AnalyticsSecurityConfig.authenticationManager(..)"}{"timestamp":"2026-08-02 13:58:30","level":"INFO","logger":"com.alif.analytics.aspects.LoggingAndPerformanceAspect","message":"â± Execution time: 7 ms"}{"timestamp":"2026-08-02 13:58:30","level":"WARN","logger":"org.springframework.boot.jpa.autoconfigure.JpaBaseConfiguration$JpaWebConfiguration","message":"spring.jpa.open-in-view is enabled by default. Therefore, database queries may be performed during view rendering. Explicitly configure spring.jpa.open-in-view to disable this warning"}{"timestamp":"2026-08-02 13:58:30","level":"INFO","logger":"org.springframework.security.config.annotation.authentication.configuration.InitializeAuthenticationProviderBeanManagerConfigurer$InitializeAuthenticationProviderManagerConfigurer","message":"Global AuthenticationManager configured with AuthenticationProvider bean with name jobPortalUsernamePwdAuthenticationProvider"}{"timestamp":"2026-08-02 13:58:30","level":"INFO","logger":"com.alif.analytics.aspects.LoggingAndPerformanceAspect","message":"âž¡ï¸ Entering method: WebConfig.configurePathMatch(..)"}{"timestamp":"2026-08-02 13:58:30","level":"INFO","logger":"com.alif.analytics.aspects.LoggingAndPerformanceAspect","message":"ðŸ“¥ Arguments: [org.springframework.web.servlet.config.annotation.PathMatchConfigurer@3998d5e9]"}{"timestamp":"2026-08-02 13:58:30","level":"INFO","logger":"com.alif.analytics.aspects.LoggingAndPerformanceAspect","message":"âœ… Method executed successfully: WebConfig.configurePathMatch(..)"}{"timestamp":"2026-08-02 13:58:30","level":"INFO","logger":"com.alif.analytics.aspects.LoggingAndPerformanceAspect","message":"â± Execution time: 1 ms"}{"timestamp":"2026-08-02 13:58:30","level":"INFO","logger":"com.alif.analytics.aspects.LoggingAndPerformanceAspect","message":"âž¡ï¸ Entering method: AnalyticsSecurityConfig.customSecurityFilterChain(..)"}{"timestamp":"2026-08-02 13:58:30","level":"INFO","logger":"com.alif.analytics.aspects.LoggingAndPerformanceAspect","message":"ðŸ“¥ Arguments: [org.springframework.security.config.annotation.web.builders.HttpSecurity@1e90a6b7]"}{"timestamp":"2026-08-02 13:58:30","level":"INFO","logger":"com.alif.analytics.aspects.LoggingAndPerformanceAspect","message":"âž¡ï¸ Entering method: AnalyticsSecurityConfig.corsConfigurationSource()"}{"timestamp":"2026-08-02 13:58:30","level":"INFO","logger":"com.alif.analytics.aspects.LoggingAndPerformanceAspect","message":"ðŸ“¥ Arguments: []"}{"timestamp":"2026-08-02 13:58:30","level":"INFO","logger":"com.alif.analytics.aspects.LoggingAndPerformanceAspect","message":"âœ… Method executed successfully: AnalyticsSecurityConfig.corsConfigurationSource()"}{"timestamp":"2026-08-02 13:58:30","level":"INFO","logger":"com.alif.analytics.aspects.LoggingAndPerformanceAspect","message":"â± Execution time: 4 ms"}{"timestamp":"2026-08-02 13:58:30","level":"INFO","logger":"com.alif.analytics.aspects.LoggingAndPerformanceAspect","message":"âœ… Method executed successfully: AnalyticsSecurityConfig.customSecurityFilterChain(..)"}{"timestamp":"2026-08-02 13:58:30","level":"INFO","logger":"com.alif.analytics.aspects.LoggingAndPerformanceAspect","message":"â± Execution time: 131 ms"}{"timestamp":"2026-08-02 13:58:31","level":"INFO","logger":"com.alif.analytics.aspects.LoggingAndPerformanceAspect","message":"âž¡ï¸ Entering method: WebConfig.configureApiVersioning(..)"}{"timestamp":"2026-08-02 13:58:31","level":"INFO","logger":"com.alif.analytics.aspects.LoggingAndPerformanceAspect","message":"ðŸ“¥ Arguments: [org.springframework.web.servlet.config.annotation.ApiVersionConfigurer@7ad2ec1a]"}{"timestamp":"2026-08-02 13:58:31","level":"INFO","logger":"com.alif.analytics.aspects.LoggingAndPerformanceAspect","message":"âœ… Method executed successfully: WebConfig.configureApiVersioning(..)"}{"timestamp":"2026-08-02 13:58:31","level":"INFO","logger":"com.alif.analytics.aspects.LoggingAndPerformanceAspect","message":"â± Execution time: 9 ms"}{"timestamp":"2026-08-02 13:58:32","level":"INFO","logger":"org.springframework.boot.h2console.autoconfigure.H2ConsoleAutoConfiguration","message":"H2 console available at '/h2-console'. Database available at 'jdbc:mysql://127.0.0.1:3306/analytics'"}{"timestamp":"2026-08-02 13:58:32","level":"INFO","logger":"org.apache.coyote.http11.Http11NioProtocol","message":"Starting ProtocolHandler ["http-nio-8080"]"}{"timestamp":"2026-08-02 13:58:32","level":"INFO","logger":"org.springframework.boot.tomcat.TomcatWebServer","message":"Tomcat started on port 8080 (http) with context path '/'"}{"timestamp":"2026-08-02 13:58:32","level":"INFO","logger":"com.alif.analytics.AnalyticsApplication","message":"Started AnalyticsApplication in 19.719 seconds (process running for 21.682)"}{"timestamp":"2026-08-02 13:58:32","level":"WARN","logger":"org.springdoc.core.events.SpringDocAppInitializer","message":"SpringDoc /v3/api-docs endpoint is enabled by default. To disable it in production, set the property 'springdoc.api-docs.enabled=false'"}{"timestamp":"2026-08-02 13:58:32","level":"WARN","logger":"org.springdoc.core.events.SpringDocAppInitializer","message":"SpringDoc /swagger-ui.html endpoint is enabled by default. To disable it in production, set the property 'springdoc.swagger-ui.enabled=false'"}{"timestamp":"2026-08-02 14:00:31","level":"INFO","logger":"org.springframework.boot.tomcat.GracefulShutdown","message":"Commencing graceful shutdown. Waiting for active requests to complete"}{"timestamp":"2026-08-02 14:00:31","level":"INFO","logger":"org.springframework.boot.tomcat.GracefulShutdown","message":"Graceful shutdown complete"}{"timestamp":"2026-08-02 14:00:31","level":"INFO","logger":"org.springframework.orm.jpa.LocalContainerEntityManagerFactoryBean","message":"Closing JPA EntityManagerFactory for persistence unit 'default'"}{"timestamp":"2026-08-02 14:00:31","level":"INFO","logger":"com.zaxxer.hikari.HikariDataSource","message":"HikariPool-1 - Shutdown initiated..."}{"timestamp":"2026-08-02 14:00:31","level":"INFO","logger":"com.zaxxer.hikari.HikariDataSource","message":"HikariPool-1 - Shutdown completed."}{"timestamp":"2026-08-02 14:00:40","level":"INFO","logger":"com.alif.analytics.AnalyticsApplication","message":"Starting AnalyticsApplication using Java 26.0.1 with PID 15204 (C:\Users\USER\Documents\springboot\analytics\backend\target\classes started by USER in C:\Users\USER\Documents\springboot\analytics\backend)"}{"timestamp":"2026-08-02 14:00:40","level":"INFO","logger":"com.alif.analytics.AnalyticsApplication","message":"No active profile set, falling back to 1 default profile: "default""}{"timestamp":"2026-08-02 14:00:40","level":"INFO","logger":"org.springframework.boot.docker.compose.lifecycle.DockerComposeLifecycleManager","message":"Using Docker Compose file C:\Users\USER\Documents\springboot\analytics\backend\compose.yml"}{"timestamp":"2026-08-02 14:00:41","level":"INFO","logger":"org.hibernate.validator.internal.util.Version","message":"HV000001: Hibernate Validator 9.1.0.Final"}{"timestamp":"2026-08-02 14:00:42","level":"INFO","logger":"org.springframework.boot.docker.compose.core.DockerCli","message":" Container analyticsdb Starting "}{"timestamp":"2026-08-02 14:00:42","level":"INFO","logger":"org.springframework.boot.docker.compose.core.DockerCli","message":" Container analyticsdb Started "}{"timestamp":"2026-08-02 14:00:42","level":"INFO","logger":"org.springframework.boot.docker.compose.core.DockerCli","message":" Container analyticsdb Waiting "}{"timestamp":"2026-08-02 14:00:43","level":"INFO","logger":"org.springframework.boot.docker.compose.core.DockerCli","message":" Container analyticsdb Healthy "}{"timestamp":"2026-08-02 14:00:47","level":"INFO","logger":"org.springframework.boot.devtools.env.DevToolsPropertyDefaultsPostProcessor","message":"Devtools property defaults active! Set 'spring.devtools.add-properties' to 'false' to disable"}{"timestamp":"2026-08-02 14:00:47","level":"INFO","logger":"org.springframework.boot.devtools.env.DevToolsPropertyDefaultsPostProcessor","message":"For additional web related logging consider setting the 'logging.level.web' property to 'DEBUG'"}{"timestamp":"2026-08-02 14:00:48","level":"INFO","logger":"org.springframework.data.repository.config.RepositoryConfigurationDelegate","message":"Bootstrapping Spring Data JPA repositories in DEFAULT mode."}{"timestamp":"2026-08-02 14:00:48","level":"INFO","logger":"org.springframework.data.repository.config.RepositoryConfigurationDelegate","message":"Finished Spring Data repository scanning in 89 ms. Found 2 JPA repository interfaces."}{"timestamp":"2026-08-02 14:00:50","level":"INFO","logger":"org.springframework.boot.tomcat.TomcatWebServer","message":"Tomcat initialized with port 8080 (http)"}{"timestamp":"2026-08-02 14:00:50","level":"INFO","logger":"org.apache.coyote.http11.Http11NioProtocol","message":"Initializing ProtocolHandler ["http-nio-8080"]"}{"timestamp":"2026-08-02 14:00:50","level":"INFO","logger":"org.apache.catalina.core.StandardService","message":"Starting service [Tomcat]"}{"timestamp":"2026-08-02 14:00:50","level":"INFO","logger":"org.apache.catalina.core.StandardEngine","message":"Starting Servlet engine: [Apache Tomcat/11.0.22]"}{"timestamp":"2026-08-02 14:00:50","level":"INFO","logger":"org.springframework.boot.web.context.servlet.WebApplicationContextInitializer","message":"Root WebApplicationContext: initialization completed in 2638 ms"}{"timestamp":"2026-08-02 14:00:50","level":"INFO","logger":"org.hibernate.orm.jpa","message":"HHH008540: Processing PersistenceUnitInfo [name: default]"}{"timestamp":"2026-08-02 14:00:50","level":"INFO","logger":"org.hibernate.orm.core","message":"HHH000001: Hibernate ORM core version 7.4.1.Final"}{"timestamp":"2026-08-02 14:00:51","level":"INFO","logger":"org.springframework.orm.jpa.persistenceunit.SpringPersistenceUnitInfo","message":"No LoadTimeWeaver setup: ignoring JPA class transformer"}{"timestamp":"2026-08-02 14:00:51","level":"INFO","logger":"com.zaxxer.hikari.HikariDataSource","message":"HikariPool-1 - Starting..."}{"timestamp":"2026-08-02 14:00:52","level":"INFO","logger":"com.zaxxer.hikari.pool.HikariPool","message":"HikariPool-1 - Added connection com.mysql.cj.jdbc.ConnectionImpl@47d03c80"}{"timestamp":"2026-08-02 14:00:52","level":"INFO","logger":"com.zaxxer.hikari.HikariDataSource","message":"HikariPool-1 - Start completed."}{"timestamp":"2026-08-02 14:00:52","level":"INFO","logger":"org.hibernate.orm.connections.pooling","message":"HHH10001005: Database info:
	Database JDBC URL [jdbc:mysql://127.0.0.1:3306/analytics]
	Database driver: MySQL Connector/J
	Database dialect: MySQLDialect
	Database version: 9.7.1
	Default catalog/schema: analytics/undefined
	Autocommit mode: undefined/unknown
	Isolation level: REPEATABLE_READ [default REPEATABLE_READ]
	JDBC fetch size: none
	Pool: DataSourceConnectionProvider
	Minimum pool size: undefined/unknown
	Maximum pool size: undefined/unknown"}{"timestamp":"2026-08-02 14:00:54","level":"INFO","logger":"org.hibernate.orm.core","message":"HHH000489: No JTA platform available (set 'hibernate.transaction.jta.platform' to enable JTA platform integration)"}{"timestamp":"2026-08-02 14:00:54","level":"INFO","logger":"org.springframework.orm.jpa.LocalContainerEntityManagerFactoryBean","message":"Initialized JPA EntityManagerFactory for persistence unit 'default'"}{"timestamp":"2026-08-02 14:00:54","level":"INFO","logger":"com.alif.analytics.aspects.LoggingAndPerformanceAspect","message":"âž¡ï¸ Entering method: PathsConfig.publicPaths()"}{"timestamp":"2026-08-02 14:00:54","level":"INFO","logger":"com.alif.analytics.aspects.LoggingAndPerformanceAspect","message":"ðŸ“¥ Arguments: []"}{"timestamp":"2026-08-02 14:00:54","level":"INFO","logger":"com.alif.analytics.aspects.LoggingAndPerformanceAspect","message":"âœ… Method executed successfully: PathsConfig.publicPaths()"}{"timestamp":"2026-08-02 14:00:54","level":"INFO","logger":"com.alif.analytics.aspects.LoggingAndPerformanceAspect","message":"â± Execution time: 2 ms"}{"timestamp":"2026-08-02 14:00:54","level":"INFO","logger":"com.alif.analytics.aspects.LoggingAndPerformanceAspect","message":"âž¡ï¸ Entering method: PathsConfig.securedPaths()"}{"timestamp":"2026-08-02 14:00:54","level":"INFO","logger":"com.alif.analytics.aspects.LoggingAndPerformanceAspect","message":"ðŸ“¥ Arguments: []"}{"timestamp":"2026-08-02 14:00:54","level":"INFO","logger":"com.alif.analytics.aspects.LoggingAndPerformanceAspect","message":"âœ… Method executed successfully: PathsConfig.securedPaths()"}{"timestamp":"2026-08-02 14:00:54","level":"INFO","logger":"com.alif.analytics.aspects.LoggingAndPerformanceAspect","message":"â± Execution time: 1 ms"}{"timestamp":"2026-08-02 14:00:54","level":"INFO","logger":"com.alif.analytics.aspects.LoggingAndPerformanceAspect","message":"âž¡ï¸ Entering method: PathsConfig.adminPaths()"}{"timestamp":"2026-08-02 14:00:54","level":"INFO","logger":"com.alif.analytics.aspects.LoggingAndPerformanceAspect","message":"ðŸ“¥ Arguments: []"}{"timestamp":"2026-08-02 14:00:54","level":"INFO","logger":"com.alif.analytics.aspects.LoggingAndPerformanceAspect","message":"âœ… Method executed successfully: PathsConfig.adminPaths()"}{"timestamp":"2026-08-02 14:00:54","level":"INFO","logger":"com.alif.analytics.aspects.LoggingAndPerformanceAspect","message":"â± Execution time: 1 ms"}{"timestamp":"2026-08-02 14:00:54","level":"INFO","logger":"com.alif.analytics.aspects.LoggingAndPerformanceAspect","message":"âž¡ï¸ Entering method: PathsConfig.employerPaths()"}{"timestamp":"2026-08-02 14:00:54","level":"INFO","logger":"com.alif.analytics.aspects.LoggingAndPerformanceAspect","message":"ðŸ“¥ Arguments: []"}{"timestamp":"2026-08-02 14:00:54","level":"INFO","logger":"com.alif.analytics.aspects.LoggingAndPerformanceAspect","message":"âœ… Method executed successfully: PathsConfig.employerPaths()"}{"timestamp":"2026-08-02 14:00:54","level":"INFO","logger":"com.alif.analytics.aspects.LoggingAndPerformanceAspect","message":"â± Execution time: 1 ms"}{"timestamp":"2026-08-02 14:00:54","level":"INFO","logger":"com.alif.analytics.aspects.LoggingAndPerformanceAspect","message":"âž¡ï¸ Entering method: AnalyticsSecurityConfig.compromisedPasswordChecker()"}{"timestamp":"2026-08-02 14:00:54","level":"INFO","logger":"com.alif.analytics.aspects.LoggingAndPerformanceAspect","message":"ðŸ“¥ Arguments: []"}{"timestamp":"2026-08-02 14:00:54","level":"INFO","logger":"com.alif.analytics.aspects.LoggingAndPerformanceAspect","message":"âœ… Method executed successfully: AnalyticsSecurityConfig.compromisedPasswordChecker()"}{"timestamp":"2026-08-02 14:00:54","level":"INFO","logger":"com.alif.analytics.aspects.LoggingAndPerformanceAspect","message":"â± Execution time: 207 ms"}{"timestamp":"2026-08-02 14:00:55","level":"INFO","logger":"org.springframework.data.jpa.repository.query.QueryEnhancerFactories","message":"Hibernate is in classpath; If applicable, HQL parser will be used."}{"timestamp":"2026-08-02 14:00:55","level":"INFO","logger":"com.alif.analytics.aspects.LoggingAndPerformanceAspect","message":"âž¡ï¸ Entering method: AnalyticsSecurityConfig.passwordEncoder()"}{"timestamp":"2026-08-02 14:00:55","level":"INFO","logger":"com.alif.analytics.aspects.LoggingAndPerformanceAspect","message":"ðŸ“¥ Arguments: []"}{"timestamp":"2026-08-02 14:00:55","level":"INFO","logger":"com.alif.analytics.aspects.LoggingAndPerformanceAspect","message":"âœ… Method executed successfully: AnalyticsSecurityConfig.passwordEncoder()"}{"timestamp":"2026-08-02 14:00:55","level":"INFO","logger":"com.alif.analytics.aspects.LoggingAndPerformanceAspect","message":"â± Execution time: 4 ms"}{"timestamp":"2026-08-02 14:00:55","level":"INFO","logger":"com.alif.analytics.aspects.LoggingAndPerformanceAspect","message":"âž¡ï¸ Entering method: AnalyticsSecurityConfig.authenticationManager(..)"}{"timestamp":"2026-08-02 14:00:55","level":"INFO","logger":"com.alif.analytics.aspects.LoggingAndPerformanceAspect","message":"ðŸ“¥ Arguments: [com.alif.analytics.security.JobPortalUsernamePwdAuthenticationProvider@385084e4]"}{"timestamp":"2026-08-02 14:00:55","level":"INFO","logger":"com.alif.analytics.aspects.LoggingAndPerformanceAspect","message":"âœ… Method executed successfully: AnalyticsSecurityConfig.authenticationManager(..)"}{"timestamp":"2026-08-02 14:00:55","level":"INFO","logger":"com.alif.analytics.aspects.LoggingAndPerformanceAspect","message":"â± Execution time: 7 ms"}{"timestamp":"2026-08-02 14:00:55","level":"WARN","logger":"org.springframework.boot.jpa.autoconfigure.JpaBaseConfiguration$JpaWebConfiguration","message":"spring.jpa.open-in-view is enabled by default. Therefore, database queries may be performed during view rendering. Explicitly configure spring.jpa.open-in-view to disable this warning"}{"timestamp":"2026-08-02 14:00:55","level":"INFO","logger":"org.springframework.security.config.annotation.authentication.configuration.InitializeAuthenticationProviderBeanManagerConfigurer$InitializeAuthenticationProviderManagerConfigurer","message":"Global AuthenticationManager configured with AuthenticationProvider bean with name jobPortalUsernamePwdAuthenticationProvider"}{"timestamp":"2026-08-02 14:00:56","level":"INFO","logger":"com.alif.analytics.aspects.LoggingAndPerformanceAspect","message":"âž¡ï¸ Entering method: WebConfig.configurePathMatch(..)"}{"timestamp":"2026-08-02 14:00:56","level":"INFO","logger":"com.alif.analytics.aspects.LoggingAndPerformanceAspect","message":"ðŸ“¥ Arguments: [org.springframework.web.servlet.config.annotation.PathMatchConfigurer@8121d6c]"}{"timestamp":"2026-08-02 14:00:56","level":"INFO","logger":"com.alif.analytics.aspects.LoggingAndPerformanceAspect","message":"âœ… Method executed successfully: WebConfig.configurePathMatch(..)"}{"timestamp":"2026-08-02 14:00:56","level":"INFO","logger":"com.alif.analytics.aspects.LoggingAndPerformanceAspect","message":"â± Execution time: 0 ms"}{"timestamp":"2026-08-02 14:00:56","level":"INFO","logger":"com.alif.analytics.aspects.LoggingAndPerformanceAspect","message":"âž¡ï¸ Entering method: AnalyticsSecurityConfig.customSecurityFilterChain(..)"}{"timestamp":"2026-08-02 14:00:56","level":"INFO","logger":"com.alif.analytics.aspects.LoggingAndPerformanceAspect","message":"ðŸ“¥ Arguments: [org.springframework.security.config.annotation.web.builders.HttpSecurity@31915ec1]"}{"timestamp":"2026-08-02 14:00:56","level":"INFO","logger":"com.alif.analytics.aspects.LoggingAndPerformanceAspect","message":"âž¡ï¸ Entering method: AnalyticsSecurityConfig.corsConfigurationSource()"}{"timestamp":"2026-08-02 14:00:56","level":"INFO","logger":"com.alif.analytics.aspects.LoggingAndPerformanceAspect","message":"ðŸ“¥ Arguments: []"}{"timestamp":"2026-08-02 14:00:56","level":"INFO","logger":"com.alif.analytics.aspects.LoggingAndPerformanceAspect","message":"âœ… Method executed successfully: AnalyticsSecurityConfig.corsConfigurationSource()"}{"timestamp":"2026-08-02 14:00:56","level":"INFO","logger":"com.alif.analytics.aspects.LoggingAndPerformanceAspect","message":"â± Execution time: 4 ms"}{"timestamp":"2026-08-02 14:00:56","level":"INFO","logger":"com.alif.analytics.aspects.LoggingAndPerformanceAspect","message":"âœ… Method executed successfully: AnalyticsSecurityConfig.customSecurityFilterChain(..)"}{"timestamp":"2026-08-02 14:00:56","level":"INFO","logger":"com.alif.analytics.aspects.LoggingAndPerformanceAspect","message":"â± Execution time: 90 ms"}{"timestamp":"2026-08-02 14:00:56","level":"INFO","logger":"com.alif.analytics.aspects.LoggingAndPerformanceAspect","message":"âž¡ï¸ Entering method: WebConfig.configureApiVersioning(..)"}{"timestamp":"2026-08-02 14:00:56","level":"INFO","logger":"com.alif.analytics.aspects.LoggingAndPerformanceAspect","message":"ðŸ“¥ Arguments: [org.springframework.web.servlet.config.annotation.ApiVersionConfigurer@309740f5]"}{"timestamp":"2026-08-02 14:00:56","level":"INFO","logger":"com.alif.analytics.aspects.LoggingAndPerformanceAspect","message":"âœ… Method executed successfully: WebConfig.configureApiVersioning(..)"}{"timestamp":"2026-08-02 14:00:56","level":"INFO","logger":"com.alif.analytics.aspects.LoggingAndPerformanceAspect","message":"â± Execution time: 4 ms"}{"timestamp":"2026-08-02 14:00:57","level":"INFO","logger":"org.springframework.boot.h2console.autoconfigure.H2ConsoleAutoConfiguration","message":"H2 console available at '/h2-console'. Database available at 'jdbc:mysql://127.0.0.1:3306/analytics'"}{"timestamp":"2026-08-02 14:00:57","level":"INFO","logger":"org.apache.coyote.http11.Http11NioProtocol","message":"Starting ProtocolHandler ["http-nio-8080"]"}{"timestamp":"2026-08-02 14:00:57","level":"INFO","logger":"org.springframework.boot.tomcat.TomcatWebServer","message":"Tomcat started on port 8080 (http) with context path '/'"}{"timestamp":"2026-08-02 14:00:57","level":"INFO","logger":"com.alif.analytics.AnalyticsApplication","message":"Started AnalyticsApplication in 17.092 seconds (process running for 18.983)"}{"timestamp":"2026-08-02 14:00:57","level":"WARN","logger":"org.springdoc.core.events.SpringDocAppInitializer","message":"SpringDoc /v3/api-docs endpoint is enabled by default. To disable it in production, set the property 'springdoc.api-docs.enabled=false'"}{"timestamp":"2026-08-02 14:00:57","level":"WARN","logger":"org.springdoc.core.events.SpringDocAppInitializer","message":"SpringDoc /swagger-ui.html endpoint is enabled by default. To disable it in production, set the property 'springdoc.swagger-ui.enabled=false'"}{"timestamp":"2026-08-02 14:04:08","level":"INFO","logger":"org.springframework.boot.tomcat.GracefulShutdown","message":"Commencing graceful shutdown. Waiting for active requests to complete"}{"timestamp":"2026-08-02 14:04:08","level":"INFO","logger":"org.springframework.boot.tomcat.GracefulShutdown","message":"Graceful shutdown complete"}{"timestamp":"2026-08-02 14:04:08","level":"INFO","logger":"org.springframework.orm.jpa.LocalContainerEntityManagerFactoryBean","message":"Closing JPA EntityManagerFactory for persistence unit 'default'"}{"timestamp":"2026-08-02 14:04:08","level":"INFO","logger":"com.zaxxer.hikari.HikariDataSource","message":"HikariPool-1 - Shutdown initiated..."}{"timestamp":"2026-08-02 14:04:08","level":"INFO","logger":"com.zaxxer.hikari.HikariDataSource","message":"HikariPool-1 - Shutdown completed."}{"timestamp":"2026-08-02 14:04:16","level":"INFO","logger":"com.alif.analytics.AnalyticsApplication","message":"Starting AnalyticsApplication using Java 26.0.1 with PID 12164 (C:\Users\USER\Documents\springboot\analytics\backend\target\classes started by USER in C:\Users\USER\Documents\springboot\analytics\backend)"}{"timestamp":"2026-08-02 14:04:16","level":"INFO","logger":"com.alif.analytics.AnalyticsApplication","message":"No active profile set, falling back to 1 default profile: "default""}{"timestamp":"2026-08-02 14:04:16","level":"INFO","logger":"org.springframework.boot.docker.compose.lifecycle.DockerComposeLifecycleManager","message":"Using Docker Compose file C:\Users\USER\Documents\springboot\analytics\backend\compose.yml"}{"timestamp":"2026-08-02 14:04:16","level":"INFO","logger":"org.hibernate.validator.internal.util.Version","message":"HV000001: Hibernate Validator 9.1.0.Final"}{"timestamp":"2026-08-02 14:04:17","level":"INFO","logger":"org.springframework.boot.docker.compose.core.DockerCli","message":" Container analyticsdb Starting "}{"timestamp":"2026-08-02 14:04:17","level":"INFO","logger":"org.springframework.boot.docker.compose.core.DockerCli","message":" Container analyticsdb Started "}{"timestamp":"2026-08-02 14:04:17","level":"INFO","logger":"org.springframework.boot.docker.compose.core.DockerCli","message":" Container analyticsdb Waiting "}{"timestamp":"2026-08-02 14:04:18","level":"INFO","logger":"org.springframework.boot.docker.compose.core.DockerCli","message":" Container analyticsdb Healthy "}{"timestamp":"2026-08-02 14:04:23","level":"INFO","logger":"org.springframework.boot.devtools.env.DevToolsPropertyDefaultsPostProcessor","message":"Devtools property defaults active! Set 'spring.devtools.add-properties' to 'false' to disable"}{"timestamp":"2026-08-02 14:04:23","level":"INFO","logger":"org.springframework.boot.devtools.env.DevToolsPropertyDefaultsPostProcessor","message":"For additional web related logging consider setting the 'logging.level.web' property to 'DEBUG'"}{"timestamp":"2026-08-02 14:04:24","level":"INFO","logger":"org.springframework.data.repository.config.RepositoryConfigurationDelegate","message":"Bootstrapping Spring Data JPA repositories in DEFAULT mode."}{"timestamp":"2026-08-02 14:04:24","level":"INFO","logger":"org.springframework.data.repository.config.RepositoryConfigurationDelegate","message":"Finished Spring Data repository scanning in 75 ms. Found 2 JPA repository interfaces."}{"timestamp":"2026-08-02 14:04:26","level":"INFO","logger":"org.springframework.boot.tomcat.TomcatWebServer","message":"Tomcat initialized with port 8080 (http)"}{"timestamp":"2026-08-02 14:04:26","level":"INFO","logger":"org.apache.coyote.http11.Http11NioProtocol","message":"Initializing ProtocolHandler ["http-nio-8080"]"}{"timestamp":"2026-08-02 14:04:26","level":"INFO","logger":"org.apache.catalina.core.StandardService","message":"Starting service [Tomcat]"}{"timestamp":"2026-08-02 14:04:26","level":"INFO","logger":"org.apache.catalina.core.StandardEngine","message":"Starting Servlet engine: [Apache Tomcat/11.0.22]"}{"timestamp":"2026-08-02 14:04:26","level":"INFO","logger":"org.springframework.boot.web.context.servlet.WebApplicationContextInitializer","message":"Root WebApplicationContext: initialization completed in 3274 ms"}{"timestamp":"2026-08-02 14:04:26","level":"INFO","logger":"org.hibernate.orm.jpa","message":"HHH008540: Processing PersistenceUnitInfo [name: default]"}{"timestamp":"2026-08-02 14:04:26","level":"INFO","logger":"org.hibernate.orm.core","message":"HHH000001: Hibernate ORM core version 7.4.1.Final"}{"timestamp":"2026-08-02 14:04:27","level":"INFO","logger":"org.springframework.orm.jpa.persistenceunit.SpringPersistenceUnitInfo","message":"No LoadTimeWeaver setup: ignoring JPA class transformer"}{"timestamp":"2026-08-02 14:04:27","level":"INFO","logger":"com.zaxxer.hikari.HikariDataSource","message":"HikariPool-1 - Starting..."}{"timestamp":"2026-08-02 14:04:28","level":"INFO","logger":"com.zaxxer.hikari.pool.HikariPool","message":"HikariPool-1 - Added connection com.mysql.cj.jdbc.ConnectionImpl@41988fe1"}{"timestamp":"2026-08-02 14:04:28","level":"INFO","logger":"com.zaxxer.hikari.HikariDataSource","message":"HikariPool-1 - Start completed."}{"timestamp":"2026-08-02 14:04:29","level":"INFO","logger":"org.hibernate.orm.connections.pooling","message":"HHH10001005: Database info:
	Database JDBC URL [jdbc:mysql://127.0.0.1:3306/analytics]
	Database driver: MySQL Connector/J
	Database dialect: MySQLDialect
	Database version: 9.7.1
	Default catalog/schema: analytics/undefined
	Autocommit mode: undefined/unknown
	Isolation level: REPEATABLE_READ [default REPEATABLE_READ]
	JDBC fetch size: none
	Pool: DataSourceConnectionProvider
	Minimum pool size: undefined/unknown
	Maximum pool size: undefined/unknown"}{"timestamp":"2026-08-02 14:04:30","level":"INFO","logger":"org.hibernate.orm.core","message":"HHH000489: No JTA platform available (set 'hibernate.transaction.jta.platform' to enable JTA platform integration)"}{"timestamp":"2026-08-02 14:04:30","level":"INFO","logger":"org.springframework.orm.jpa.LocalContainerEntityManagerFactoryBean","message":"Initialized JPA EntityManagerFactory for persistence unit 'default'"}{"timestamp":"2026-08-02 14:04:31","level":"INFO","logger":"com.alif.analytics.aspects.LoggingAndPerformanceAspect","message":"âž¡ï¸ Entering method: PathsConfig.publicPaths()"}{"timestamp":"2026-08-02 14:04:31","level":"INFO","logger":"com.alif.analytics.aspects.LoggingAndPerformanceAspect","message":"ðŸ“¥ Arguments: []"}{"timestamp":"2026-08-02 14:04:31","level":"INFO","logger":"com.alif.analytics.aspects.LoggingAndPerformanceAspect","message":"âœ… Method executed successfully: PathsConfig.publicPaths()"}{"timestamp":"2026-08-02 14:04:31","level":"INFO","logger":"com.alif.analytics.aspects.LoggingAndPerformanceAspect","message":"â± Execution time: 3 ms"}{"timestamp":"2026-08-02 14:04:31","level":"INFO","logger":"com.alif.analytics.aspects.LoggingAndPerformanceAspect","message":"âž¡ï¸ Entering method: PathsConfig.securedPaths()"}{"timestamp":"2026-08-02 14:04:31","level":"INFO","logger":"com.alif.analytics.aspects.LoggingAndPerformanceAspect","message":"ðŸ“¥ Arguments: []"}{"timestamp":"2026-08-02 14:04:31","level":"INFO","logger":"com.alif.analytics.aspects.LoggingAndPerformanceAspect","message":"âœ… Method executed successfully: PathsConfig.securedPaths()"}{"timestamp":"2026-08-02 14:04:31","level":"INFO","logger":"com.alif.analytics.aspects.LoggingAndPerformanceAspect","message":"â± Execution time: 1 ms"}{"timestamp":"2026-08-02 14:04:31","level":"INFO","logger":"com.alif.analytics.aspects.LoggingAndPerformanceAspect","message":"âž¡ï¸ Entering method: PathsConfig.adminPaths()"}{"timestamp":"2026-08-02 14:04:31","level":"INFO","logger":"com.alif.analytics.aspects.LoggingAndPerformanceAspect","message":"ðŸ“¥ Arguments: []"}{"timestamp":"2026-08-02 14:04:31","level":"INFO","logger":"com.alif.analytics.aspects.LoggingAndPerformanceAspect","message":"âœ… Method executed successfully: PathsConfig.adminPaths()"}{"timestamp":"2026-08-02 14:04:31","level":"INFO","logger":"com.alif.analytics.aspects.LoggingAndPerformanceAspect","message":"â± Execution time: 0 ms"}{"timestamp":"2026-08-02 14:04:31","level":"INFO","logger":"com.alif.analytics.aspects.LoggingAndPerformanceAspect","message":"âž¡ï¸ Entering method: PathsConfig.employerPaths()"}{"timestamp":"2026-08-02 14:04:31","level":"INFO","logger":"com.alif.analytics.aspects.LoggingAndPerformanceAspect","message":"ðŸ“¥ Arguments: []"}{"timestamp":"2026-08-02 14:04:31","level":"INFO","logger":"com.alif.analytics.aspects.LoggingAndPerformanceAspect","message":"âœ… Method executed successfully: PathsConfig.employerPaths()"}{"timestamp":"2026-08-02 14:04:31","level":"INFO","logger":"com.alif.analytics.aspects.LoggingAndPerformanceAspect","message":"â± Execution time: 0 ms"}{"timestamp":"2026-08-02 14:04:31","level":"INFO","logger":"com.alif.analytics.aspects.LoggingAndPerformanceAspect","message":"âž¡ï¸ Entering method: AnalyticsSecurityConfig.compromisedPasswordChecker()"}{"timestamp":"2026-08-02 14:04:31","level":"INFO","logger":"com.alif.analytics.aspects.LoggingAndPerformanceAspect","message":"ðŸ“¥ Arguments: []"}{"timestamp":"2026-08-02 14:04:31","level":"INFO","logger":"com.alif.analytics.aspects.LoggingAndPerformanceAspect","message":"âœ… Method executed successfully: AnalyticsSecurityConfig.compromisedPasswordChecker()"}{"timestamp":"2026-08-02 14:04:31","level":"INFO","logger":"com.alif.analytics.aspects.LoggingAndPerformanceAspect","message":"â± Execution time: 194 ms"}{"timestamp":"2026-08-02 14:04:31","level":"INFO","logger":"org.springframework.data.jpa.repository.query.QueryEnhancerFactories","message":"Hibernate is in classpath; If applicable, HQL parser will be used."}{"timestamp":"2026-08-02 14:04:31","level":"INFO","logger":"com.alif.analytics.aspects.LoggingAndPerformanceAspect","message":"âž¡ï¸ Entering method: AnalyticsSecurityConfig.passwordEncoder()"}{"timestamp":"2026-08-02 14:04:31","level":"INFO","logger":"com.alif.analytics.aspects.LoggingAndPerformanceAspect","message":"ðŸ“¥ Arguments: []"}{"timestamp":"2026-08-02 14:04:31","level":"INFO","logger":"com.alif.analytics.aspects.LoggingAndPerformanceAspect","message":"âœ… Method executed successfully: AnalyticsSecurityConfig.passwordEncoder()"}{"timestamp":"2026-08-02 14:04:31","level":"INFO","logger":"com.alif.analytics.aspects.LoggingAndPerformanceAspect","message":"â± Execution time: 2 ms"}{"timestamp":"2026-08-02 14:04:31","level":"INFO","logger":"com.alif.analytics.aspects.LoggingAndPerformanceAspect","message":"âž¡ï¸ Entering method: AnalyticsSecurityConfig.authenticationManager(..)"}{"timestamp":"2026-08-02 14:04:31","level":"INFO","logger":"com.alif.analytics.aspects.LoggingAndPerformanceAspect","message":"ðŸ“¥ Arguments: [com.alif.analytics.security.JobPortalUsernamePwdAuthenticationProvider@5a583f1b]"}{"timestamp":"2026-08-02 14:04:31","level":"INFO","logger":"com.alif.analytics.aspects.LoggingAndPerformanceAspect","message":"âœ… Method executed successfully: AnalyticsSecurityConfig.authenticationManager(..)"}{"timestamp":"2026-08-02 14:04:31","level":"INFO","logger":"com.alif.analytics.aspects.LoggingAndPerformanceAspect","message":"â± Execution time: 7 ms"}{"timestamp":"2026-08-02 14:04:32","level":"WARN","logger":"org.springframework.boot.jpa.autoconfigure.JpaBaseConfiguration$JpaWebConfiguration","message":"spring.jpa.open-in-view is enabled by default. Therefore, database queries may be performed during view rendering. Explicitly configure spring.jpa.open-in-view to disable this warning"}{"timestamp":"2026-08-02 14:04:32","level":"INFO","logger":"org.springframework.security.config.annotation.authentication.configuration.InitializeAuthenticationProviderBeanManagerConfigurer$InitializeAuthenticationProviderManagerConfigurer","message":"Global AuthenticationManager configured with AuthenticationProvider bean with name jobPortalUsernamePwdAuthenticationProvider"}{"timestamp":"2026-08-02 14:04:32","level":"INFO","logger":"com.alif.analytics.aspects.LoggingAndPerformanceAspect","message":"âž¡ï¸ Entering method: WebConfig.configurePathMatch(..)"}{"timestamp":"2026-08-02 14:04:32","level":"INFO","logger":"com.alif.analytics.aspects.LoggingAndPerformanceAspect","message":"ðŸ“¥ Arguments: [org.springframework.web.servlet.config.annotation.PathMatchConfigurer@962eb6d]"}{"timestamp":"2026-08-02 14:04:32","level":"INFO","logger":"com.alif.analytics.aspects.LoggingAndPerformanceAspect","message":"âœ… Method executed successfully: WebConfig.configurePathMatch(..)"}{"timestamp":"2026-08-02 14:04:32","level":"INFO","logger":"com.alif.analytics.aspects.LoggingAndPerformanceAspect","message":"â± Execution time: 1 ms"}{"timestamp":"2026-08-02 14:04:32","level":"INFO","logger":"com.alif.analytics.aspects.LoggingAndPerformanceAspect","message":"âž¡ï¸ Entering method: AnalyticsSecurityConfig.customSecurityFilterChain(..)"}{"timestamp":"2026-08-02 14:04:32","level":"INFO","logger":"com.alif.analytics.aspects.LoggingAndPerformanceAspect","message":"ðŸ“¥ Arguments: [org.springframework.security.config.annotation.web.builders.HttpSecurity@343e6bb5]"}{"timestamp":"2026-08-02 14:04:32","level":"INFO","logger":"com.alif.analytics.aspects.LoggingAndPerformanceAspect","message":"âž¡ï¸ Entering method: AnalyticsSecurityConfig.corsConfigurationSource()"}{"timestamp":"2026-08-02 14:04:32","level":"INFO","logger":"com.alif.analytics.aspects.LoggingAndPerformanceAspect","message":"ðŸ“¥ Arguments: []"}{"timestamp":"2026-08-02 14:04:32","level":"INFO","logger":"com.alif.analytics.aspects.LoggingAndPerformanceAspect","message":"âœ… Method executed successfully: AnalyticsSecurityConfig.corsConfigurationSource()"}{"timestamp":"2026-08-02 14:04:32","level":"INFO","logger":"com.alif.analytics.aspects.LoggingAndPerformanceAspect","message":"â± Execution time: 6 ms"}{"timestamp":"2026-08-02 14:04:32","level":"INFO","logger":"com.alif.analytics.aspects.LoggingAndPerformanceAspect","message":"âœ… Method executed successfully: AnalyticsSecurityConfig.customSecurityFilterChain(..)"}{"timestamp":"2026-08-02 14:04:32","level":"INFO","logger":"com.alif.analytics.aspects.LoggingAndPerformanceAspect","message":"â± Execution time: 128 ms"}{"timestamp":"2026-08-02 14:04:33","level":"INFO","logger":"com.alif.analytics.aspects.LoggingAndPerformanceAspect","message":"âž¡ï¸ Entering method: WebConfig.configureApiVersioning(..)"}{"timestamp":"2026-08-02 14:04:33","level":"INFO","logger":"com.alif.analytics.aspects.LoggingAndPerformanceAspect","message":"ðŸ“¥ Arguments: [org.springframework.web.servlet.config.annotation.ApiVersionConfigurer@73241450]"}{"timestamp":"2026-08-02 14:04:33","level":"INFO","logger":"com.alif.analytics.aspects.LoggingAndPerformanceAspect","message":"âœ… Method executed successfully: WebConfig.configureApiVersioning(..)"}{"timestamp":"2026-08-02 14:04:33","level":"INFO","logger":"com.alif.analytics.aspects.LoggingAndPerformanceAspect","message":"â± Execution time: 3 ms"}{"timestamp":"2026-08-02 14:04:33","level":"INFO","logger":"org.springframework.boot.h2console.autoconfigure.H2ConsoleAutoConfiguration","message":"H2 console available at '/h2-console'. Database available at 'jdbc:mysql://127.0.0.1:3306/analytics'"}{"timestamp":"2026-08-02 14:04:33","level":"INFO","logger":"org.apache.coyote.http11.Http11NioProtocol","message":"Starting ProtocolHandler ["http-nio-8080"]"}{"timestamp":"2026-08-02 14:04:33","level":"INFO","logger":"org.springframework.boot.tomcat.TomcatWebServer","message":"Tomcat started on port 8080 (http) with context path '/'"}{"timestamp":"2026-08-02 14:04:34","level":"INFO","logger":"com.alif.analytics.AnalyticsApplication","message":"Started AnalyticsApplication in 18.583 seconds (process running for 20.454)"}{"timestamp":"2026-08-02 14:04:34","level":"WARN","logger":"org.springdoc.core.events.SpringDocAppInitializer","message":"SpringDoc /v3/api-docs endpoint is enabled by default. To disable it in production, set the property 'springdoc.api-docs.enabled=false'"}{"timestamp":"2026-08-02 14:04:34","level":"WARN","logger":"org.springdoc.core.events.SpringDocAppInitializer","message":"SpringDoc /swagger-ui.html endpoint is enabled by default. To disable it in production, set the property 'springdoc.swagger-ui.enabled=false'"}{"timestamp":"2026-08-02 14:05:02","level":"INFO","logger":"org.apache.catalina.core.ContainerBase.[Tomcat].[localhost].[/]","message":"Initializing Spring DispatcherServlet 'dispatcherServlet'"}{"timestamp":"2026-08-02 14:05:02","level":"INFO","logger":"org.springframework.web.servlet.DispatcherServlet","message":"Initializing Servlet 'dispatcherServlet'"}{"timestamp":"2026-08-02 14:05:02","level":"INFO","logger":"org.springframework.web.servlet.DispatcherServlet","message":"Completed initialization in 3 ms"}{"timestamp":"2026-08-02 14:05:02","level":"INFO","logger":"com.alif.analytics.aspects.LoggingAndPerformanceAspect","message":"âž¡ï¸ Entering method: AuthController.registerUser(..)"}{"timestamp":"2026-08-02 14:05:02","level":"INFO","logger":"com.alif.analytics.aspects.LoggingAndPerformanceAspect","message":"ðŸ“¥ Arguments: [RegisterRequestDto[name=admin, email=admin@gmail.com, mobileNumber=3267890123, password=EazyBytes@1803]]"}{"timestamp":"2026-08-02 14:05:02","level":"INFO","logger":"com.alif.analytics.aspects.RegisterValidationAspect","message":"ðŸ” Validating user registration request"}{"timestamp":"2026-08-02 14:05:04","level":"INFO","logger":"com.alif.analytics.aspects.LoggingAndPerformanceAspect","message":"âž¡ï¸ Entering method: JobPortalUserRepository.readUserByEmailOrMobileNumber(..)"}{"timestamp":"2026-08-02 14:05:04","level":"INFO","logger":"com.alif.analytics.aspects.LoggingAndPerformanceAspect","message":"ðŸ“¥ Arguments: [admin@gmail.com, 3267890123]"}{"timestamp":"2026-08-02 14:05:05","level":"INFO","logger":"com.alif.analytics.aspects.LoggingAndPerformanceAspect","message":"âœ… Method executed successfully: JobPortalUserRepository.readUserByEmailOrMobileNumber(..)"}{"timestamp":"2026-08-02 14:05:05","level":"INFO","logger":"com.alif.analytics.aspects.LoggingAndPerformanceAspect","message":"â± Execution time: 1573 ms"}{"timestamp":"2026-08-02 14:05:05","level":"INFO","logger":"com.alif.analytics.aspects.RegisterValidationAspect","message":"âœ… Registration validation passed"}{"timestamp":"2026-08-02 14:05:05","level":"INFO","logger":"com.alif.analytics.aspects.LoggingAndPerformanceAspect","message":"âž¡ï¸ Entering method: RoleRepository.findRoleByName(..)"}{"timestamp":"2026-08-02 14:05:05","level":"INFO","logger":"com.alif.analytics.aspects.LoggingAndPerformanceAspect","message":"ðŸ“¥ Arguments: [ROLE_ADMIN]"}{"timestamp":"2026-08-02 14:05:05","level":"ERROR","logger":"com.alif.analytics.aspects.ExceptionAuditAspect","message":"âŒ Exception occurred in method: RoleRepository.findRoleByName(..)"}{"timestamp":"2026-08-02 14:05:05","level":"ERROR","logger":"com.alif.analytics.aspects.ExceptionAuditAspect","message":"ðŸ“¥ Arguments: [ROLE_ADMIN]"}{"timestamp":"2026-08-02 14:05:05","level":"ERROR","logger":"com.alif.analytics.aspects.ExceptionAuditAspect","message":"ðŸ’¥ Exception type: IncorrectResultSizeDataAccessException"}{"timestamp":"2026-08-02 14:05:05","level":"ERROR","logger":"com.alif.analytics.aspects.ExceptionAuditAspect","message":"ðŸ§¾ Exception message: Query did not return a unique result: 3 results were returned"}{"timestamp":"2026-08-02 14:05:05","level":"ERROR","logger":"com.alif.analytics.aspects.ExceptionAuditAspect","message":"âŒ Exception occurred in method: AuthController.registerUser(..)"}{"timestamp":"2026-08-02 14:05:05","level":"ERROR","logger":"com.alif.analytics.aspects.ExceptionAuditAspect","message":"ðŸ“¥ Arguments: [RegisterRequestDto[name=admin, email=admin@gmail.com, mobileNumber=3267890123, password=EazyBytes@1803]]"}{"timestamp":"2026-08-02 14:05:05","level":"ERROR","logger":"com.alif.analytics.aspects.ExceptionAuditAspect","message":"ðŸ’¥ Exception type: IncorrectResultSizeDataAccessException"}{"timestamp":"2026-08-02 14:05:05","level":"ERROR","logger":"com.alif.analytics.aspects.ExceptionAuditAspect","message":"ðŸ§¾ Exception message: Query did not return a unique result: 3 results were returned"}{"timestamp":"2026-08-02 14:05:05","level":"INFO","logger":"com.alif.analytics.aspects.LoggingAndPerformanceAspect","message":"âž¡ï¸ Entering method: GlobalExceptionHandler.handleException(..)"}{"timestamp":"2026-08-02 14:05:05","level":"INFO","logger":"com.alif.analytics.aspects.LoggingAndPerformanceAspect","message":"ðŸ“¥ Arguments: [org.springframework.dao.IncorrectResultSizeDataAccessException: Query did not return a unique result: 3 results were returned, ServletWebRequest: uri=/api/auth/register;client=0:0:0:0:0:0:0:1]"}{"timestamp":"2026-08-02 14:05:05","level":"INFO","logger":"com.alif.analytics.aspects.LoggingAndPerformanceAspect","message":"âœ… Method executed successfully: GlobalExceptionHandler.handleException(..)"}{"timestamp":"2026-08-02 14:05:05","level":"INFO","logger":"com.alif.analytics.aspects.LoggingAndPerformanceAspect","message":"â± Execution time: 12 ms"}{"timestamp":"2026-08-02 14:05:05","level":"WARN","logger":"org.springframework.web.servlet.mvc.method.annotation.ExceptionHandlerExceptionResolver","message":"Resolved [org.springframework.dao.IncorrectResultSizeDataAccessException: Query did not return a unique result: 3 results were returned]"}{"timestamp":"2026-08-02 14:05:35","level":"INFO","logger":"com.alif.analytics.aspects.LoggingAndPerformanceAspect","message":"âž¡ï¸ Entering method: AuthController.registerUser(..)"}{"timestamp":"2026-08-02 14:05:35","level":"INFO","logger":"com.alif.analytics.aspects.LoggingAndPerformanceAspect","message":"ðŸ“¥ Arguments: [RegisterRequestDto[name=admin, email=admin@gmail.com, mobileNumber=3267890123, password=EazyBytes@1803]]"}{"timestamp":"2026-08-02 14:05:35","level":"INFO","logger":"com.alif.analytics.aspects.RegisterValidationAspect","message":"ðŸ” Validating user registration request"}{"timestamp":"2026-08-02 14:05:35","level":"INFO","logger":"com.alif.analytics.aspects.LoggingAndPerformanceAspect","message":"âž¡ï¸ Entering method: JobPortalUserRepository.readUserByEmailOrMobileNumber(..)"}{"timestamp":"2026-08-02 14:05:35","level":"INFO","logger":"com.alif.analytics.aspects.LoggingAndPerformanceAspect","message":"ðŸ“¥ Arguments: [admin@gmail.com, 3267890123]"}{"timestamp":"2026-08-02 14:05:35","level":"INFO","logger":"com.alif.analytics.aspects.LoggingAndPerformanceAspect","message":"âœ… Method executed successfully: JobPortalUserRepository.readUserByEmailOrMobileNumber(..)"}{"timestamp":"2026-08-02 14:05:35","level":"INFO","logger":"com.alif.analytics.aspects.LoggingAndPerformanceAspect","message":"â± Execution time: 8 ms"}{"timestamp":"2026-08-02 14:05:35","level":"INFO","logger":"com.alif.analytics.aspects.RegisterValidationAspect","message":"âœ… Registration validation passed"}{"timestamp":"2026-08-02 14:06:08","level":"INFO","logger":"com.alif.analytics.aspects.LoggingAndPerformanceAspect","message":"âž¡ï¸ Entering method: RoleRepository.findRoleByName(..)"}{"timestamp":"2026-08-02 14:06:08","level":"INFO","logger":"com.alif.analytics.aspects.LoggingAndPerformanceAspect","message":"ðŸ“¥ Arguments: [ROLE_ADMIN]"}{"timestamp":"2026-08-02 14:06:08","level":"ERROR","logger":"com.alif.analytics.aspects.ExceptionAuditAspect","message":"âŒ Exception occurred in method: RoleRepository.findRoleByName(..)"}{"timestamp":"2026-08-02 14:06:08","level":"ERROR","logger":"com.alif.analytics.aspects.ExceptionAuditAspect","message":"ðŸ“¥ Arguments: [ROLE_ADMIN]"}{"timestamp":"2026-08-02 14:06:08","level":"ERROR","logger":"com.alif.analytics.aspects.ExceptionAuditAspect","message":"ðŸ’¥ Exception type: IncorrectResultSizeDataAccessException"}{"timestamp":"2026-08-02 14:06:08","level":"ERROR","logger":"com.alif.analytics.aspects.ExceptionAuditAspect","message":"ðŸ§¾ Exception message: Query did not return a unique result: 3 results were returned"}{"timestamp":"2026-08-02 14:06:17","level":"ERROR","logger":"com.alif.analytics.aspects.ExceptionAuditAspect","message":"âŒ Exception occurred in method: AuthController.registerUser(..)"}{"timestamp":"2026-08-02 14:06:17","level":"ERROR","logger":"com.alif.analytics.aspects.ExceptionAuditAspect","message":"ðŸ“¥ Arguments: [RegisterRequestDto[name=admin, email=admin@gmail.com, mobileNumber=3267890123, password=EazyBytes@1803]]"}{"timestamp":"2026-08-02 14:06:17","level":"ERROR","logger":"com.alif.analytics.aspects.ExceptionAuditAspect","message":"ðŸ’¥ Exception type: IncorrectResultSizeDataAccessException"}{"timestamp":"2026-08-02 14:06:17","level":"ERROR","logger":"com.alif.analytics.aspects.ExceptionAuditAspect","message":"ðŸ§¾ Exception message: Query did not return a unique result: 3 results were returned"}{"timestamp":"2026-08-02 14:06:17","level":"INFO","logger":"com.alif.analytics.aspects.LoggingAndPerformanceAspect","message":"âž¡ï¸ Entering method: GlobalExceptionHandler.handleException(..)"}{"timestamp":"2026-08-02 14:06:17","level":"INFO","logger":"com.alif.analytics.aspects.LoggingAndPerformanceAspect","message":"ðŸ“¥ Arguments: [org.springframework.dao.IncorrectResultSizeDataAccessException: Query did not return a unique result: 3 results were returned, ServletWebRequest: uri=/api/auth/register;client=0:0:0:0:0:0:0:1]"}{"timestamp":"2026-08-02 14:06:17","level":"INFO","logger":"com.alif.analytics.aspects.LoggingAndPerformanceAspect","message":"âœ… Method executed successfully: GlobalExceptionHandler.handleException(..)"}{"timestamp":"2026-08-02 14:06:17","level":"INFO","logger":"com.alif.analytics.aspects.LoggingAndPerformanceAspect","message":"â± Execution time: 4 ms"}{"timestamp":"2026-08-02 14:06:17","level":"WARN","logger":"org.springframework.web.servlet.mvc.method.annotation.ExceptionHandlerExceptionResolver","message":"Resolved [org.springframework.dao.IncorrectResultSizeDataAccessException: Query did not return a unique result: 3 results were returned]"}{"timestamp":"2026-08-02 14:07:49","level":"INFO","logger":"com.alif.analytics.aspects.LoggingAndPerformanceAspect","message":"âž¡ï¸ Entering method: AuthController.registerUser(..)"}{"timestamp":"2026-08-02 14:07:49","level":"INFO","logger":"com.alif.analytics.aspects.LoggingAndPerformanceAspect","message":"ðŸ“¥ Arguments: [RegisterRequestDto[name=admin, email=admin@gmail.com, mobileNumber=3267890123, password=EazyBytes@1803]]"}{"timestamp":"2026-08-02 14:07:49","level":"INFO","logger":"com.alif.analytics.aspects.RegisterValidationAspect","message":"ðŸ” Validating user registration request"}{"timestamp":"2026-08-02 14:07:49","level":"INFO","logger":"com.alif.analytics.aspects.LoggingAndPerformanceAspect","message":"âž¡ï¸ Entering method: JobPortalUserRepository.readUserByEmailOrMobileNumber(..)"}{"timestamp":"2026-08-02 14:07:49","level":"INFO","logger":"com.alif.analytics.aspects.LoggingAndPerformanceAspect","message":"ðŸ“¥ Arguments: [admin@gmail.com, 3267890123]"}{"timestamp":"2026-08-02 14:07:49","level":"INFO","logger":"com.alif.analytics.aspects.LoggingAndPerformanceAspect","message":"âœ… Method executed successfully: JobPortalUserRepository.readUserByEmailOrMobileNumber(..)"}{"timestamp":"2026-08-02 14:07:49","level":"INFO","logger":"com.alif.analytics.aspects.LoggingAndPerformanceAspect","message":"â± Execution time: 10 ms"}{"timestamp":"2026-08-02 14:07:49","level":"INFO","logger":"com.alif.analytics.aspects.RegisterValidationAspect","message":"âœ… Registration validation passed"}{"timestamp":"2026-08-02 14:07:51","level":"INFO","logger":"com.alif.analytics.aspects.LoggingAndPerformanceAspect","message":"âž¡ï¸ Entering method: RoleRepository.findRoleByName(..)"}{"timestamp":"2026-08-02 14:07:51","level":"INFO","logger":"com.alif.analytics.aspects.LoggingAndPerformanceAspect","message":"ðŸ“¥ Arguments: [ROLE_ADMIN]"}{"timestamp":"2026-08-02 14:07:51","level":"INFO","logger":"com.alif.analytics.aspects.LoggingAndPerformanceAspect","message":"âœ… Method executed successfully: RoleRepository.findRoleByName(..)"}{"timestamp":"2026-08-02 14:07:51","level":"INFO","logger":"com.alif.analytics.aspects.LoggingAndPerformanceAspect","message":"â± Execution time: 15 ms"}{"timestamp":"2026-08-02 14:07:51","level":"INFO","logger":"com.alif.analytics.aspects.LoggingAndPerformanceAspect","message":"âž¡ï¸ Entering method: CrudRepository.save(..)"}{"timestamp":"2026-08-02 14:07:51","level":"INFO","logger":"com.alif.analytics.aspects.LoggingAndPerformanceAspect","message":"ðŸ“¥ Arguments: [com.alif.analytics.entity.JobPortalUser@ea97c91]"}{"timestamp":"2026-08-02 14:07:51","level":"INFO","logger":"com.alif.analytics.aspects.LoggingAndPerformanceAspect","message":"âž¡ï¸ Entering method: AuditorAwareImpl.getCurrentAuditor()"}{"timestamp":"2026-08-02 14:07:51","level":"INFO","logger":"com.alif.analytics.aspects.LoggingAndPerformanceAspect","message":"ðŸ“¥ Arguments: []"}{"timestamp":"2026-08-02 14:07:51","level":"INFO","logger":"com.alif.analytics.aspects.LoggingAndPerformanceAspect","message":"âœ… Method executed successfully: AuditorAwareImpl.getCurrentAuditor()"}{"timestamp":"2026-08-02 14:07:51","level":"INFO","logger":"com.alif.analytics.aspects.LoggingAndPerformanceAspect","message":"â± Execution time: 3 ms"}{"timestamp":"2026-08-02 14:07:51","level":"WARN","logger":"org.hibernate.orm.jdbc.error","message":"HHH000247: ErrorCode: 1364, SQLState: HY000"}{"timestamp":"2026-08-02 14:07:51","level":"WARN","logger":"org.hibernate.orm.jdbc.error","message":"Field 'updated_at' doesn't have a default value"}{"timestamp":"2026-08-02 14:07:51","level":"ERROR","logger":"com.alif.analytics.aspects.ExceptionAuditAspect","message":"âŒ Exception occurred in method: CrudRepository.save(..)"}{"timestamp":"2026-08-02 14:07:51","level":"ERROR","logger":"com.alif.analytics.aspects.ExceptionAuditAspect","message":"ðŸ“¥ Arguments: [com.alif.analytics.entity.JobPortalUser@ea97c91]"}{"timestamp":"2026-08-02 14:07:51","level":"ERROR","logger":"com.alif.analytics.aspects.ExceptionAuditAspect","message":"ðŸ’¥ Exception type: DataIntegrityViolationException"}{"timestamp":"2026-08-02 14:07:51","level":"ERROR","logger":"com.alif.analytics.aspects.ExceptionAuditAspect","message":"ðŸ§¾ Exception message: could not execute statement [Field 'updated_at' doesn't have a default value] [insert into users (created_at,created_by,email,mobile_number,name,password_hash,role_id) values (?,?,?,?,?,?,?)]; SQL [insert into users (created_at,created_by,email,mobile_number,name,password_hash,role_id) values (?,?,?,?,?,?,?)]; constraint [updated_at]"}{"timestamp":"2026-08-02 14:07:51","level":"ERROR","logger":"com.alif.analytics.aspects.ExceptionAuditAspect","message":"âŒ Exception occurred in method: AuthController.registerUser(..)"}{"timestamp":"2026-08-02 14:07:51","level":"ERROR","logger":"com.alif.analytics.aspects.ExceptionAuditAspect","message":"ðŸ“¥ Arguments: [RegisterRequestDto[name=admin, email=admin@gmail.com, mobileNumber=3267890123, password=EazyBytes@1803]]"}{"timestamp":"2026-08-02 14:07:51","level":"ERROR","logger":"com.alif.analytics.aspects.ExceptionAuditAspect","message":"ðŸ’¥ Exception type: DataIntegrityViolationException"}{"timestamp":"2026-08-02 14:07:51","level":"ERROR","logger":"com.alif.analytics.aspects.ExceptionAuditAspect","message":"ðŸ§¾ Exception message: could not execute statement [Field 'updated_at' doesn't have a default value] [insert into users (created_at,created_by,email,mobile_number,name,password_hash,role_id) values (?,?,?,?,?,?,?)]; SQL [insert into users (created_at,created_by,email,mobile_number,name,password_hash,role_id) values (?,?,?,?,?,?,?)]; constraint [updated_at]"}{"timestamp":"2026-08-02 14:07:51","level":"INFO","logger":"com.alif.analytics.aspects.LoggingAndPerformanceAspect","message":"âž¡ï¸ Entering method: GlobalExceptionHandler.handleException(..)"}{"timestamp":"2026-08-02 14:07:51","level":"INFO","logger":"com.alif.analytics.aspects.LoggingAndPerformanceAspect","message":"ðŸ“¥ Arguments: [org.springframework.dao.DataIntegrityViolationException: could not execute statement [Field 'updated_at' doesn't have a default value] [insert into users (created_at,created_by,email,mobile_number,name,password_hash,role_id) values (?,?,?,?,?,?,?)]; SQL [insert into users (created_at,created_by,email,mobile_number,name,password_hash,role_id) values (?,?,?,?,?,?,?)]; constraint [updated_at], ServletWebRequest: uri=/api/auth/register;client=0:0:0:0:0:0:0:1]"}{"timestamp":"2026-08-02 14:07:51","level":"INFO","logger":"com.alif.analytics.aspects.LoggingAndPerformanceAspect","message":"âœ… Method executed successfully: GlobalExceptionHandler.handleException(..)"}{"timestamp":"2026-08-02 14:07:51","level":"INFO","logger":"com.alif.analytics.aspects.LoggingAndPerformanceAspect","message":"â± Execution time: 1 ms"}{"timestamp":"2026-08-02 14:07:51","level":"WARN","logger":"org.springframework.web.servlet.mvc.method.annotation.ExceptionHandlerExceptionResolver","message":"Resolved [org.springframework.dao.DataIntegrityViolationException: could not execute statement [Field 'updated_at' doesn't have a default value] [insert into users (created_at,created_by,email,mobile_number,name,password_hash,role_id) values (?,?,?,?,?,?,?)]; SQL [insert into users (created_at,created_by,email,mobile_number,name,password_hash,role_id) values (?,?,?,?,?,?,?)]; constraint [updated_at]]"}{"timestamp":"2026-08-02 14:08:47","level":"INFO","logger":"org.springframework.boot.tomcat.GracefulShutdown","message":"Commencing graceful shutdown. Waiting for active requests to complete"}{"timestamp":"2026-08-02 14:08:47","level":"INFO","logger":"org.springframework.boot.tomcat.GracefulShutdown","message":"Graceful shutdown complete"}{"timestamp":"2026-08-02 14:08:47","level":"INFO","logger":"org.springframework.orm.jpa.LocalContainerEntityManagerFactoryBean","message":"Closing JPA EntityManagerFactory for persistence unit 'default'"}{"timestamp":"2026-08-02 14:08:47","level":"INFO","logger":"com.zaxxer.hikari.HikariDataSource","message":"HikariPool-1 - Shutdown initiated..."}{"timestamp":"2026-08-02 14:08:47","level":"INFO","logger":"com.zaxxer.hikari.HikariDataSource","message":"HikariPool-1 - Shutdown completed."}{"timestamp":"2026-08-02 14:09:01","level":"INFO","logger":"com.alif.analytics.AnalyticsApplication","message":"Starting AnalyticsApplication using Java 26.0.1 with PID 18728 (C:\Users\USER\Documents\springboot\analytics\backend\target\classes started by USER in C:\Users\USER\Documents\springboot\analytics\backend)"}{"timestamp":"2026-08-02 14:09:01","level":"INFO","logger":"com.alif.analytics.AnalyticsApplication","message":"No active profile set, falling back to 1 default profile: "default""}{"timestamp":"2026-08-02 14:09:01","level":"INFO","logger":"org.springframework.boot.docker.compose.lifecycle.DockerComposeLifecycleManager","message":"Using Docker Compose file C:\Users\USER\Documents\springboot\analytics\backend\compose.yml"}{"timestamp":"2026-08-02 14:09:02","level":"INFO","logger":"org.hibernate.validator.internal.util.Version","message":"HV000001: Hibernate Validator 9.1.0.Final"}{"timestamp":"2026-08-02 14:09:03","level":"INFO","logger":"org.springframework.boot.docker.compose.core.DockerCli","message":" Container analyticsdb Starting "}{"timestamp":"2026-08-02 14:09:03","level":"INFO","logger":"org.springframework.boot.docker.compose.core.DockerCli","message":" Container analyticsdb Started "}{"timestamp":"2026-08-02 14:09:03","level":"INFO","logger":"org.springframework.boot.docker.compose.core.DockerCli","message":" Container analyticsdb Waiting "}{"timestamp":"2026-08-02 14:09:04","level":"INFO","logger":"org.springframework.boot.docker.compose.core.DockerCli","message":" Container analyticsdb Healthy "}{"timestamp":"2026-08-02 14:09:10","level":"INFO","logger":"org.springframework.boot.devtools.env.DevToolsPropertyDefaultsPostProcessor","message":"Devtools property defaults active! Set 'spring.devtools.add-properties' to 'false' to disable"}{"timestamp":"2026-08-02 14:09:10","level":"INFO","logger":"org.springframework.boot.devtools.env.DevToolsPropertyDefaultsPostProcessor","message":"For additional web related logging consider setting the 'logging.level.web' property to 'DEBUG'"}{"timestamp":"2026-08-02 14:09:12","level":"INFO","logger":"org.springframework.data.repository.config.RepositoryConfigurationDelegate","message":"Bootstrapping Spring Data JPA repositories in DEFAULT mode."}{"timestamp":"2026-08-02 14:09:12","level":"INFO","logger":"org.springframework.data.repository.config.RepositoryConfigurationDelegate","message":"Finished Spring Data repository scanning in 79 ms. Found 2 JPA repository interfaces."}{"timestamp":"2026-08-02 14:09:13","level":"INFO","logger":"org.springframework.boot.tomcat.TomcatWebServer","message":"Tomcat initialized with port 8080 (http)"}{"timestamp":"2026-08-02 14:09:13","level":"INFO","logger":"org.apache.coyote.http11.Http11NioProtocol","message":"Initializing ProtocolHandler ["http-nio-8080"]"}{"timestamp":"2026-08-02 14:09:13","level":"INFO","logger":"org.apache.catalina.core.StandardService","message":"Starting service [Tomcat]"}{"timestamp":"2026-08-02 14:09:13","level":"INFO","logger":"org.apache.catalina.core.StandardEngine","message":"Starting Servlet engine: [Apache Tomcat/11.0.22]"}{"timestamp":"2026-08-02 14:09:13","level":"INFO","logger":"org.springframework.boot.web.context.servlet.WebApplicationContextInitializer","message":"Root WebApplicationContext: initialization completed in 3011 ms"}{"timestamp":"2026-08-02 14:09:14","level":"INFO","logger":"org.hibernate.orm.jpa","message":"HHH008540: Processing PersistenceUnitInfo [name: default]"}{"timestamp":"2026-08-02 14:09:14","level":"INFO","logger":"org.hibernate.orm.core","message":"HHH000001: Hibernate ORM core version 7.4.1.Final"}{"timestamp":"2026-08-02 14:09:15","level":"INFO","logger":"org.springframework.orm.jpa.persistenceunit.SpringPersistenceUnitInfo","message":"No LoadTimeWeaver setup: ignoring JPA class transformer"}{"timestamp":"2026-08-02 14:09:15","level":"INFO","logger":"com.zaxxer.hikari.HikariDataSource","message":"HikariPool-1 - Starting..."}{"timestamp":"2026-08-02 14:09:16","level":"INFO","logger":"com.zaxxer.hikari.pool.HikariPool","message":"HikariPool-1 - Added connection com.mysql.cj.jdbc.ConnectionImpl@8ed6a54"}{"timestamp":"2026-08-02 14:09:16","level":"INFO","logger":"com.zaxxer.hikari.HikariDataSource","message":"HikariPool-1 - Start completed."}{"timestamp":"2026-08-02 14:09:16","level":"INFO","logger":"org.hibernate.orm.connections.pooling","message":"HHH10001005: Database info:
	Database JDBC URL [jdbc:mysql://127.0.0.1:3306/analytics]
	Database driver: MySQL Connector/J
	Database dialect: MySQLDialect
	Database version: 9.7.1
	Default catalog/schema: analytics/undefined
	Autocommit mode: undefined/unknown
	Isolation level: REPEATABLE_READ [default REPEATABLE_READ]
	JDBC fetch size: none
	Pool: DataSourceConnectionProvider
	Minimum pool size: undefined/unknown
	Maximum pool size: undefined/unknown"}{"timestamp":"2026-08-02 14:09:18","level":"INFO","logger":"org.hibernate.orm.core","message":"HHH000489: No JTA platform available (set 'hibernate.transaction.jta.platform' to enable JTA platform integration)"}{"timestamp":"2026-08-02 14:09:18","level":"INFO","logger":"org.springframework.orm.jpa.LocalContainerEntityManagerFactoryBean","message":"Initialized JPA EntityManagerFactory for persistence unit 'default'"}{"timestamp":"2026-08-02 14:09:18","level":"INFO","logger":"com.alif.analytics.aspects.LoggingAndPerformanceAspect","message":"âž¡ï¸ Entering method: PathsConfig.publicPaths()"}{"timestamp":"2026-08-02 14:09:18","level":"INFO","logger":"com.alif.analytics.aspects.LoggingAndPerformanceAspect","message":"ðŸ“¥ Arguments: []"}{"timestamp":"2026-08-02 14:09:18","level":"INFO","logger":"com.alif.analytics.aspects.LoggingAndPerformanceAspect","message":"âœ… Method executed successfully: PathsConfig.publicPaths()"}{"timestamp":"2026-08-02 14:09:18","level":"INFO","logger":"com.alif.analytics.aspects.LoggingAndPerformanceAspect","message":"â± Execution time: 2 ms"}{"timestamp":"2026-08-02 14:09:18","level":"INFO","logger":"com.alif.analytics.aspects.LoggingAndPerformanceAspect","message":"âž¡ï¸ Entering method: PathsConfig.securedPaths()"}{"timestamp":"2026-08-02 14:09:18","level":"INFO","logger":"com.alif.analytics.aspects.LoggingAndPerformanceAspect","message":"ðŸ“¥ Arguments: []"}{"timestamp":"2026-08-02 14:09:18","level":"INFO","logger":"com.alif.analytics.aspects.LoggingAndPerformanceAspect","message":"âœ… Method executed successfully: PathsConfig.securedPaths()"}{"timestamp":"2026-08-02 14:09:18","level":"INFO","logger":"com.alif.analytics.aspects.LoggingAndPerformanceAspect","message":"â± Execution time: 1 ms"}{"timestamp":"2026-08-02 14:09:18","level":"INFO","logger":"com.alif.analytics.aspects.LoggingAndPerformanceAspect","message":"âž¡ï¸ Entering method: PathsConfig.adminPaths()"}{"timestamp":"2026-08-02 14:09:18","level":"INFO","logger":"com.alif.analytics.aspects.LoggingAndPerformanceAspect","message":"ðŸ“¥ Arguments: []"}{"timestamp":"2026-08-02 14:09:18","level":"INFO","logger":"com.alif.analytics.aspects.LoggingAndPerformanceAspect","message":"âœ… Method executed successfully: PathsConfig.adminPaths()"}{"timestamp":"2026-08-02 14:09:18","level":"INFO","logger":"com.alif.analytics.aspects.LoggingAndPerformanceAspect","message":"â± Execution time: 0 ms"}{"timestamp":"2026-08-02 14:09:18","level":"INFO","logger":"com.alif.analytics.aspects.LoggingAndPerformanceAspect","message":"âž¡ï¸ Entering method: PathsConfig.employerPaths()"}{"timestamp":"2026-08-02 14:09:18","level":"INFO","logger":"com.alif.analytics.aspects.LoggingAndPerformanceAspect","message":"ðŸ“¥ Arguments: []"}{"timestamp":"2026-08-02 14:09:18","level":"INFO","logger":"com.alif.analytics.aspects.LoggingAndPerformanceAspect","message":"âœ… Method executed successfully: PathsConfig.employerPaths()"}{"timestamp":"2026-08-02 14:09:18","level":"INFO","logger":"com.alif.analytics.aspects.LoggingAndPerformanceAspect","message":"â± Execution time: 0 ms"}{"timestamp":"2026-08-02 14:09:18","level":"INFO","logger":"com.alif.analytics.aspects.LoggingAndPerformanceAspect","message":"âž¡ï¸ Entering method: AnalyticsSecurityConfig.compromisedPasswordChecker()"}{"timestamp":"2026-08-02 14:09:18","level":"INFO","logger":"com.alif.analytics.aspects.LoggingAndPerformanceAspect","message":"ðŸ“¥ Arguments: []"}{"timestamp":"2026-08-02 14:09:18","level":"INFO","logger":"com.alif.analytics.aspects.LoggingAndPerformanceAspect","message":"âœ… Method executed successfully: AnalyticsSecurityConfig.compromisedPasswordChecker()"}{"timestamp":"2026-08-02 14:09:18","level":"INFO","logger":"com.alif.analytics.aspects.LoggingAndPerformanceAspect","message":"â± Execution time: 191 ms"}{"timestamp":"2026-08-02 14:09:18","level":"INFO","logger":"org.springframework.data.jpa.repository.query.QueryEnhancerFactories","message":"Hibernate is in classpath; If applicable, HQL parser will be used."}{"timestamp":"2026-08-02 14:09:19","level":"INFO","logger":"com.alif.analytics.aspects.LoggingAndPerformanceAspect","message":"âž¡ï¸ Entering method: AnalyticsSecurityConfig.passwordEncoder()"}{"timestamp":"2026-08-02 14:09:19","level":"INFO","logger":"com.alif.analytics.aspects.LoggingAndPerformanceAspect","message":"ðŸ“¥ Arguments: []"}{"timestamp":"2026-08-02 14:09:19","level":"INFO","logger":"com.alif.analytics.aspects.LoggingAndPerformanceAspect","message":"âœ… Method executed successfully: AnalyticsSecurityConfig.passwordEncoder()"}{"timestamp":"2026-08-02 14:09:19","level":"INFO","logger":"com.alif.analytics.aspects.LoggingAndPerformanceAspect","message":"â± Execution time: 2 ms"}{"timestamp":"2026-08-02 14:09:19","level":"INFO","logger":"com.alif.analytics.aspects.LoggingAndPerformanceAspect","message":"âž¡ï¸ Entering method: AnalyticsSecurityConfig.authenticationManager(..)"}{"timestamp":"2026-08-02 14:09:19","level":"INFO","logger":"com.alif.analytics.aspects.LoggingAndPerformanceAspect","message":"ðŸ“¥ Arguments: [com.alif.analytics.security.JobPortalUsernamePwdAuthenticationProvider@212f428]"}{"timestamp":"2026-08-02 14:09:19","level":"INFO","logger":"com.alif.analytics.aspects.LoggingAndPerformanceAspect","message":"âœ… Method executed successfully: AnalyticsSecurityConfig.authenticationManager(..)"}{"timestamp":"2026-08-02 14:09:19","level":"INFO","logger":"com.alif.analytics.aspects.LoggingAndPerformanceAspect","message":"â± Execution time: 5 ms"}{"timestamp":"2026-08-02 14:09:19","level":"WARN","logger":"org.springframework.boot.jpa.autoconfigure.JpaBaseConfiguration$JpaWebConfiguration","message":"spring.jpa.open-in-view is enabled by default. Therefore, database queries may be performed during view rendering. Explicitly configure spring.jpa.open-in-view to disable this warning"}{"timestamp":"2026-08-02 14:09:19","level":"INFO","logger":"org.springframework.security.config.annotation.authentication.configuration.InitializeAuthenticationProviderBeanManagerConfigurer$InitializeAuthenticationProviderManagerConfigurer","message":"Global AuthenticationManager configured with AuthenticationProvider bean with name jobPortalUsernamePwdAuthenticationProvider"}{"timestamp":"2026-08-02 14:09:19","level":"INFO","logger":"com.alif.analytics.aspects.LoggingAndPerformanceAspect","message":"âž¡ï¸ Entering method: WebConfig.configurePathMatch(..)"}{"timestamp":"2026-08-02 14:09:19","level":"INFO","logger":"com.alif.analytics.aspects.LoggingAndPerformanceAspect","message":"ðŸ“¥ Arguments: [org.springframework.web.servlet.config.annotation.PathMatchConfigurer@139438d3]"}{"timestamp":"2026-08-02 14:09:19","level":"INFO","logger":"com.alif.analytics.aspects.LoggingAndPerformanceAspect","message":"âœ… Method executed successfully: WebConfig.configurePathMatch(..)"}{"timestamp":"2026-08-02 14:09:19","level":"INFO","logger":"com.alif.analytics.aspects.LoggingAndPerformanceAspect","message":"â± Execution time: 3 ms"}{"timestamp":"2026-08-02 14:09:20","level":"INFO","logger":"com.alif.analytics.aspects.LoggingAndPerformanceAspect","message":"âž¡ï¸ Entering method: AnalyticsSecurityConfig.customSecurityFilterChain(..)"}{"timestamp":"2026-08-02 14:09:20","level":"INFO","logger":"com.alif.analytics.aspects.LoggingAndPerformanceAspect","message":"ðŸ“¥ Arguments: [org.springframework.security.config.annotation.web.builders.HttpSecurity@ad7ad78]"}{"timestamp":"2026-08-02 14:09:20","level":"INFO","logger":"com.alif.analytics.aspects.LoggingAndPerformanceAspect","message":"âž¡ï¸ Entering method: AnalyticsSecurityConfig.corsConfigurationSource()"}{"timestamp":"2026-08-02 14:09:20","level":"INFO","logger":"com.alif.analytics.aspects.LoggingAndPerformanceAspect","message":"ðŸ“¥ Arguments: []"}{"timestamp":"2026-08-02 14:09:20","level":"INFO","logger":"com.alif.analytics.aspects.LoggingAndPerformanceAspect","message":"âœ… Method executed successfully: AnalyticsSecurityConfig.corsConfigurationSource()"}{"timestamp":"2026-08-02 14:09:20","level":"INFO","logger":"com.alif.analytics.aspects.LoggingAndPerformanceAspect","message":"â± Execution time: 9 ms"}{"timestamp":"2026-08-02 14:09:20","level":"INFO","logger":"com.alif.analytics.aspects.LoggingAndPerformanceAspect","message":"âœ… Method executed successfully: AnalyticsSecurityConfig.customSecurityFilterChain(..)"}{"timestamp":"2026-08-02 14:09:20","level":"INFO","logger":"com.alif.analytics.aspects.LoggingAndPerformanceAspect","message":"â± Execution time: 191 ms"}{"timestamp":"2026-08-02 14:09:20","level":"INFO","logger":"com.alif.analytics.aspects.LoggingAndPerformanceAspect","message":"âž¡ï¸ Entering method: WebConfig.configureApiVersioning(..)"}{"timestamp":"2026-08-02 14:09:20","level":"INFO","logger":"com.alif.analytics.aspects.LoggingAndPerformanceAspect","message":"ðŸ“¥ Arguments: [org.springframework.web.servlet.config.annotation.ApiVersionConfigurer@5d50a2fa]"}{"timestamp":"2026-08-02 14:09:20","level":"INFO","logger":"com.alif.analytics.aspects.LoggingAndPerformanceAspect","message":"âœ… Method executed successfully: WebConfig.configureApiVersioning(..)"}{"timestamp":"2026-08-02 14:09:20","level":"INFO","logger":"com.alif.analytics.aspects.LoggingAndPerformanceAspect","message":"â± Execution time: 4 ms"}{"timestamp":"2026-08-02 14:09:21","level":"INFO","logger":"org.springframework.boot.h2console.autoconfigure.H2ConsoleAutoConfiguration","message":"H2 console available at '/h2-console'. Database available at 'jdbc:mysql://127.0.0.1:3306/analytics'"}{"timestamp":"2026-08-02 14:09:21","level":"INFO","logger":"org.apache.coyote.http11.Http11NioProtocol","message":"Starting ProtocolHandler ["http-nio-8080"]"}{"timestamp":"2026-08-02 14:09:21","level":"INFO","logger":"org.springframework.boot.tomcat.TomcatWebServer","message":"Tomcat started on port 8080 (http) with context path '/'"}{"timestamp":"2026-08-02 14:09:21","level":"INFO","logger":"com.alif.analytics.AnalyticsApplication","message":"Started AnalyticsApplication in 20.972 seconds (process running for 22.978)"}{"timestamp":"2026-08-02 14:09:21","level":"WARN","logger":"org.springdoc.core.events.SpringDocAppInitializer","message":"SpringDoc /v3/api-docs endpoint is enabled by default. To disable it in production, set the property 'springdoc.api-docs.enabled=false'"}{"timestamp":"2026-08-02 14:09:21","level":"WARN","logger":"org.springdoc.core.events.SpringDocAppInitializer","message":"SpringDoc /swagger-ui.html endpoint is enabled by default. To disable it in production, set the property 'springdoc.swagger-ui.enabled=false'"}{"timestamp":"2026-08-02 14:09:26","level":"INFO","logger":"org.apache.catalina.core.ContainerBase.[Tomcat].[localhost].[/]","message":"Initializing Spring DispatcherServlet 'dispatcherServlet'"}{"timestamp":"2026-08-02 14:09:26","level":"INFO","logger":"org.springframework.web.servlet.DispatcherServlet","message":"Initializing Servlet 'dispatcherServlet'"}{"timestamp":"2026-08-02 14:09:26","level":"INFO","logger":"org.springframework.web.servlet.DispatcherServlet","message":"Completed initialization in 0 ms"}{"timestamp":"2026-08-02 14:09:26","level":"INFO","logger":"com.alif.analytics.aspects.LoggingAndPerformanceAspect","message":"âž¡ï¸ Entering method: AuthController.registerUser(..)"}{"timestamp":"2026-08-02 14:09:26","level":"INFO","logger":"com.alif.analytics.aspects.LoggingAndPerformanceAspect","message":"ðŸ“¥ Arguments: [RegisterRequestDto[name=admin, email=admin@gmail.com, mobileNumber=3267890123, password=EazyBytes@1803]]"}{"timestamp":"2026-08-02 14:09:26","level":"INFO","logger":"com.alif.analytics.aspects.RegisterValidationAspect","message":"ðŸ” Validating user registration request"}{"timestamp":"2026-08-02 14:09:27","level":"INFO","logger":"com.alif.analytics.aspects.LoggingAndPerformanceAspect","message":"âž¡ï¸ Entering method: JobPortalUserRepository.readUserByEmailOrMobileNumber(..)"}{"timestamp":"2026-08-02 14:09:27","level":"INFO","logger":"com.alif.analytics.aspects.LoggingAndPerformanceAspect","message":"ðŸ“¥ Arguments: [admin@gmail.com, 3267890123]"}{"timestamp":"2026-08-02 14:09:29","level":"INFO","logger":"com.alif.analytics.aspects.LoggingAndPerformanceAspect","message":"âœ… Method executed successfully: JobPortalUserRepository.readUserByEmailOrMobileNumber(..)"}{"timestamp":"2026-08-02 14:09:29","level":"INFO","logger":"com.alif.analytics.aspects.LoggingAndPerformanceAspect","message":"â± Execution time: 1528 ms"}{"timestamp":"2026-08-02 14:09:29","level":"INFO","logger":"com.alif.analytics.aspects.RegisterValidationAspect","message":"âœ… Registration validation passed"}{"timestamp":"2026-08-02 14:09:32","level":"INFO","logger":"com.alif.analytics.aspects.LoggingAndPerformanceAspect","message":"âž¡ï¸ Entering method: RoleRepository.findRoleByName(..)"}{"timestamp":"2026-08-02 14:09:32","level":"INFO","logger":"com.alif.analytics.aspects.LoggingAndPerformanceAspect","message":"ðŸ“¥ Arguments: [ROLE_ADMIN]"}{"timestamp":"2026-08-02 14:09:32","level":"ERROR","logger":"com.alif.analytics.aspects.ExceptionAuditAspect","message":"âŒ Exception occurred in method: RoleRepository.findRoleByName(..)"}{"timestamp":"2026-08-02 14:09:32","level":"ERROR","logger":"com.alif.analytics.aspects.ExceptionAuditAspect","message":"ðŸ“¥ Arguments: [ROLE_ADMIN]"}{"timestamp":"2026-08-02 14:09:32","level":"ERROR","logger":"com.alif.analytics.aspects.ExceptionAuditAspect","message":"ðŸ’¥ Exception type: IncorrectResultSizeDataAccessException"}{"timestamp":"2026-08-02 14:09:32","level":"ERROR","logger":"com.alif.analytics.aspects.ExceptionAuditAspect","message":"ðŸ§¾ Exception message: Query did not return a unique result: 2 results were returned"}{"timestamp":"2026-08-02 14:09:32","level":"ERROR","logger":"com.alif.analytics.aspects.ExceptionAuditAspect","message":"âŒ Exception occurred in method: AuthController.registerUser(..)"}{"timestamp":"2026-08-02 14:09:32","level":"ERROR","logger":"com.alif.analytics.aspects.ExceptionAuditAspect","message":"ðŸ“¥ Arguments: [RegisterRequestDto[name=admin, email=admin@gmail.com, mobileNumber=3267890123, password=EazyBytes@1803]]"}{"timestamp":"2026-08-02 14:09:32","level":"ERROR","logger":"com.alif.analytics.aspects.ExceptionAuditAspect","message":"ðŸ’¥ Exception type: IncorrectResultSizeDataAccessException"}{"timestamp":"2026-08-02 14:09:32","level":"ERROR","logger":"com.alif.analytics.aspects.ExceptionAuditAspect","message":"ðŸ§¾ Exception message: Query did not return a unique result: 2 results were returned"}{"timestamp":"2026-08-02 14:09:32","level":"INFO","logger":"com.alif.analytics.aspects.LoggingAndPerformanceAspect","message":"âž¡ï¸ Entering method: GlobalExceptionHandler.handleException(..)"}{"timestamp":"2026-08-02 14:09:32","level":"INFO","logger":"com.alif.analytics.aspects.LoggingAndPerformanceAspect","message":"ðŸ“¥ Arguments: [org.springframework.dao.IncorrectResultSizeDataAccessException: Query did not return a unique result: 2 results were returned, ServletWebRequest: uri=/api/auth/register;client=0:0:0:0:0:0:0:1]"}{"timestamp":"2026-08-02 14:09:32","level":"INFO","logger":"com.alif.analytics.aspects.LoggingAndPerformanceAspect","message":"âœ… Method executed successfully: GlobalExceptionHandler.handleException(..)"}{"timestamp":"2026-08-02 14:09:32","level":"INFO","logger":"com.alif.analytics.aspects.LoggingAndPerformanceAspect","message":"â± Execution time: 13 ms"}{"timestamp":"2026-08-02 14:09:32","level":"WARN","logger":"org.springframework.web.servlet.mvc.method.annotation.ExceptionHandlerExceptionResolver","message":"Resolved [org.springframework.dao.IncorrectResultSizeDataAccessException: Query did not return a unique result: 2 results were returned]"}{"timestamp":"2026-08-02 14:10:20","level":"INFO","logger":"com.alif.analytics.aspects.LoggingAndPerformanceAspect","message":"âž¡ï¸ Entering method: AuthController.registerUser(..)"}{"timestamp":"2026-08-02 14:10:20","level":"INFO","logger":"com.alif.analytics.aspects.LoggingAndPerformanceAspect","message":"ðŸ“¥ Arguments: [RegisterRequestDto[name=admin, email=admin@gmail.com, mobileNumber=3267890123, password=EazyBytes@1803]]"}{"timestamp":"2026-08-02 14:10:20","level":"INFO","logger":"com.alif.analytics.aspects.RegisterValidationAspect","message":"ðŸ” Validating user registration request"}{"timestamp":"2026-08-02 14:10:21","level":"INFO","logger":"com.alif.analytics.aspects.LoggingAndPerformanceAspect","message":"âž¡ï¸ Entering method: JobPortalUserRepository.readUserByEmailOrMobileNumber(..)"}{"timestamp":"2026-08-02 14:10:21","level":"INFO","logger":"com.alif.analytics.aspects.LoggingAndPerformanceAspect","message":"ðŸ“¥ Arguments: [admin@gmail.com, 3267890123]"}{"timestamp":"2026-08-02 14:10:21","level":"INFO","logger":"com.alif.analytics.aspects.LoggingAndPerformanceAspect","message":"âœ… Method executed successfully: JobPortalUserRepository.readUserByEmailOrMobileNumber(..)"}{"timestamp":"2026-08-02 14:10:21","level":"INFO","logger":"com.alif.analytics.aspects.LoggingAndPerformanceAspect","message":"â± Execution time: 18 ms"}{"timestamp":"2026-08-02 14:10:21","level":"INFO","logger":"com.alif.analytics.aspects.RegisterValidationAspect","message":"âœ… Registration validation passed"}{"timestamp":"2026-08-02 14:10:21","level":"INFO","logger":"com.alif.analytics.aspects.LoggingAndPerformanceAspect","message":"âž¡ï¸ Entering method: RoleRepository.findRoleByName(..)"}{"timestamp":"2026-08-02 14:10:21","level":"INFO","logger":"com.alif.analytics.aspects.LoggingAndPerformanceAspect","message":"ðŸ“¥ Arguments: [ROLE_ADMIN]"}{"timestamp":"2026-08-02 14:10:21","level":"INFO","logger":"com.alif.analytics.aspects.LoggingAndPerformanceAspect","message":"âœ… Method executed successfully: RoleRepository.findRoleByName(..)"}{"timestamp":"2026-08-02 14:10:21","level":"INFO","logger":"com.alif.analytics.aspects.LoggingAndPerformanceAspect","message":"â± Execution time: 10 ms"}{"timestamp":"2026-08-02 14:10:21","level":"INFO","logger":"com.alif.analytics.aspects.LoggingAndPerformanceAspect","message":"âž¡ï¸ Entering method: CrudRepository.save(..)"}{"timestamp":"2026-08-02 14:10:21","level":"INFO","logger":"com.alif.analytics.aspects.LoggingAndPerformanceAspect","message":"ðŸ“¥ Arguments: [com.alif.analytics.entity.JobPortalUser@6985b422]"}{"timestamp":"2026-08-02 14:10:21","level":"INFO","logger":"com.alif.analytics.aspects.LoggingAndPerformanceAspect","message":"âž¡ï¸ Entering method: AuditorAwareImpl.getCurrentAuditor()"}{"timestamp":"2026-08-02 14:10:21","level":"INFO","logger":"com.alif.analytics.aspects.LoggingAndPerformanceAspect","message":"ðŸ“¥ Arguments: []"}{"timestamp":"2026-08-02 14:10:21","level":"INFO","logger":"com.alif.analytics.aspects.LoggingAndPerformanceAspect","message":"âœ… Method executed successfully: AuditorAwareImpl.getCurrentAuditor()"}{"timestamp":"2026-08-02 14:10:21","level":"INFO","logger":"com.alif.analytics.aspects.LoggingAndPerformanceAspect","message":"â± Execution time: 1 ms"}{"timestamp":"2026-08-02 14:10:21","level":"INFO","logger":"com.alif.analytics.aspects.LoggingAndPerformanceAspect","message":"âœ… Method executed successfully: CrudRepository.save(..)"}{"timestamp":"2026-08-02 14:10:21","level":"INFO","logger":"com.alif.analytics.aspects.LoggingAndPerformanceAspect","message":"â± Execution time: 165 ms"}{"timestamp":"2026-08-02 14:10:21","level":"INFO","logger":"com.alif.analytics.aspects.LoggingAndPerformanceAspect","message":"âœ… Method executed successfully: AuthController.registerUser(..)"}{"timestamp":"2026-08-02 14:10:21","level":"INFO","logger":"com.alif.analytics.aspects.LoggingAndPerformanceAspect","message":"â± Execution time: 369 ms"}{"timestamp":"2026-08-02 14:10:24","level":"INFO","logger":"com.alif.analytics.aspects.LoggingAndPerformanceAspect","message":"âž¡ï¸ Entering method: AuthController.registerUser(..)"}{"timestamp":"2026-08-02 14:10:24","level":"INFO","logger":"com.alif.analytics.aspects.LoggingAndPerformanceAspect","message":"ðŸ“¥ Arguments: [RegisterRequestDto[name=admin, email=admin@gmail.com, mobileNumber=3267890123, password=EazyBytes@1803]]"}{"timestamp":"2026-08-02 14:10:24","level":"INFO","logger":"com.alif.analytics.aspects.RegisterValidationAspect","message":"ðŸ” Validating user registration request"}{"timestamp":"2026-08-02 14:10:24","level":"INFO","logger":"com.alif.analytics.aspects.LoggingAndPerformanceAspect","message":"âž¡ï¸ Entering method: JobPortalUserRepository.readUserByEmailOrMobileNumber(..)"}{"timestamp":"2026-08-02 14:10:24","level":"INFO","logger":"com.alif.analytics.aspects.LoggingAndPerformanceAspect","message":"ðŸ“¥ Arguments: [admin@gmail.com, 3267890123]"}{"timestamp":"2026-08-02 14:10:24","level":"INFO","logger":"com.alif.analytics.aspects.LoggingAndPerformanceAspect","message":"âœ… Method executed successfully: JobPortalUserRepository.readUserByEmailOrMobileNumber(..)"}{"timestamp":"2026-08-02 14:10:24","level":"INFO","logger":"com.alif.analytics.aspects.LoggingAndPerformanceAspect","message":"â± Execution time: 34 ms"}{"timestamp":"2026-08-02 14:10:24","level":"WARN","logger":"com.alif.analytics.aspects.RegisterValidationAspect","message":"âŒ Registration validation failed: {mobileNumber=Mobile number is already registered, email=Email is already registered}"}{"timestamp":"2026-08-02 14:10:24","level":"ERROR","logger":"com.alif.analytics.aspects.ExceptionAuditAspect","message":"âŒ Exception occurred in method: AuthController.registerUser(..)"}{"timestamp":"2026-08-02 14:10:24","level":"ERROR","logger":"com.alif.analytics.aspects.ExceptionAuditAspect","message":"ðŸ“¥ Arguments: [RegisterRequestDto[name=admin, email=admin@gmail.com, mobileNumber=3267890123, password=EazyBytes@1803]]"}{"timestamp":"2026-08-02 14:10:24","level":"ERROR","logger":"com.alif.analytics.aspects.ExceptionAuditAspect","message":"ðŸ’¥ Exception type: RegistrationValidationException"}{"timestamp":"2026-08-02 14:10:24","level":"ERROR","logger":"com.alif.analytics.aspects.ExceptionAuditAspect","message":"ðŸ§¾ Exception message: Registration validation failed"}{"timestamp":"2026-08-02 14:10:24","level":"INFO","logger":"com.alif.analytics.aspects.LoggingAndPerformanceAspect","message":"âž¡ï¸ Entering method: GlobalExceptionHandler.handleRegistrationException(..)"}{"timestamp":"2026-08-02 14:10:24","level":"INFO","logger":"com.alif.analytics.aspects.LoggingAndPerformanceAspect","message":"ðŸ“¥ Arguments: [com.alif.analytics.exception.RegistrationValidationException: Registration validation failed]"}{"timestamp":"2026-08-02 14:10:24","level":"INFO","logger":"com.alif.analytics.aspects.LoggingAndPerformanceAspect","message":"âœ… Method executed successfully: GlobalExceptionHandler.handleRegistrationException(..)"}{"timestamp":"2026-08-02 14:10:24","level":"INFO","logger":"com.alif.analytics.aspects.LoggingAndPerformanceAspect","message":"â± Execution time: 0 ms"}{"timestamp":"2026-08-02 14:10:24","level":"WARN","logger":"org.springframework.web.servlet.mvc.method.annotation.ExceptionHandlerExceptionResolver","message":"Resolved [com.alif.analytics.exception.RegistrationValidationException: Registration validation failed]"}{"timestamp":"2026-08-02 14:11:05","level":"INFO","logger":"com.alif.analytics.aspects.LoggingAndPerformanceAspect","message":"âž¡ï¸ Entering method: AuthController.apiLogin(..)"}{"timestamp":"2026-08-02 14:11:05","level":"INFO","logger":"com.alif.analytics.aspects.LoggingAndPerformanceAspect","message":"ðŸ“¥ Arguments: [LoginRequestDto[username=admin@gmail.com, password=EazyBytes@1803]]"}{"timestamp":"2026-08-02 14:11:05","level":"INFO","logger":"com.alif.analytics.aspects.LoggingAndPerformanceAspect","message":"âž¡ï¸ Entering method: JobPortalUsernamePwdAuthenticationProvider.supports(..)"}{"timestamp":"2026-08-02 14:11:05","level":"INFO","logger":"com.alif.analytics.aspects.LoggingAndPerformanceAspect","message":"ðŸ“¥ Arguments: [class org.springframework.security.authentication.UsernamePasswordAuthenticationToken]"}{"timestamp":"2026-08-02 14:11:05","level":"INFO","logger":"com.alif.analytics.aspects.LoggingAndPerformanceAspect","message":"âœ… Method executed successfully: JobPortalUsernamePwdAuthenticationProvider.supports(..)"}{"timestamp":"2026-08-02 14:11:05","level":"INFO","logger":"com.alif.analytics.aspects.LoggingAndPerformanceAspect","message":"â± Execution time: 1 ms"}{"timestamp":"2026-08-02 14:11:05","level":"INFO","logger":"com.alif.analytics.aspects.LoggingAndPerformanceAspect","message":"âž¡ï¸ Entering method: JobPortalUsernamePwdAuthenticationProvider.authenticate(..)"}{"timestamp":"2026-08-02 14:11:05","level":"INFO","logger":"com.alif.analytics.aspects.LoggingAndPerformanceAspect","message":"ðŸ“¥ Arguments: [UsernamePasswordAuthenticationToken [Principal=admin@gmail.com, Credentials=[PROTECTED], Authenticated=false, Details=null, Granted Authorities=[]]]"}{"timestamp":"2026-08-02 14:11:05","level":"INFO","logger":"com.alif.analytics.aspects.LoggingAndPerformanceAspect","message":"âž¡ï¸ Entering method: JobPortalUserRepository.findJobPortalUserByEmail(..)"}{"timestamp":"2026-08-02 14:11:05","level":"INFO","logger":"com.alif.analytics.aspects.LoggingAndPerformanceAspect","message":"ðŸ“¥ Arguments: [admin@gmail.com]"}{"timestamp":"2026-08-02 14:11:05","level":"INFO","logger":"com.alif.analytics.aspects.LoggingAndPerformanceAspect","message":"âœ… Method executed successfully: JobPortalUserRepository.findJobPortalUserByEmail(..)"}{"timestamp":"2026-08-02 14:11:05","level":"INFO","logger":"com.alif.analytics.aspects.LoggingAndPerformanceAspect","message":"â± Execution time: 22 ms"}{"timestamp":"2026-08-02 14:11:05","level":"INFO","logger":"com.alif.analytics.aspects.LoggingAndPerformanceAspect","message":"âœ… Method executed successfully: JobPortalUsernamePwdAuthenticationProvider.authenticate(..)"}{"timestamp":"2026-08-02 14:11:05","level":"INFO","logger":"com.alif.analytics.aspects.LoggingAndPerformanceAspect","message":"â± Execution time: 133 ms"}{"timestamp":"2026-08-02 14:11:05","level":"INFO","logger":"com.alif.analytics.aspects.LoggingAndPerformanceAspect","message":"âž¡ï¸ Entering method: JwtUtil.generateJwtToken(..)"}{"timestamp":"2026-08-02 14:11:05","level":"INFO","logger":"com.alif.analytics.aspects.LoggingAndPerformanceAspect","message":"ðŸ“¥ Arguments: [UsernamePasswordAuthenticationToken [Principal=com.alif.analytics.entity.JobPortalUser@21b06a4e, Credentials=[PROTECTED], Authenticated=true, Details=null, Granted Authorities=[ROLE_ADMIN]]]"}{"timestamp":"2026-08-02 14:11:06","level":"INFO","logger":"com.alif.analytics.aspects.LoggingAndPerformanceAspect","message":"âœ… Method executed successfully: JwtUtil.generateJwtToken(..)"}{"timestamp":"2026-08-02 14:11:06","level":"INFO","logger":"com.alif.analytics.aspects.LoggingAndPerformanceAspect","message":"â± Execution time: 181 ms"}{"timestamp":"2026-08-02 14:11:06","level":"INFO","logger":"com.alif.analytics.aspects.LoginSuccessAuditAspect","message":"âœ… LOGIN SUCCESS | User: admin@gmail.com | Role: ROLE_ADMIN"}{"timestamp":"2026-08-02 14:11:06","level":"INFO","logger":"com.alif.analytics.aspects.LoggingAndPerformanceAspect","message":"âœ… Method executed successfully: AuthController.apiLogin(..)"}{"timestamp":"2026-08-02 14:11:06","level":"INFO","logger":"com.alif.analytics.aspects.LoggingAndPerformanceAspect","message":"â± Execution time: 322 ms"}{"timestamp":"2026-08-02 14:12:15","level":"INFO","logger":"org.springframework.boot.tomcat.GracefulShutdown","message":"Commencing graceful shutdown. Waiting for active requests to complete"}{"timestamp":"2026-08-02 14:12:15","level":"INFO","logger":"org.springframework.boot.tomcat.GracefulShutdown","message":"Graceful shutdown complete"}{"timestamp":"2026-08-02 14:12:15","level":"INFO","logger":"org.springframework.orm.jpa.LocalContainerEntityManagerFactoryBean","message":"Closing JPA EntityManagerFactory for persistence unit 'default'"}{"timestamp":"2026-08-02 14:12:15","level":"INFO","logger":"com.zaxxer.hikari.HikariDataSource","message":"HikariPool-1 - Shutdown initiated..."}{"timestamp":"2026-08-02 14:12:15","level":"INFO","logger":"com.zaxxer.hikari.HikariDataSource","message":"HikariPool-1 - Shutdown completed."}{"timestamp":"2026-08-02 14:12:31","level":"INFO","logger":"com.alif.analytics.AnalyticsApplication","message":"Starting AnalyticsApplication using Java 26.0.1 with PID 320 (C:\Users\USER\Documents\springboot\analytics\backend\target\classes started by USER in C:\Users\USER\Documents\springboot\analytics\backend)"}{"timestamp":"2026-08-02 14:12:31","level":"INFO","logger":"com.alif.analytics.AnalyticsApplication","message":"No active profile set, falling back to 1 default profile: "default""}{"timestamp":"2026-08-02 14:12:31","level":"INFO","logger":"org.springframework.boot.docker.compose.lifecycle.DockerComposeLifecycleManager","message":"Using Docker Compose file C:\Users\USER\Documents\springboot\analytics\backend\compose.yml"}{"timestamp":"2026-08-02 14:12:32","level":"INFO","logger":"org.hibernate.validator.internal.util.Version","message":"HV000001: Hibernate Validator 9.1.0.Final"}{"timestamp":"2026-08-02 14:12:33","level":"INFO","logger":"org.springframework.boot.docker.compose.core.DockerCli","message":" Container analyticsdb Starting "}{"timestamp":"2026-08-02 14:12:33","level":"INFO","logger":"org.springframework.boot.docker.compose.core.DockerCli","message":" Container analyticsdb Started "}{"timestamp":"2026-08-02 14:12:33","level":"INFO","logger":"org.springframework.boot.docker.compose.core.DockerCli","message":" Container analyticsdb Waiting "}{"timestamp":"2026-08-02 14:12:34","level":"INFO","logger":"org.springframework.boot.docker.compose.core.DockerCli","message":" Container analyticsdb Healthy "}{"timestamp":"2026-08-02 14:12:40","level":"INFO","logger":"org.springframework.boot.devtools.env.DevToolsPropertyDefaultsPostProcessor","message":"Devtools property defaults active! Set 'spring.devtools.add-properties' to 'false' to disable"}{"timestamp":"2026-08-02 14:12:40","level":"INFO","logger":"org.springframework.boot.devtools.env.DevToolsPropertyDefaultsPostProcessor","message":"For additional web related logging consider setting the 'logging.level.web' property to 'DEBUG'"}{"timestamp":"2026-08-02 14:12:41","level":"INFO","logger":"org.springframework.data.repository.config.RepositoryConfigurationDelegate","message":"Bootstrapping Spring Data JPA repositories in DEFAULT mode."}{"timestamp":"2026-08-02 14:12:41","level":"INFO","logger":"org.springframework.data.repository.config.RepositoryConfigurationDelegate","message":"Finished Spring Data repository scanning in 80 ms. Found 2 JPA repository interfaces."}{"timestamp":"2026-08-02 14:12:42","level":"INFO","logger":"org.springframework.boot.tomcat.TomcatWebServer","message":"Tomcat initialized with port 8080 (http)"}{"timestamp":"2026-08-02 14:12:42","level":"INFO","logger":"org.apache.coyote.http11.Http11NioProtocol","message":"Initializing ProtocolHandler ["http-nio-8080"]"}{"timestamp":"2026-08-02 14:12:42","level":"INFO","logger":"org.apache.catalina.core.StandardService","message":"Starting service [Tomcat]"}{"timestamp":"2026-08-02 14:12:42","level":"INFO","logger":"org.apache.catalina.core.StandardEngine","message":"Starting Servlet engine: [Apache Tomcat/11.0.22]"}{"timestamp":"2026-08-02 14:12:43","level":"INFO","logger":"org.springframework.boot.web.context.servlet.WebApplicationContextInitializer","message":"Root WebApplicationContext: initialization completed in 2868 ms"}{"timestamp":"2026-08-02 14:12:43","level":"INFO","logger":"org.hibernate.orm.jpa","message":"HHH008540: Processing PersistenceUnitInfo [name: default]"}{"timestamp":"2026-08-02 14:12:43","level":"INFO","logger":"org.hibernate.orm.core","message":"HHH000001: Hibernate ORM core version 7.4.1.Final"}{"timestamp":"2026-08-02 14:12:44","level":"INFO","logger":"org.springframework.orm.jpa.persistenceunit.SpringPersistenceUnitInfo","message":"No LoadTimeWeaver setup: ignoring JPA class transformer"}{"timestamp":"2026-08-02 14:12:44","level":"INFO","logger":"com.zaxxer.hikari.HikariDataSource","message":"HikariPool-1 - Starting..."}{"timestamp":"2026-08-02 14:12:45","level":"INFO","logger":"com.zaxxer.hikari.pool.HikariPool","message":"HikariPool-1 - Added connection com.mysql.cj.jdbc.ConnectionImpl@47d03c80"}{"timestamp":"2026-08-02 14:12:45","level":"INFO","logger":"com.zaxxer.hikari.HikariDataSource","message":"HikariPool-1 - Start completed."}{"timestamp":"2026-08-02 14:12:45","level":"INFO","logger":"org.hibernate.orm.connections.pooling","message":"HHH10001005: Database info:
	Database JDBC URL [jdbc:mysql://127.0.0.1:3306/analytics]
	Database driver: MySQL Connector/J
	Database dialect: MySQLDialect
	Database version: 9.7.1
	Default catalog/schema: analytics/undefined
	Autocommit mode: undefined/unknown
	Isolation level: REPEATABLE_READ [default REPEATABLE_READ]
	JDBC fetch size: none
	Pool: DataSourceConnectionProvider
	Minimum pool size: undefined/unknown
	Maximum pool size: undefined/unknown"}{"timestamp":"2026-08-02 14:12:47","level":"INFO","logger":"org.hibernate.orm.core","message":"HHH000489: No JTA platform available (set 'hibernate.transaction.jta.platform' to enable JTA platform integration)"}{"timestamp":"2026-08-02 14:12:48","level":"INFO","logger":"org.springframework.orm.jpa.LocalContainerEntityManagerFactoryBean","message":"Initialized JPA EntityManagerFactory for persistence unit 'default'"}{"timestamp":"2026-08-02 14:12:48","level":"INFO","logger":"com.alif.analytics.aspects.LoggingAndPerformanceAspect","message":"âž¡ï¸ Entering method: PathsConfig.publicPaths()"}{"timestamp":"2026-08-02 14:12:48","level":"INFO","logger":"com.alif.analytics.aspects.LoggingAndPerformanceAspect","message":"ðŸ“¥ Arguments: []"}{"timestamp":"2026-08-02 14:12:48","level":"INFO","logger":"com.alif.analytics.aspects.LoggingAndPerformanceAspect","message":"âœ… Method executed successfully: PathsConfig.publicPaths()"}{"timestamp":"2026-08-02 14:12:48","level":"INFO","logger":"com.alif.analytics.aspects.LoggingAndPerformanceAspect","message":"â± Execution time: 2 ms"}{"timestamp":"2026-08-02 14:12:48","level":"INFO","logger":"com.alif.analytics.aspects.LoggingAndPerformanceAspect","message":"âž¡ï¸ Entering method: PathsConfig.securedPaths()"}{"timestamp":"2026-08-02 14:12:48","level":"INFO","logger":"com.alif.analytics.aspects.LoggingAndPerformanceAspect","message":"ðŸ“¥ Arguments: []"}{"timestamp":"2026-08-02 14:12:48","level":"INFO","logger":"com.alif.analytics.aspects.LoggingAndPerformanceAspect","message":"âœ… Method executed successfully: PathsConfig.securedPaths()"}{"timestamp":"2026-08-02 14:12:48","level":"INFO","logger":"com.alif.analytics.aspects.LoggingAndPerformanceAspect","message":"â± Execution time: 0 ms"}{"timestamp":"2026-08-02 14:12:48","level":"INFO","logger":"com.alif.analytics.aspects.LoggingAndPerformanceAspect","message":"âž¡ï¸ Entering method: PathsConfig.adminPaths()"}{"timestamp":"2026-08-02 14:12:48","level":"INFO","logger":"com.alif.analytics.aspects.LoggingAndPerformanceAspect","message":"ðŸ“¥ Arguments: []"}{"timestamp":"2026-08-02 14:12:48","level":"INFO","logger":"com.alif.analytics.aspects.LoggingAndPerformanceAspect","message":"âœ… Method executed successfully: PathsConfig.adminPaths()"}{"timestamp":"2026-08-02 14:12:48","level":"INFO","logger":"com.alif.analytics.aspects.LoggingAndPerformanceAspect","message":"â± Execution time: 0 ms"}{"timestamp":"2026-08-02 14:12:48","level":"INFO","logger":"com.alif.analytics.aspects.LoggingAndPerformanceAspect","message":"âž¡ï¸ Entering method: PathsConfig.employerPaths()"}{"timestamp":"2026-08-02 14:12:48","level":"INFO","logger":"com.alif.analytics.aspects.LoggingAndPerformanceAspect","message":"ðŸ“¥ Arguments: []"}{"timestamp":"2026-08-02 14:12:48","level":"INFO","logger":"com.alif.analytics.aspects.LoggingAndPerformanceAspect","message":"âœ… Method executed successfully: PathsConfig.employerPaths()"}{"timestamp":"2026-08-02 14:12:48","level":"INFO","logger":"com.alif.analytics.aspects.LoggingAndPerformanceAspect","message":"â± Execution time: 0 ms"}{"timestamp":"2026-08-02 14:12:48","level":"INFO","logger":"com.alif.analytics.aspects.LoggingAndPerformanceAspect","message":"âž¡ï¸ Entering method: AnalyticsSecurityConfig.compromisedPasswordChecker()"}{"timestamp":"2026-08-02 14:12:48","level":"INFO","logger":"com.alif.analytics.aspects.LoggingAndPerformanceAspect","message":"ðŸ“¥ Arguments: []"}{"timestamp":"2026-08-02 14:12:48","level":"INFO","logger":"com.alif.analytics.aspects.LoggingAndPerformanceAspect","message":"âœ… Method executed successfully: AnalyticsSecurityConfig.compromisedPasswordChecker()"}{"timestamp":"2026-08-02 14:12:48","level":"INFO","logger":"com.alif.analytics.aspects.LoggingAndPerformanceAspect","message":"â± Execution time: 202 ms"}{"timestamp":"2026-08-02 14:12:48","level":"INFO","logger":"org.springframework.data.jpa.repository.query.QueryEnhancerFactories","message":"Hibernate is in classpath; If applicable, HQL parser will be used."}{"timestamp":"2026-08-02 14:12:48","level":"INFO","logger":"com.alif.analytics.aspects.LoggingAndPerformanceAspect","message":"âž¡ï¸ Entering method: AnalyticsSecurityConfig.passwordEncoder()"}{"timestamp":"2026-08-02 14:12:48","level":"INFO","logger":"com.alif.analytics.aspects.LoggingAndPerformanceAspect","message":"ðŸ“¥ Arguments: []"}{"timestamp":"2026-08-02 14:12:48","level":"INFO","logger":"com.alif.analytics.aspects.LoggingAndPerformanceAspect","message":"âœ… Method executed successfully: AnalyticsSecurityConfig.passwordEncoder()"}{"timestamp":"2026-08-02 14:12:48","level":"INFO","logger":"com.alif.analytics.aspects.LoggingAndPerformanceAspect","message":"â± Execution time: 2 ms"}{"timestamp":"2026-08-02 14:12:48","level":"INFO","logger":"com.alif.analytics.aspects.LoggingAndPerformanceAspect","message":"âž¡ï¸ Entering method: AnalyticsSecurityConfig.authenticationManager(..)"}{"timestamp":"2026-08-02 14:12:48","level":"INFO","logger":"com.alif.analytics.aspects.LoggingAndPerformanceAspect","message":"ðŸ“¥ Arguments: [com.alif.analytics.security.JobPortalUsernamePwdAuthenticationProvider@196fa189]"}{"timestamp":"2026-08-02 14:12:48","level":"INFO","logger":"com.alif.analytics.aspects.LoggingAndPerformanceAspect","message":"âœ… Method executed successfully: AnalyticsSecurityConfig.authenticationManager(..)"}{"timestamp":"2026-08-02 14:12:48","level":"INFO","logger":"com.alif.analytics.aspects.LoggingAndPerformanceAspect","message":"â± Execution time: 6 ms"}{"timestamp":"2026-08-02 14:12:49","level":"WARN","logger":"org.springframework.boot.jpa.autoconfigure.JpaBaseConfiguration$JpaWebConfiguration","message":"spring.jpa.open-in-view is enabled by default. Therefore, database queries may be performed during view rendering. Explicitly configure spring.jpa.open-in-view to disable this warning"}{"timestamp":"2026-08-02 14:12:49","level":"INFO","logger":"org.springframework.security.config.annotation.authentication.configuration.InitializeAuthenticationProviderBeanManagerConfigurer$InitializeAuthenticationProviderManagerConfigurer","message":"Global AuthenticationManager configured with AuthenticationProvider bean with name jobPortalUsernamePwdAuthenticationProvider"}{"timestamp":"2026-08-02 14:12:49","level":"INFO","logger":"com.alif.analytics.aspects.LoggingAndPerformanceAspect","message":"âž¡ï¸ Entering method: WebConfig.configurePathMatch(..)"}{"timestamp":"2026-08-02 14:12:49","level":"INFO","logger":"com.alif.analytics.aspects.LoggingAndPerformanceAspect","message":"ðŸ“¥ Arguments: [org.springframework.web.servlet.config.annotation.PathMatchConfigurer@293371d2]"}{"timestamp":"2026-08-02 14:12:49","level":"INFO","logger":"com.alif.analytics.aspects.LoggingAndPerformanceAspect","message":"âœ… Method executed successfully: WebConfig.configurePathMatch(..)"}{"timestamp":"2026-08-02 14:12:49","level":"INFO","logger":"com.alif.analytics.aspects.LoggingAndPerformanceAspect","message":"â± Execution time: 1 ms"}{"timestamp":"2026-08-02 14:12:49","level":"INFO","logger":"com.alif.analytics.aspects.LoggingAndPerformanceAspect","message":"âž¡ï¸ Entering method: AnalyticsSecurityConfig.customSecurityFilterChain(..)"}{"timestamp":"2026-08-02 14:12:49","level":"INFO","logger":"com.alif.analytics.aspects.LoggingAndPerformanceAspect","message":"ðŸ“¥ Arguments: [org.springframework.security.config.annotation.web.builders.HttpSecurity@63135de5]"}{"timestamp":"2026-08-02 14:12:49","level":"INFO","logger":"com.alif.analytics.aspects.LoggingAndPerformanceAspect","message":"âž¡ï¸ Entering method: AnalyticsSecurityConfig.corsConfigurationSource()"}{"timestamp":"2026-08-02 14:12:49","level":"INFO","logger":"com.alif.analytics.aspects.LoggingAndPerformanceAspect","message":"ðŸ“¥ Arguments: []"}{"timestamp":"2026-08-02 14:12:49","level":"INFO","logger":"com.alif.analytics.aspects.LoggingAndPerformanceAspect","message":"âœ… Method executed successfully: AnalyticsSecurityConfig.corsConfigurationSource()"}{"timestamp":"2026-08-02 14:12:49","level":"INFO","logger":"com.alif.analytics.aspects.LoggingAndPerformanceAspect","message":"â± Execution time: 3 ms"}{"timestamp":"2026-08-02 14:12:49","level":"INFO","logger":"com.alif.analytics.aspects.LoggingAndPerformanceAspect","message":"âœ… Method executed successfully: AnalyticsSecurityConfig.customSecurityFilterChain(..)"}{"timestamp":"2026-08-02 14:12:49","level":"INFO","logger":"com.alif.analytics.aspects.LoggingAndPerformanceAspect","message":"â± Execution time: 90 ms"}{"timestamp":"2026-08-02 14:12:49","level":"INFO","logger":"com.alif.analytics.aspects.LoggingAndPerformanceAspect","message":"âž¡ï¸ Entering method: WebConfig.configureApiVersioning(..)"}{"timestamp":"2026-08-02 14:12:49","level":"INFO","logger":"com.alif.analytics.aspects.LoggingAndPerformanceAspect","message":"ðŸ“¥ Arguments: [org.springframework.web.servlet.config.annotation.ApiVersionConfigurer@1da9fa17]"}{"timestamp":"2026-08-02 14:12:49","level":"INFO","logger":"com.alif.analytics.aspects.LoggingAndPerformanceAspect","message":"âœ… Method executed successfully: WebConfig.configureApiVersioning(..)"}{"timestamp":"2026-08-02 14:12:49","level":"INFO","logger":"com.alif.analytics.aspects.LoggingAndPerformanceAspect","message":"â± Execution time: 4 ms"}{"timestamp":"2026-08-02 14:12:50","level":"INFO","logger":"org.springframework.boot.h2console.autoconfigure.H2ConsoleAutoConfiguration","message":"H2 console available at '/h2-console'. Database available at 'jdbc:mysql://127.0.0.1:3306/analytics'"}{"timestamp":"2026-08-02 14:12:50","level":"INFO","logger":"org.apache.coyote.http11.Http11NioProtocol","message":"Starting ProtocolHandler ["http-nio-8080"]"}{"timestamp":"2026-08-02 14:12:50","level":"INFO","logger":"org.springframework.boot.tomcat.TomcatWebServer","message":"Tomcat started on port 8080 (http) with context path '/'"}{"timestamp":"2026-08-02 14:12:50","level":"INFO","logger":"com.alif.analytics.AnalyticsApplication","message":"Started AnalyticsApplication in 20.256 seconds (process running for 23.138)"}{"timestamp":"2026-08-02 14:12:50","level":"WARN","logger":"org.springdoc.core.events.SpringDocAppInitializer","message":"SpringDoc /v3/api-docs endpoint is enabled by default. To disable it in production, set the property 'springdoc.api-docs.enabled=false'"}{"timestamp":"2026-08-02 14:12:50","level":"WARN","logger":"org.springdoc.core.events.SpringDocAppInitializer","message":"SpringDoc /swagger-ui.html endpoint is enabled by default. To disable it in production, set the property 'springdoc.swagger-ui.enabled=false'"}{"timestamp":"2026-08-02 14:13:36","level":"INFO","logger":"org.springframework.boot.tomcat.GracefulShutdown","message":"Commencing graceful shutdown. Waiting for active requests to complete"}{"timestamp":"2026-08-02 14:13:36","level":"INFO","logger":"org.springframework.boot.tomcat.GracefulShutdown","message":"Graceful shutdown complete"}{"timestamp":"2026-08-02 14:13:36","level":"INFO","logger":"org.springframework.orm.jpa.LocalContainerEntityManagerFactoryBean","message":"Closing JPA EntityManagerFactory for persistence unit 'default'"}{"timestamp":"2026-08-02 14:13:36","level":"INFO","logger":"com.zaxxer.hikari.HikariDataSource","message":"HikariPool-1 - Shutdown initiated..."}{"timestamp":"2026-08-02 14:13:36","level":"INFO","logger":"com.zaxxer.hikari.HikariDataSource","message":"HikariPool-1 - Shutdown completed."}{"timestamp":"2026-08-02 16:21:13","level":"INFO","logger":"com.alif.analytics.AnalyticsApplication","message":"Starting AnalyticsApplication using Java 26.0.1 with PID 23472 (C:\Users\USER\Documents\springboot\analytics\backend\target\classes started by USER in C:\Users\USER\Documents\springboot\analytics\backend)"}{"timestamp":"2026-08-02 16:21:14","level":"INFO","logger":"com.alif.analytics.AnalyticsApplication","message":"No active profile set, falling back to 1 default profile: "default""}{"timestamp":"2026-08-02 16:21:14","level":"INFO","logger":"org.springframework.boot.docker.compose.lifecycle.DockerComposeLifecycleManager","message":"Using Docker Compose file C:\Users\USER\Documents\springboot\analytics\backend\compose.yml"}{"timestamp":"2026-08-02 16:21:15","level":"INFO","logger":"org.hibernate.validator.internal.util.Version","message":"HV000001: Hibernate Validator 9.1.0.Final"}{"timestamp":"2026-08-02 16:21:32","level":"INFO","logger":"org.springframework.boot.docker.compose.core.DockerCli","message":" Container analyticsdb Starting "}{"timestamp":"2026-08-02 16:21:32","level":"INFO","logger":"org.springframework.boot.docker.compose.core.DockerCli","message":" Container analyticsdb Started "}{"timestamp":"2026-08-02 16:21:32","level":"INFO","logger":"org.springframework.boot.docker.compose.core.DockerCli","message":" Container analyticsdb Waiting "}{"timestamp":"2026-08-02 16:21:33","level":"INFO","logger":"org.springframework.boot.docker.compose.core.DockerCli","message":" Container analyticsdb Healthy "}{"timestamp":"2026-08-02 16:21:39","level":"INFO","logger":"org.springframework.boot.devtools.env.DevToolsPropertyDefaultsPostProcessor","message":"Devtools property defaults active! Set 'spring.devtools.add-properties' to 'false' to disable"}{"timestamp":"2026-08-02 16:21:39","level":"INFO","logger":"org.springframework.boot.devtools.env.DevToolsPropertyDefaultsPostProcessor","message":"For additional web related logging consider setting the 'logging.level.web' property to 'DEBUG'"}{"timestamp":"2026-08-02 16:21:41","level":"INFO","logger":"org.springframework.data.repository.config.RepositoryConfigurationDelegate","message":"Bootstrapping Spring Data JPA repositories in DEFAULT mode."}{"timestamp":"2026-08-02 16:21:41","level":"INFO","logger":"org.springframework.data.repository.config.RepositoryConfigurationDelegate","message":"Finished Spring Data repository scanning in 123 ms. Found 2 JPA repository interfaces."}{"timestamp":"2026-08-02 16:21:43","level":"INFO","logger":"org.springframework.boot.tomcat.TomcatWebServer","message":"Tomcat initialized with port 8080 (http)"}{"timestamp":"2026-08-02 16:21:43","level":"INFO","logger":"org.apache.coyote.http11.Http11NioProtocol","message":"Initializing ProtocolHandler ["http-nio-8080"]"}{"timestamp":"2026-08-02 16:21:43","level":"INFO","logger":"org.apache.catalina.core.StandardService","message":"Starting service [Tomcat]"}{"timestamp":"2026-08-02 16:21:43","level":"INFO","logger":"org.apache.catalina.core.StandardEngine","message":"Starting Servlet engine: [Apache Tomcat/11.0.22]"}{"timestamp":"2026-08-02 16:21:43","level":"INFO","logger":"org.springframework.boot.web.context.servlet.WebApplicationContextInitializer","message":"Root WebApplicationContext: initialization completed in 3773 ms"}{"timestamp":"2026-08-02 16:21:44","level":"INFO","logger":"org.hibernate.orm.jpa","message":"HHH008540: Processing PersistenceUnitInfo [name: default]"}{"timestamp":"2026-08-02 16:21:44","level":"INFO","logger":"org.hibernate.orm.core","message":"HHH000001: Hibernate ORM core version 7.4.1.Final"}{"timestamp":"2026-08-02 16:21:45","level":"INFO","logger":"org.springframework.orm.jpa.persistenceunit.SpringPersistenceUnitInfo","message":"No LoadTimeWeaver setup: ignoring JPA class transformer"}{"timestamp":"2026-08-02 16:21:45","level":"INFO","logger":"com.zaxxer.hikari.HikariDataSource","message":"HikariPool-1 - Starting..."}{"timestamp":"2026-08-02 16:21:46","level":"INFO","logger":"com.zaxxer.hikari.pool.HikariPool","message":"HikariPool-1 - Added connection com.mysql.cj.jdbc.ConnectionImpl@6ca2d3ef"}{"timestamp":"2026-08-02 16:21:46","level":"INFO","logger":"com.zaxxer.hikari.HikariDataSource","message":"HikariPool-1 - Start completed."}{"timestamp":"2026-08-02 16:21:46","level":"INFO","logger":"org.hibernate.orm.connections.pooling","message":"HHH10001005: Database info:
	Database JDBC URL [jdbc:mysql://127.0.0.1:3306/analytics]
	Database driver: MySQL Connector/J
	Database dialect: MySQLDialect
	Database version: 9.7.1
	Default catalog/schema: analytics/undefined
	Autocommit mode: undefined/unknown
	Isolation level: REPEATABLE_READ [default REPEATABLE_READ]
	JDBC fetch size: none
	Pool: DataSourceConnectionProvider
	Minimum pool size: undefined/unknown
	Maximum pool size: undefined/unknown"}{"timestamp":"2026-08-02 16:21:48","level":"INFO","logger":"org.hibernate.orm.core","message":"HHH000489: No JTA platform available (set 'hibernate.transaction.jta.platform' to enable JTA platform integration)"}{"timestamp":"2026-08-02 16:21:48","level":"INFO","logger":"org.springframework.orm.jpa.LocalContainerEntityManagerFactoryBean","message":"Initialized JPA EntityManagerFactory for persistence unit 'default'"}{"timestamp":"2026-08-02 16:21:48","level":"INFO","logger":"com.alif.analytics.aspects.LoggingAndPerformanceAspect","message":"âž¡ï¸ Entering method: PathsConfig.publicPaths()"}{"timestamp":"2026-08-02 16:21:48","level":"INFO","logger":"com.alif.analytics.aspects.LoggingAndPerformanceAspect","message":"ðŸ“¥ Arguments: []"}{"timestamp":"2026-08-02 16:21:48","level":"INFO","logger":"com.alif.analytics.aspects.LoggingAndPerformanceAspect","message":"âœ… Method executed successfully: PathsConfig.publicPaths()"}{"timestamp":"2026-08-02 16:21:48","level":"INFO","logger":"com.alif.analytics.aspects.LoggingAndPerformanceAspect","message":"â± Execution time: 2 ms"}{"timestamp":"2026-08-02 16:21:48","level":"INFO","logger":"com.alif.analytics.aspects.LoggingAndPerformanceAspect","message":"âž¡ï¸ Entering method: PathsConfig.securedPaths()"}{"timestamp":"2026-08-02 16:21:48","level":"INFO","logger":"com.alif.analytics.aspects.LoggingAndPerformanceAspect","message":"ðŸ“¥ Arguments: []"}{"timestamp":"2026-08-02 16:21:48","level":"INFO","logger":"com.alif.analytics.aspects.LoggingAndPerformanceAspect","message":"âœ… Method executed successfully: PathsConfig.securedPaths()"}{"timestamp":"2026-08-02 16:21:48","level":"INFO","logger":"com.alif.analytics.aspects.LoggingAndPerformanceAspect","message":"â± Execution time: 1 ms"}{"timestamp":"2026-08-02 16:21:48","level":"INFO","logger":"com.alif.analytics.aspects.LoggingAndPerformanceAspect","message":"âž¡ï¸ Entering method: PathsConfig.adminPaths()"}{"timestamp":"2026-08-02 16:21:48","level":"INFO","logger":"com.alif.analytics.aspects.LoggingAndPerformanceAspect","message":"ðŸ“¥ Arguments: []"}{"timestamp":"2026-08-02 16:21:48","level":"INFO","logger":"com.alif.analytics.aspects.LoggingAndPerformanceAspect","message":"âœ… Method executed successfully: PathsConfig.adminPaths()"}{"timestamp":"2026-08-02 16:21:48","level":"INFO","logger":"com.alif.analytics.aspects.LoggingAndPerformanceAspect","message":"â± Execution time: 0 ms"}{"timestamp":"2026-08-02 16:21:48","level":"INFO","logger":"com.alif.analytics.aspects.LoggingAndPerformanceAspect","message":"âž¡ï¸ Entering method: PathsConfig.employerPaths()"}{"timestamp":"2026-08-02 16:21:48","level":"INFO","logger":"com.alif.analytics.aspects.LoggingAndPerformanceAspect","message":"ðŸ“¥ Arguments: []"}{"timestamp":"2026-08-02 16:21:48","level":"INFO","logger":"com.alif.analytics.aspects.LoggingAndPerformanceAspect","message":"âœ… Method executed successfully: PathsConfig.employerPaths()"}{"timestamp":"2026-08-02 16:21:48","level":"INFO","logger":"com.alif.analytics.aspects.LoggingAndPerformanceAspect","message":"â± Execution time: 0 ms"}{"timestamp":"2026-08-02 16:21:48","level":"INFO","logger":"com.alif.analytics.aspects.LoggingAndPerformanceAspect","message":"âž¡ï¸ Entering method: AnalyticsSecurityConfig.compromisedPasswordChecker()"}{"timestamp":"2026-08-02 16:21:48","level":"INFO","logger":"com.alif.analytics.aspects.LoggingAndPerformanceAspect","message":"ðŸ“¥ Arguments: []"}{"timestamp":"2026-08-02 16:21:48","level":"INFO","logger":"com.alif.analytics.aspects.LoggingAndPerformanceAspect","message":"âœ… Method executed successfully: AnalyticsSecurityConfig.compromisedPasswordChecker()"}{"timestamp":"2026-08-02 16:21:48","level":"INFO","logger":"com.alif.analytics.aspects.LoggingAndPerformanceAspect","message":"â± Execution time: 240 ms"}{"timestamp":"2026-08-02 16:21:49","level":"INFO","logger":"org.springframework.data.jpa.repository.query.QueryEnhancerFactories","message":"Hibernate is in classpath; If applicable, HQL parser will be used."}{"timestamp":"2026-08-02 16:21:49","level":"INFO","logger":"com.alif.analytics.aspects.LoggingAndPerformanceAspect","message":"âž¡ï¸ Entering method: AnalyticsSecurityConfig.passwordEncoder()"}{"timestamp":"2026-08-02 16:21:49","level":"INFO","logger":"com.alif.analytics.aspects.LoggingAndPerformanceAspect","message":"ðŸ“¥ Arguments: []"}{"timestamp":"2026-08-02 16:21:49","level":"INFO","logger":"com.alif.analytics.aspects.LoggingAndPerformanceAspect","message":"âœ… Method executed successfully: AnalyticsSecurityConfig.passwordEncoder()"}{"timestamp":"2026-08-02 16:21:49","level":"INFO","logger":"com.alif.analytics.aspects.LoggingAndPerformanceAspect","message":"â± Execution time: 3 ms"}{"timestamp":"2026-08-02 16:21:49","level":"INFO","logger":"com.alif.analytics.aspects.LoggingAndPerformanceAspect","message":"âž¡ï¸ Entering method: AnalyticsSecurityConfig.authenticationManager(..)"}{"timestamp":"2026-08-02 16:21:49","level":"INFO","logger":"com.alif.analytics.aspects.LoggingAndPerformanceAspect","message":"ðŸ“¥ Arguments: [com.alif.analytics.security.JobPortalUsernamePwdAuthenticationProvider@6327df52]"}{"timestamp":"2026-08-02 16:21:49","level":"INFO","logger":"com.alif.analytics.aspects.LoggingAndPerformanceAspect","message":"âœ… Method executed successfully: AnalyticsSecurityConfig.authenticationManager(..)"}{"timestamp":"2026-08-02 16:21:49","level":"INFO","logger":"com.alif.analytics.aspects.LoggingAndPerformanceAspect","message":"â± Execution time: 7 ms"}{"timestamp":"2026-08-02 16:21:50","level":"WARN","logger":"org.springframework.boot.jpa.autoconfigure.JpaBaseConfiguration$JpaWebConfiguration","message":"spring.jpa.open-in-view is enabled by default. Therefore, database queries may be performed during view rendering. Explicitly configure spring.jpa.open-in-view to disable this warning"}{"timestamp":"2026-08-02 16:21:50","level":"INFO","logger":"org.springframework.security.config.annotation.authentication.configuration.InitializeAuthenticationProviderBeanManagerConfigurer$InitializeAuthenticationProviderManagerConfigurer","message":"Global AuthenticationManager configured with AuthenticationProvider bean with name jobPortalUsernamePwdAuthenticationProvider"}{"timestamp":"2026-08-02 16:21:50","level":"INFO","logger":"com.alif.analytics.aspects.LoggingAndPerformanceAspect","message":"âž¡ï¸ Entering method: WebConfig.configurePathMatch(..)"}{"timestamp":"2026-08-02 16:21:50","level":"INFO","logger":"com.alif.analytics.aspects.LoggingAndPerformanceAspect","message":"ðŸ“¥ Arguments: [org.springframework.web.servlet.config.annotation.PathMatchConfigurer@4df097c5]"}{"timestamp":"2026-08-02 16:21:50","level":"INFO","logger":"com.alif.analytics.aspects.LoggingAndPerformanceAspect","message":"âœ… Method executed successfully: WebConfig.configurePathMatch(..)"}{"timestamp":"2026-08-02 16:21:50","level":"INFO","logger":"com.alif.analytics.aspects.LoggingAndPerformanceAspect","message":"â± Execution time: 1 ms"}{"timestamp":"2026-08-02 16:21:50","level":"INFO","logger":"com.alif.analytics.aspects.LoggingAndPerformanceAspect","message":"âž¡ï¸ Entering method: AnalyticsSecurityConfig.customSecurityFilterChain(..)"}{"timestamp":"2026-08-02 16:21:50","level":"INFO","logger":"com.alif.analytics.aspects.LoggingAndPerformanceAspect","message":"ðŸ“¥ Arguments: [org.springframework.security.config.annotation.web.builders.HttpSecurity@36722f74]"}{"timestamp":"2026-08-02 16:21:50","level":"INFO","logger":"com.alif.analytics.aspects.LoggingAndPerformanceAspect","message":"âž¡ï¸ Entering method: AnalyticsSecurityConfig.corsConfigurationSource()"}{"timestamp":"2026-08-02 16:21:50","level":"INFO","logger":"com.alif.analytics.aspects.LoggingAndPerformanceAspect","message":"ðŸ“¥ Arguments: []"}{"timestamp":"2026-08-02 16:21:50","level":"INFO","logger":"com.alif.analytics.aspects.LoggingAndPerformanceAspect","message":"âœ… Method executed successfully: AnalyticsSecurityConfig.corsConfigurationSource()"}{"timestamp":"2026-08-02 16:21:50","level":"INFO","logger":"com.alif.analytics.aspects.LoggingAndPerformanceAspect","message":"â± Execution time: 4 ms"}{"timestamp":"2026-08-02 16:21:50","level":"INFO","logger":"com.alif.analytics.aspects.LoggingAndPerformanceAspect","message":"âœ… Method executed successfully: AnalyticsSecurityConfig.customSecurityFilterChain(..)"}{"timestamp":"2026-08-02 16:21:50","level":"INFO","logger":"com.alif.analytics.aspects.LoggingAndPerformanceAspect","message":"â± Execution time: 111 ms"}{"timestamp":"2026-08-02 16:21:50","level":"INFO","logger":"com.alif.analytics.aspects.LoggingAndPerformanceAspect","message":"âž¡ï¸ Entering method: WebConfig.configureApiVersioning(..)"}{"timestamp":"2026-08-02 16:21:50","level":"INFO","logger":"com.alif.analytics.aspects.LoggingAndPerformanceAspect","message":"ðŸ“¥ Arguments: [org.springframework.web.servlet.config.annotation.ApiVersionConfigurer@75ba79c9]"}{"timestamp":"2026-08-02 16:21:50","level":"INFO","logger":"com.alif.analytics.aspects.LoggingAndPerformanceAspect","message":"âœ… Method executed successfully: WebConfig.configureApiVersioning(..)"}{"timestamp":"2026-08-02 16:21:50","level":"INFO","logger":"com.alif.analytics.aspects.LoggingAndPerformanceAspect","message":"â± Execution time: 4 ms"}{"timestamp":"2026-08-02 16:21:51","level":"INFO","logger":"org.springframework.boot.h2console.autoconfigure.H2ConsoleAutoConfiguration","message":"H2 console available at '/h2-console'. Database available at 'jdbc:mysql://127.0.0.1:3306/analytics'"}{"timestamp":"2026-08-02 16:21:51","level":"INFO","logger":"org.apache.coyote.http11.Http11NioProtocol","message":"Starting ProtocolHandler ["http-nio-8080"]"}{"timestamp":"2026-08-02 16:21:51","level":"INFO","logger":"org.springframework.boot.tomcat.TomcatWebServer","message":"Tomcat started on port 8080 (http) with context path '/'"}{"timestamp":"2026-08-02 16:21:51","level":"INFO","logger":"com.alif.analytics.AnalyticsApplication","message":"Started AnalyticsApplication in 39.774 seconds (process running for 48.161)"}{"timestamp":"2026-08-02 16:21:51","level":"WARN","logger":"org.springdoc.core.events.SpringDocAppInitializer","message":"SpringDoc /v3/api-docs endpoint is enabled by default. To disable it in production, set the property 'springdoc.api-docs.enabled=false'"}{"timestamp":"2026-08-02 16:21:51","level":"WARN","logger":"org.springdoc.core.events.SpringDocAppInitializer","message":"SpringDoc /swagger-ui.html endpoint is enabled by default. To disable it in production, set the property 'springdoc.swagger-ui.enabled=false'"}{"timestamp":"2026-08-02 16:23:12","level":"INFO","logger":"org.apache.catalina.core.ContainerBase.[Tomcat].[localhost].[/]","message":"Initializing Spring DispatcherServlet 'dispatcherServlet'"}{"timestamp":"2026-08-02 16:23:12","level":"INFO","logger":"org.springframework.web.servlet.DispatcherServlet","message":"Initializing Servlet 'dispatcherServlet'"}{"timestamp":"2026-08-02 16:23:12","level":"INFO","logger":"org.springframework.web.servlet.DispatcherServlet","message":"Completed initialization in 16 ms"}{"timestamp":"2026-08-02 16:27:32","level":"INFO","logger":"org.springframework.boot.tomcat.GracefulShutdown","message":"Commencing graceful shutdown. Waiting for active requests to complete"}{"timestamp":"2026-08-02 16:27:32","level":"INFO","logger":"org.springframework.boot.tomcat.GracefulShutdown","message":"Graceful shutdown complete"}{"timestamp":"2026-08-02 16:27:32","level":"INFO","logger":"org.springframework.orm.jpa.LocalContainerEntityManagerFactoryBean","message":"Closing JPA EntityManagerFactory for persistence unit 'default'"}{"timestamp":"2026-08-02 16:27:32","level":"INFO","logger":"com.zaxxer.hikari.HikariDataSource","message":"HikariPool-1 - Shutdown initiated..."}{"timestamp":"2026-08-02 16:27:32","level":"INFO","logger":"com.zaxxer.hikari.HikariDataSource","message":"HikariPool-1 - Shutdown completed."}{"timestamp":"2026-08-02 16:27:47","level":"INFO","logger":"com.alif.analytics.AnalyticsApplication","message":"Starting AnalyticsApplication using Java 26.0.1 with PID 15796 (C:\Users\USER\Documents\springboot\analytics\backend\target\classes started by USER in C:\Users\USER\Documents\springboot\analytics\backend)"}{"timestamp":"2026-08-02 16:27:47","level":"INFO","logger":"com.alif.analytics.AnalyticsApplication","message":"No active profile set, falling back to 1 default profile: "default""}{"timestamp":"2026-08-02 16:27:47","level":"INFO","logger":"org.springframework.boot.docker.compose.lifecycle.DockerComposeLifecycleManager","message":"Using Docker Compose file C:\Users\USER\Documents\springboot\analytics\backend\compose.yml"}{"timestamp":"2026-08-02 16:27:48","level":"INFO","logger":"org.hibernate.validator.internal.util.Version","message":"HV000001: Hibernate Validator 9.1.0.Final"}{"timestamp":"2026-08-02 16:27:49","level":"INFO","logger":"org.springframework.boot.docker.compose.core.DockerCli","message":" Container analyticsdb Starting "}{"timestamp":"2026-08-02 16:27:50","level":"INFO","logger":"org.springframework.boot.docker.compose.core.DockerCli","message":" Container analyticsdb Started "}{"timestamp":"2026-08-02 16:27:50","level":"INFO","logger":"org.springframework.boot.docker.compose.core.DockerCli","message":" Container analyticsdb Waiting "}{"timestamp":"2026-08-02 16:27:50","level":"INFO","logger":"org.springframework.boot.docker.compose.core.DockerCli","message":" Container analyticsdb Healthy "}{"timestamp":"2026-08-02 16:27:56","level":"INFO","logger":"org.springframework.boot.devtools.env.DevToolsPropertyDefaultsPostProcessor","message":"Devtools property defaults active! Set 'spring.devtools.add-properties' to 'false' to disable"}{"timestamp":"2026-08-02 16:27:56","level":"INFO","logger":"org.springframework.boot.devtools.env.DevToolsPropertyDefaultsPostProcessor","message":"For additional web related logging consider setting the 'logging.level.web' property to 'DEBUG'"}{"timestamp":"2026-08-02 16:27:57","level":"INFO","logger":"org.springframework.data.repository.config.RepositoryConfigurationDelegate","message":"Bootstrapping Spring Data JPA repositories in DEFAULT mode."}{"timestamp":"2026-08-02 16:27:58","level":"INFO","logger":"org.springframework.data.repository.config.RepositoryConfigurationDelegate","message":"Finished Spring Data repository scanning in 89 ms. Found 2 JPA repository interfaces."}{"timestamp":"2026-08-02 16:27:59","level":"INFO","logger":"org.springframework.boot.tomcat.TomcatWebServer","message":"Tomcat initialized with port 8080 (http)"}{"timestamp":"2026-08-02 16:27:59","level":"INFO","logger":"org.apache.coyote.http11.Http11NioProtocol","message":"Initializing ProtocolHandler ["http-nio-8080"]"}{"timestamp":"2026-08-02 16:27:59","level":"INFO","logger":"org.apache.catalina.core.StandardService","message":"Starting service [Tomcat]"}{"timestamp":"2026-08-02 16:27:59","level":"INFO","logger":"org.apache.catalina.core.StandardEngine","message":"Starting Servlet engine: [Apache Tomcat/11.0.22]"}{"timestamp":"2026-08-02 16:27:59","level":"INFO","logger":"org.springframework.boot.web.context.servlet.WebApplicationContextInitializer","message":"Root WebApplicationContext: initialization completed in 3200 ms"}{"timestamp":"2026-08-02 16:27:59","level":"INFO","logger":"org.hibernate.orm.jpa","message":"HHH008540: Processing PersistenceUnitInfo [name: default]"}{"timestamp":"2026-08-02 16:28:00","level":"INFO","logger":"org.hibernate.orm.core","message":"HHH000001: Hibernate ORM core version 7.4.1.Final"}{"timestamp":"2026-08-02 16:28:01","level":"INFO","logger":"org.springframework.orm.jpa.persistenceunit.SpringPersistenceUnitInfo","message":"No LoadTimeWeaver setup: ignoring JPA class transformer"}{"timestamp":"2026-08-02 16:28:01","level":"INFO","logger":"com.zaxxer.hikari.HikariDataSource","message":"HikariPool-1 - Starting..."}{"timestamp":"2026-08-02 16:28:01","level":"INFO","logger":"com.zaxxer.hikari.pool.HikariPool","message":"HikariPool-1 - Added connection com.mysql.cj.jdbc.ConnectionImpl@16d596bb"}{"timestamp":"2026-08-02 16:28:01","level":"INFO","logger":"com.zaxxer.hikari.HikariDataSource","message":"HikariPool-1 - Start completed."}{"timestamp":"2026-08-02 16:28:02","level":"INFO","logger":"org.hibernate.orm.connections.pooling","message":"HHH10001005: Database info:
	Database JDBC URL [jdbc:mysql://127.0.0.1:3306/analytics]
	Database driver: MySQL Connector/J
	Database dialect: MySQLDialect
	Database version: 9.7.1
	Default catalog/schema: analytics/undefined
	Autocommit mode: undefined/unknown
	Isolation level: REPEATABLE_READ [default REPEATABLE_READ]
	JDBC fetch size: none
	Pool: DataSourceConnectionProvider
	Minimum pool size: undefined/unknown
	Maximum pool size: undefined/unknown"}{"timestamp":"2026-08-02 16:28:03","level":"INFO","logger":"org.hibernate.orm.core","message":"HHH000489: No JTA platform available (set 'hibernate.transaction.jta.platform' to enable JTA platform integration)"}{"timestamp":"2026-08-02 16:28:03","level":"INFO","logger":"org.springframework.orm.jpa.LocalContainerEntityManagerFactoryBean","message":"Initialized JPA EntityManagerFactory for persistence unit 'default'"}{"timestamp":"2026-08-02 16:28:04","level":"INFO","logger":"com.alif.analytics.aspects.LoggingAndPerformanceAspect","message":"âž¡ï¸ Entering method: PathsConfig.publicPaths()"}{"timestamp":"2026-08-02 16:28:04","level":"INFO","logger":"com.alif.analytics.aspects.LoggingAndPerformanceAspect","message":"ðŸ“¥ Arguments: []"}{"timestamp":"2026-08-02 16:28:04","level":"INFO","logger":"com.alif.analytics.aspects.LoggingAndPerformanceAspect","message":"âœ… Method executed successfully: PathsConfig.publicPaths()"}{"timestamp":"2026-08-02 16:28:04","level":"INFO","logger":"com.alif.analytics.aspects.LoggingAndPerformanceAspect","message":"â± Execution time: 2 ms"}{"timestamp":"2026-08-02 16:28:04","level":"INFO","logger":"com.alif.analytics.aspects.LoggingAndPerformanceAspect","message":"âž¡ï¸ Entering method: PathsConfig.securedPaths()"}{"timestamp":"2026-08-02 16:28:04","level":"INFO","logger":"com.alif.analytics.aspects.LoggingAndPerformanceAspect","message":"ðŸ“¥ Arguments: []"}{"timestamp":"2026-08-02 16:28:04","level":"INFO","logger":"com.alif.analytics.aspects.LoggingAndPerformanceAspect","message":"âœ… Method executed successfully: PathsConfig.securedPaths()"}{"timestamp":"2026-08-02 16:28:04","level":"INFO","logger":"com.alif.analytics.aspects.LoggingAndPerformanceAspect","message":"â± Execution time: 0 ms"}{"timestamp":"2026-08-02 16:28:04","level":"INFO","logger":"com.alif.analytics.aspects.LoggingAndPerformanceAspect","message":"âž¡ï¸ Entering method: PathsConfig.adminPaths()"}{"timestamp":"2026-08-02 16:28:04","level":"INFO","logger":"com.alif.analytics.aspects.LoggingAndPerformanceAspect","message":"ðŸ“¥ Arguments: []"}{"timestamp":"2026-08-02 16:28:04","level":"INFO","logger":"com.alif.analytics.aspects.LoggingAndPerformanceAspect","message":"âœ… Method executed successfully: PathsConfig.adminPaths()"}{"timestamp":"2026-08-02 16:28:04","level":"INFO","logger":"com.alif.analytics.aspects.LoggingAndPerformanceAspect","message":"â± Execution time: 0 ms"}{"timestamp":"2026-08-02 16:28:04","level":"INFO","logger":"com.alif.analytics.aspects.LoggingAndPerformanceAspect","message":"âž¡ï¸ Entering method: PathsConfig.employerPaths()"}{"timestamp":"2026-08-02 16:28:04","level":"INFO","logger":"com.alif.analytics.aspects.LoggingAndPerformanceAspect","message":"ðŸ“¥ Arguments: []"}{"timestamp":"2026-08-02 16:28:04","level":"INFO","logger":"com.alif.analytics.aspects.LoggingAndPerformanceAspect","message":"âœ… Method executed successfully: PathsConfig.employerPaths()"}{"timestamp":"2026-08-02 16:28:04","level":"INFO","logger":"com.alif.analytics.aspects.LoggingAndPerformanceAspect","message":"â± Execution time: 1 ms"}{"timestamp":"2026-08-02 16:28:04","level":"INFO","logger":"com.alif.analytics.aspects.LoggingAndPerformanceAspect","message":"âž¡ï¸ Entering method: AnalyticsSecurityConfig.compromisedPasswordChecker()"}{"timestamp":"2026-08-02 16:28:04","level":"INFO","logger":"com.alif.analytics.aspects.LoggingAndPerformanceAspect","message":"ðŸ“¥ Arguments: []"}{"timestamp":"2026-08-02 16:28:04","level":"INFO","logger":"com.alif.analytics.aspects.LoggingAndPerformanceAspect","message":"âœ… Method executed successfully: AnalyticsSecurityConfig.compromisedPasswordChecker()"}{"timestamp":"2026-08-02 16:28:04","level":"INFO","logger":"com.alif.analytics.aspects.LoggingAndPerformanceAspect","message":"â± Execution time: 196 ms"}{"timestamp":"2026-08-02 16:28:04","level":"INFO","logger":"org.springframework.data.jpa.repository.query.QueryEnhancerFactories","message":"Hibernate is in classpath; If applicable, HQL parser will be used."}{"timestamp":"2026-08-02 16:28:04","level":"INFO","logger":"com.alif.analytics.aspects.LoggingAndPerformanceAspect","message":"âž¡ï¸ Entering method: AnalyticsSecurityConfig.passwordEncoder()"}{"timestamp":"2026-08-02 16:28:04","level":"INFO","logger":"com.alif.analytics.aspects.LoggingAndPerformanceAspect","message":"ðŸ“¥ Arguments: []"}{"timestamp":"2026-08-02 16:28:04","level":"INFO","logger":"com.alif.analytics.aspects.LoggingAndPerformanceAspect","message":"âœ… Method executed successfully: AnalyticsSecurityConfig.passwordEncoder()"}{"timestamp":"2026-08-02 16:28:04","level":"INFO","logger":"com.alif.analytics.aspects.LoggingAndPerformanceAspect","message":"â± Execution time: 10 ms"}{"timestamp":"2026-08-02 16:28:04","level":"INFO","logger":"com.alif.analytics.aspects.LoggingAndPerformanceAspect","message":"âž¡ï¸ Entering method: AnalyticsSecurityConfig.authenticationManager(..)"}{"timestamp":"2026-08-02 16:28:04","level":"INFO","logger":"com.alif.analytics.aspects.LoggingAndPerformanceAspect","message":"ðŸ“¥ Arguments: [com.alif.analytics.security.JobPortalUsernamePwdAuthenticationProvider@360a5381]"}{"timestamp":"2026-08-02 16:28:04","level":"INFO","logger":"com.alif.analytics.aspects.LoggingAndPerformanceAspect","message":"âœ… Method executed successfully: AnalyticsSecurityConfig.authenticationManager(..)"}{"timestamp":"2026-08-02 16:28:04","level":"INFO","logger":"com.alif.analytics.aspects.LoggingAndPerformanceAspect","message":"â± Execution time: 18 ms"}{"timestamp":"2026-08-02 16:28:05","level":"WARN","logger":"org.springframework.boot.jpa.autoconfigure.JpaBaseConfiguration$JpaWebConfiguration","message":"spring.jpa.open-in-view is enabled by default. Therefore, database queries may be performed during view rendering. Explicitly configure spring.jpa.open-in-view to disable this warning"}{"timestamp":"2026-08-02 16:28:05","level":"INFO","logger":"org.springframework.security.config.annotation.authentication.configuration.InitializeAuthenticationProviderBeanManagerConfigurer$InitializeAuthenticationProviderManagerConfigurer","message":"Global AuthenticationManager configured with AuthenticationProvider bean with name jobPortalUsernamePwdAuthenticationProvider"}{"timestamp":"2026-08-02 16:28:05","level":"INFO","logger":"com.alif.analytics.aspects.LoggingAndPerformanceAspect","message":"âž¡ï¸ Entering method: WebConfig.configurePathMatch(..)"}{"timestamp":"2026-08-02 16:28:05","level":"INFO","logger":"com.alif.analytics.aspects.LoggingAndPerformanceAspect","message":"ðŸ“¥ Arguments: [org.springframework.web.servlet.config.annotation.PathMatchConfigurer@698bfea]"}{"timestamp":"2026-08-02 16:28:05","level":"INFO","logger":"com.alif.analytics.aspects.LoggingAndPerformanceAspect","message":"âœ… Method executed successfully: WebConfig.configurePathMatch(..)"}{"timestamp":"2026-08-02 16:28:05","level":"INFO","logger":"com.alif.analytics.aspects.LoggingAndPerformanceAspect","message":"â± Execution time: 1 ms"}{"timestamp":"2026-08-02 16:28:06","level":"INFO","logger":"com.alif.analytics.aspects.LoggingAndPerformanceAspect","message":"âž¡ï¸ Entering method: AnalyticsSecurityConfig.customSecurityFilterChain(..)"}{"timestamp":"2026-08-02 16:28:06","level":"INFO","logger":"com.alif.analytics.aspects.LoggingAndPerformanceAspect","message":"ðŸ“¥ Arguments: [org.springframework.security.config.annotation.web.builders.HttpSecurity@3d3a02cc]"}{"timestamp":"2026-08-02 16:28:06","level":"INFO","logger":"com.alif.analytics.aspects.LoggingAndPerformanceAspect","message":"âž¡ï¸ Entering method: AnalyticsSecurityConfig.corsConfigurationSource()"}{"timestamp":"2026-08-02 16:28:06","level":"INFO","logger":"com.alif.analytics.aspects.LoggingAndPerformanceAspect","message":"ðŸ“¥ Arguments: []"}{"timestamp":"2026-08-02 16:28:06","level":"INFO","logger":"com.alif.analytics.aspects.LoggingAndPerformanceAspect","message":"âœ… Method executed successfully: AnalyticsSecurityConfig.corsConfigurationSource()"}{"timestamp":"2026-08-02 16:28:06","level":"INFO","logger":"com.alif.analytics.aspects.LoggingAndPerformanceAspect","message":"â± Execution time: 11 ms"}{"timestamp":"2026-08-02 16:28:06","level":"INFO","logger":"com.alif.analytics.aspects.LoggingAndPerformanceAspect","message":"âœ… Method executed successfully: AnalyticsSecurityConfig.customSecurityFilterChain(..)"}{"timestamp":"2026-08-02 16:28:06","level":"INFO","logger":"com.alif.analytics.aspects.LoggingAndPerformanceAspect","message":"â± Execution time: 224 ms"}{"timestamp":"2026-08-02 16:28:06","level":"INFO","logger":"com.alif.analytics.aspects.LoggingAndPerformanceAspect","message":"âž¡ï¸ Entering method: WebConfig.configureApiVersioning(..)"}{"timestamp":"2026-08-02 16:28:06","level":"INFO","logger":"com.alif.analytics.aspects.LoggingAndPerformanceAspect","message":"ðŸ“¥ Arguments: [org.springframework.web.servlet.config.annotation.ApiVersionConfigurer@3a4d0a5]"}{"timestamp":"2026-08-02 16:28:06","level":"INFO","logger":"com.alif.analytics.aspects.LoggingAndPerformanceAspect","message":"âœ… Method executed successfully: WebConfig.configureApiVersioning(..)"}{"timestamp":"2026-08-02 16:28:06","level":"INFO","logger":"com.alif.analytics.aspects.LoggingAndPerformanceAspect","message":"â± Execution time: 5 ms"}{"timestamp":"2026-08-02 16:28:07","level":"INFO","logger":"org.springframework.boot.h2console.autoconfigure.H2ConsoleAutoConfiguration","message":"H2 console available at '/h2-console'. Database available at 'jdbc:mysql://127.0.0.1:3306/analytics'"}{"timestamp":"2026-08-02 16:28:07","level":"INFO","logger":"org.apache.coyote.http11.Http11NioProtocol","message":"Starting ProtocolHandler ["http-nio-8080"]"}{"timestamp":"2026-08-02 16:28:07","level":"INFO","logger":"org.springframework.boot.tomcat.TomcatWebServer","message":"Tomcat started on port 8080 (http) with context path '/'"}{"timestamp":"2026-08-02 16:28:07","level":"INFO","logger":"com.alif.analytics.AnalyticsApplication","message":"Started AnalyticsApplication in 21.171 seconds (process running for 24.031)"}{"timestamp":"2026-08-02 16:28:07","level":"WARN","logger":"org.springdoc.core.events.SpringDocAppInitializer","message":"SpringDoc /v3/api-docs endpoint is enabled by default. To disable it in production, set the property 'springdoc.api-docs.enabled=false'"}{"timestamp":"2026-08-02 16:28:07","level":"WARN","logger":"org.springdoc.core.events.SpringDocAppInitializer","message":"SpringDoc /swagger-ui.html endpoint is enabled by default. To disable it in production, set the property 'springdoc.swagger-ui.enabled=false'"}{"timestamp":"2026-08-02 16:28:26","level":"INFO","logger":"org.apache.catalina.core.ContainerBase.[Tomcat].[localhost].[/]","message":"Initializing Spring DispatcherServlet 'dispatcherServlet'"}{"timestamp":"2026-08-02 16:28:26","level":"INFO","logger":"org.springframework.web.servlet.DispatcherServlet","message":"Initializing Servlet 'dispatcherServlet'"}{"timestamp":"2026-08-02 16:28:26","level":"INFO","logger":"org.springframework.web.servlet.DispatcherServlet","message":"Completed initialization in 2 ms"}{"timestamp":"2026-08-02 16:28:31","level":"INFO","logger":"com.alif.analytics.aspects.LoggingAndPerformanceAspect","message":"âž¡ï¸ Entering method: AuthController.apiLogin(..)"}{"timestamp":"2026-08-02 16:28:31","level":"INFO","logger":"com.alif.analytics.aspects.LoggingAndPerformanceAspect","message":"ðŸ“¥ Arguments: [LoginRequestDto[username=admin@gmai.com, password=EazyBytes@1803]]"}{"timestamp":"2026-08-02 16:28:37","level":"INFO","logger":"com.alif.analytics.aspects.LoggingAndPerformanceAspect","message":"âž¡ï¸ Entering method: JobPortalUsernamePwdAuthenticationProvider.supports(..)"}{"timestamp":"2026-08-02 16:28:37","level":"INFO","logger":"com.alif.analytics.aspects.LoggingAndPerformanceAspect","message":"ðŸ“¥ Arguments: [class org.springframework.security.authentication.UsernamePasswordAuthenticationToken]"}{"timestamp":"2026-08-02 16:28:37","level":"INFO","logger":"com.alif.analytics.aspects.LoggingAndPerformanceAspect","message":"âœ… Method executed successfully: JobPortalUsernamePwdAuthenticationProvider.supports(..)"}{"timestamp":"2026-08-02 16:28:37","level":"INFO","logger":"com.alif.analytics.aspects.LoggingAndPerformanceAspect","message":"â± Execution time: 1 ms"}{"timestamp":"2026-08-02 16:28:37","level":"INFO","logger":"com.alif.analytics.aspects.LoggingAndPerformanceAspect","message":"âž¡ï¸ Entering method: JobPortalUsernamePwdAuthenticationProvider.authenticate(..)"}{"timestamp":"2026-08-02 16:28:37","level":"INFO","logger":"com.alif.analytics.aspects.LoggingAndPerformanceAspect","message":"ðŸ“¥ Arguments: [UsernamePasswordAuthenticationToken [Principal=admin@gmai.com, Credentials=[PROTECTED], Authenticated=false, Details=null, Granted Authorities=[]]]"}{"timestamp":"2026-08-02 16:28:37","level":"INFO","logger":"com.alif.analytics.aspects.LoggingAndPerformanceAspect","message":"âž¡ï¸ Entering method: JobPortalUserRepository.findJobPortalUserByEmail(..)"}{"timestamp":"2026-08-02 16:28:37","level":"INFO","logger":"com.alif.analytics.aspects.LoggingAndPerformanceAspect","message":"ðŸ“¥ Arguments: [admin@gmai.com]"}{"timestamp":"2026-08-02 16:28:38","level":"INFO","logger":"com.alif.analytics.aspects.LoggingAndPerformanceAspect","message":"âœ… Method executed successfully: JobPortalUserRepository.findJobPortalUserByEmail(..)"}{"timestamp":"2026-08-02 16:28:38","level":"INFO","logger":"com.alif.analytics.aspects.LoggingAndPerformanceAspect","message":"â± Execution time: 1276 ms"}{"timestamp":"2026-08-02 16:28:38","level":"ERROR","logger":"com.alif.analytics.aspects.ExceptionAuditAspect","message":"âŒ Exception occurred in method: JobPortalUsernamePwdAuthenticationProvider.authenticate(..)"}{"timestamp":"2026-08-02 16:28:38","level":"ERROR","logger":"com.alif.analytics.aspects.ExceptionAuditAspect","message":"ðŸ“¥ Arguments: [UsernamePasswordAuthenticationToken [Principal=admin@gmai.com, Credentials=[PROTECTED], Authenticated=false, Details=null, Granted Authorities=[]]]"}{"timestamp":"2026-08-02 16:28:38","level":"ERROR","logger":"com.alif.analytics.aspects.ExceptionAuditAspect","message":"ðŸ’¥ Exception type: UsernameNotFoundException"}{"timestamp":"2026-08-02 16:28:38","level":"ERROR","logger":"com.alif.analytics.aspects.ExceptionAuditAspect","message":"ðŸ§¾ Exception message: User details not found for the user: admin@gmai.com"}{"timestamp":"2026-08-02 16:28:39","level":"INFO","logger":"com.alif.analytics.aspects.LoggingAndPerformanceAspect","message":"âœ… Method executed successfully: AuthController.apiLogin(..)"}{"timestamp":"2026-08-02 16:28:39","level":"INFO","logger":"com.alif.analytics.aspects.LoggingAndPerformanceAspect","message":"â± Execution time: 7746 ms"}{"timestamp":"2026-08-02 16:28:58","level":"INFO","logger":"com.alif.analytics.aspects.LoggingAndPerformanceAspect","message":"âž¡ï¸ Entering method: AuthController.apiLogin(..)"}{"timestamp":"2026-08-02 16:28:58","level":"INFO","logger":"com.alif.analytics.aspects.LoggingAndPerformanceAspect","message":"ðŸ“¥ Arguments: [LoginRequestDto[username=admin@gmai.com, password=EazyBytes@1803]]"}{"timestamp":"2026-08-02 16:28:58","level":"INFO","logger":"com.alif.analytics.aspects.LoggingAndPerformanceAspect","message":"âž¡ï¸ Entering method: JobPortalUsernamePwdAuthenticationProvider.supports(..)"}{"timestamp":"2026-08-02 16:28:58","level":"INFO","logger":"com.alif.analytics.aspects.LoggingAndPerformanceAspect","message":"ðŸ“¥ Arguments: [class org.springframework.security.authentication.UsernamePasswordAuthenticationToken]"}{"timestamp":"2026-08-02 16:28:58","level":"INFO","logger":"com.alif.analytics.aspects.LoggingAndPerformanceAspect","message":"âœ… Method executed successfully: JobPortalUsernamePwdAuthenticationProvider.supports(..)"}{"timestamp":"2026-08-02 16:28:58","level":"INFO","logger":"com.alif.analytics.aspects.LoggingAndPerformanceAspect","message":"â± Execution time: 0 ms"}{"timestamp":"2026-08-02 16:28:58","level":"INFO","logger":"com.alif.analytics.aspects.LoggingAndPerformanceAspect","message":"âž¡ï¸ Entering method: JobPortalUsernamePwdAuthenticationProvider.authenticate(..)"}{"timestamp":"2026-08-02 16:28:58","level":"INFO","logger":"com.alif.analytics.aspects.LoggingAndPerformanceAspect","message":"ðŸ“¥ Arguments: [UsernamePasswordAuthenticationToken [Principal=admin@gmai.com, Credentials=[PROTECTED], Authenticated=false, Details=null, Granted Authorities=[]]]"}{"timestamp":"2026-08-02 16:28:58","level":"INFO","logger":"com.alif.analytics.aspects.LoggingAndPerformanceAspect","message":"âž¡ï¸ Entering method: JobPortalUserRepository.findJobPortalUserByEmail(..)"}{"timestamp":"2026-08-02 16:28:58","level":"INFO","logger":"com.alif.analytics.aspects.LoggingAndPerformanceAspect","message":"ðŸ“¥ Arguments: [admin@gmai.com]"}{"timestamp":"2026-08-02 16:28:58","level":"INFO","logger":"com.alif.analytics.aspects.LoggingAndPerformanceAspect","message":"âœ… Method executed successfully: JobPortalUserRepository.findJobPortalUserByEmail(..)"}{"timestamp":"2026-08-02 16:28:58","level":"INFO","logger":"com.alif.analytics.aspects.LoggingAndPerformanceAspect","message":"â± Execution time: 9 ms"}{"timestamp":"2026-08-02 16:28:58","level":"ERROR","logger":"com.alif.analytics.aspects.ExceptionAuditAspect","message":"âŒ Exception occurred in method: JobPortalUsernamePwdAuthenticationProvider.authenticate(..)"}{"timestamp":"2026-08-02 16:28:58","level":"ERROR","logger":"com.alif.analytics.aspects.ExceptionAuditAspect","message":"ðŸ“¥ Arguments: [UsernamePasswordAuthenticationToken [Principal=admin@gmai.com, Credentials=[PROTECTED], Authenticated=false, Details=null, Granted Authorities=[]]]"}{"timestamp":"2026-08-02 16:28:58","level":"ERROR","logger":"com.alif.analytics.aspects.ExceptionAuditAspect","message":"ðŸ’¥ Exception type: UsernameNotFoundException"}{"timestamp":"2026-08-02 16:28:58","level":"ERROR","logger":"com.alif.analytics.aspects.ExceptionAuditAspect","message":"ðŸ§¾ Exception message: User details not found for the user: admin@gmai.com"}{"timestamp":"2026-08-02 16:28:58","level":"INFO","logger":"com.alif.analytics.aspects.LoggingAndPerformanceAspect","message":"âœ… Method executed successfully: AuthController.apiLogin(..)"}{"timestamp":"2026-08-02 16:28:58","level":"INFO","logger":"com.alif.analytics.aspects.LoggingAndPerformanceAspect","message":"â± Execution time: 14 ms"}{"timestamp":"2026-08-02 16:29:08","level":"INFO","logger":"com.alif.analytics.aspects.LoggingAndPerformanceAspect","message":"âž¡ï¸ Entering method: AuthController.apiLogin(..)"}{"timestamp":"2026-08-02 16:29:08","level":"INFO","logger":"com.alif.analytics.aspects.LoggingAndPerformanceAspect","message":"ðŸ“¥ Arguments: [LoginRequestDto[username=admin@gmail.com, password=EazyBytes@1803]]"}{"timestamp":"2026-08-02 16:29:08","level":"INFO","logger":"com.alif.analytics.aspects.LoggingAndPerformanceAspect","message":"âž¡ï¸ Entering method: JobPortalUsernamePwdAuthenticationProvider.supports(..)"}{"timestamp":"2026-08-02 16:29:08","level":"INFO","logger":"com.alif.analytics.aspects.LoggingAndPerformanceAspect","message":"ðŸ“¥ Arguments: [class org.springframework.security.authentication.UsernamePasswordAuthenticationToken]"}{"timestamp":"2026-08-02 16:29:08","level":"INFO","logger":"com.alif.analytics.aspects.LoggingAndPerformanceAspect","message":"âœ… Method executed successfully: JobPortalUsernamePwdAuthenticationProvider.supports(..)"}{"timestamp":"2026-08-02 16:29:08","level":"INFO","logger":"com.alif.analytics.aspects.LoggingAndPerformanceAspect","message":"â± Execution time: 0 ms"}{"timestamp":"2026-08-02 16:29:08","level":"INFO","logger":"com.alif.analytics.aspects.LoggingAndPerformanceAspect","message":"âž¡ï¸ Entering method: JobPortalUsernamePwdAuthenticationProvider.authenticate(..)"}{"timestamp":"2026-08-02 16:29:08","level":"INFO","logger":"com.alif.analytics.aspects.LoggingAndPerformanceAspect","message":"ðŸ“¥ Arguments: [UsernamePasswordAuthenticationToken [Principal=admin@gmail.com, Credentials=[PROTECTED], Authenticated=false, Details=null, Granted Authorities=[]]]"}{"timestamp":"2026-08-02 16:29:08","level":"INFO","logger":"com.alif.analytics.aspects.LoggingAndPerformanceAspect","message":"âž¡ï¸ Entering method: JobPortalUserRepository.findJobPortalUserByEmail(..)"}{"timestamp":"2026-08-02 16:29:08","level":"INFO","logger":"com.alif.analytics.aspects.LoggingAndPerformanceAspect","message":"ðŸ“¥ Arguments: [admin@gmail.com]"}{"timestamp":"2026-08-02 16:29:08","level":"INFO","logger":"com.alif.analytics.aspects.LoggingAndPerformanceAspect","message":"âœ… Method executed successfully: JobPortalUserRepository.findJobPortalUserByEmail(..)"}{"timestamp":"2026-08-02 16:29:08","level":"INFO","logger":"com.alif.analytics.aspects.LoggingAndPerformanceAspect","message":"â± Execution time: 61 ms"}{"timestamp":"2026-08-02 16:29:08","level":"INFO","logger":"com.alif.analytics.aspects.LoggingAndPerformanceAspect","message":"âœ… Method executed successfully: JobPortalUsernamePwdAuthenticationProvider.authenticate(..)"}{"timestamp":"2026-08-02 16:29:08","level":"INFO","logger":"com.alif.analytics.aspects.LoggingAndPerformanceAspect","message":"â± Execution time: 151 ms"}{"timestamp":"2026-08-02 16:29:08","level":"INFO","logger":"com.alif.analytics.aspects.LoggingAndPerformanceAspect","message":"âž¡ï¸ Entering method: JwtUtil.generateJwtToken(..)"}{"timestamp":"2026-08-02 16:29:08","level":"INFO","logger":"com.alif.analytics.aspects.LoggingAndPerformanceAspect","message":"ðŸ“¥ Arguments: [UsernamePasswordAuthenticationToken [Principal=com.alif.analytics.entity.JobPortalUser@8a77c45, Credentials=[PROTECTED], Authenticated=true, Details=null, Granted Authorities=[ROLE_ADMIN]]]"}{"timestamp":"2026-08-02 16:29:08","level":"INFO","logger":"com.alif.analytics.aspects.LoggingAndPerformanceAspect","message":"âœ… Method executed successfully: JwtUtil.generateJwtToken(..)"}{"timestamp":"2026-08-02 16:29:08","level":"INFO","logger":"com.alif.analytics.aspects.LoggingAndPerformanceAspect","message":"â± Execution time: 145 ms"}{"timestamp":"2026-08-02 16:29:08","level":"INFO","logger":"com.alif.analytics.aspects.LoginSuccessAuditAspect","message":"âœ… LOGIN SUCCESS | User: admin@gmail.com | Role: ROLE_ADMIN"}{"timestamp":"2026-08-02 16:29:08","level":"INFO","logger":"com.alif.analytics.aspects.LoggingAndPerformanceAspect","message":"âœ… Method executed successfully: AuthController.apiLogin(..)"}{"timestamp":"2026-08-02 16:29:08","level":"INFO","logger":"com.alif.analytics.aspects.LoggingAndPerformanceAspect","message":"â± Execution time: 298 ms"}{"timestamp":"2026-08-02 16:29:19","level":"INFO","logger":"com.alif.analytics.aspects.LoggingAndPerformanceAspect","message":"âž¡ï¸ Entering method: GlobalExceptionHandler.handleException(..)"}{"timestamp":"2026-08-02 16:29:19","level":"INFO","logger":"com.alif.analytics.aspects.LoggingAndPerformanceAspect","message":"ðŸ“¥ Arguments: [org.springframework.web.servlet.resource.NoResourceFoundException: No static resource api/auth/logout for request '/api/auth/logout'., ServletWebRequest: uri=/api/auth/logout;client=0:0:0:0:0:0:0:1;user=admin@gmail.com]"}{"timestamp":"2026-08-02 16:29:19","level":"INFO","logger":"com.alif.analytics.aspects.LoggingAndPerformanceAspect","message":"âœ… Method executed successfully: GlobalExceptionHandler.handleException(..)"}{"timestamp":"2026-08-02 16:29:19","level":"INFO","logger":"com.alif.analytics.aspects.LoggingAndPerformanceAspect","message":"â± Execution time: 2 ms"}{"timestamp":"2026-08-02 16:29:19","level":"WARN","logger":"org.springframework.web.servlet.mvc.method.annotation.ExceptionHandlerExceptionResolver","message":"Resolved [org.springframework.web.servlet.resource.NoResourceFoundException: No static resource api/auth/logout for request '/api/auth/logout'.]"}{"timestamp":"2026-08-02 17:33:07","level":"INFO","logger":"org.springframework.boot.tomcat.GracefulShutdown","message":"Commencing graceful shutdown. Waiting for active requests to complete"}{"timestamp":"2026-08-02 17:33:08","level":"INFO","logger":"org.springframework.boot.tomcat.GracefulShutdown","message":"Graceful shutdown complete"}{"timestamp":"2026-08-02 17:33:08","level":"INFO","logger":"org.springframework.orm.jpa.LocalContainerEntityManagerFactoryBean","message":"Closing JPA EntityManagerFactory for persistence unit 'default'"}{"timestamp":"2026-08-02 17:33:08","level":"INFO","logger":"com.zaxxer.hikari.HikariDataSource","message":"HikariPool-1 - Shutdown initiated..."}{"timestamp":"2026-08-02 17:33:08","level":"INFO","logger":"com.zaxxer.hikari.HikariDataSource","message":"HikariPool-1 - Shutdown completed."}